factory_name,factory_type,factory_priority,management_employees,number_of_machines,production_capacity_yearly_in_dozen,principal_exportable_products,factory_location,factiry_location_in_city,factory_location_in_town,year_of_establishment,products_list,production_capacity_yearly_pieces,capacity_category,factory_age,employees_per_machine,productivity_pieces_per_machine,num_products,produces_t-shirt,produces_shirt,produces_pants,produces_jacket,produces_polo_shirt,produces_sweater
1st & Fair Fashion Wear Pvt. Ltd.,Woven,5.0,180.0,100,100000.0,"Shirts ,Pants","Holding # 2059, Joy Bangla Road, National University, Gazipur, Joydevpur",Gazipur,Joydevpur,2015,"['Shirts', 'Pants']",1200000.0,Very Large,10,1.8,12000.0,2,0,0,1,0,0,0
3A Fashions Ltd.,Knit,5.0,350.0,114,600000.0,"T-Shirts ,Polo Shirts","Khejur Bagar, Baro Ashulia, Dhaka, Savar",Dhaka,Savar,2010,"['T-Shirts', 'Polo Shirts']",7200000.0,Very Large,15,3.0701754385964914,63157.89473684211,2,0,0,0,0,0,0
3M Composite Ltd.,Knit,5.0,250.0,116,100000.0,"T-Shirts ,Polo Shirts","Lithe Complex, Asian High Way, Shanarpar, Narayanganj, Siddirganj",Narayanganj,Siddirganj,2009,"['T-Shirts', 'Polo Shirts']",1200000.0,Very Large,16,2.1551724137931036,10344.827586206897,2,0,0,0,0,0,0
3N Fashion (BD) Ltd.,Knit,5.0,250.0,263,20000.0,"Shirts ,Pants ,T-Shirts ,Polo Shirts","Plot # 2924,2925,2939,2940, (Chairman Plaza) Dakkhin Khan Bazar, Dhaka, Dakkhin Khan",Dhaka,Dakkhin Khan,2014,"['Shirts', 'Pants', 'T-Shirts', 'Polo Shirts']",240000.0,Large,11,0.9505703422053232,912.5475285171103,4,0,0,1,0,0,0
3S International Ltd.,Knit,5.0,65.0,52,75000.0,"T-Shirts ,Polo Shirts","144/1, Alubdi (Ground & 1St Floor), Pallobi, Dhaka, Mirpur-12",Dhaka,Mirpur-12,2015,"['T-Shirts', 'Polo Shirts']",900000.0,Large,10,1.25,17307.69230769231,2,0,0,0,0,0,0
4 Star Fashions Ltd.,Sweater,5.0,582.0,409,60000.0,Sweaters,"385/1, East Rampura (6Th Floor), Dhaka, Rampura",Dhaka,Rampura,1998,['Sweaters'],720000.0,Large,27,1.4229828850855746,1760.3911980440098,1,0,0,0,0,0,0
4 You Clothing Ltd.,Woven,5.0,440.0,162,8000.0,"Shirts ,Blouses ,Trousers","167/1, Senpara Parbata, Section # 10, Dhaka, Mirpur",Dhaka,Mirpur,1999,"['Shirts', 'Blouses', 'Trousers']",96000.0,Medium,26,2.7160493827160495,592.5925925925926,3,0,0,0,0,0,0
4 Z Apparels,Woven,1.0,1.0,270,350000.0,"Shirt ,Pant ,T-shirt ,Polo shirt","Master Bari Road, Beraider Chala, Sreepur, Gazipur, Gazipur",Gazipur,Gazipur,2023,"['Shirt', 'Pant', 'T-shirt', 'Polo shirt']",4200000.0,Very Large,2,0.003703703703703704,15555.555555555555,4,0,1,0,0,0,0
4A Yarn Dyeing Ltd.,Sweater,5.0,721.0,1100,60000.0,"Sweaters ,Pullovers ,Cardigans","Kaichabari, Banshbari, Depz Road, Dhaka, Savar",Dhaka,Savar,2007,"['Sweaters', 'Pullovers', 'Cardigans']",720000.0,Large,18,0.6554545454545454,654.5454545454545,3,0,0,0,0,0,0
4S-Park Style Ltd.,Knit,5.0,489.0,278,100000.0,"T-Shirts ,Polo Shirts ,Sleep Boxer ,Sweet Shirts","Durgapur, Ashulia, Dhaka, Savar",Dhaka,Savar,2008,"['T-Shirts', 'Polo Shirts', 'Sleep Boxer', 'Sweet Shirts']",1200000.0,Very Large,17,1.7589928057553956,4316.546762589928,4,0,0,0,0,0,0
5F Apparels Ltd.,Woven,1.0,4.0,185,84000.0,"Shirt ,Pant ,Jacket ,Trouser","Zirabo, Ashulia, Savar, Ashulia, Dhaka",Ashulia,Dhaka,2016,"['Shirt', 'Pant', 'Jacket', 'Trouser']",1008000.0,Very Large,9,0.021621621621621623,5448.648648648648,4,0,1,0,1,0,0
9 Star Apparels Inds. Ltd.,Woven,5.0,255.0,165,208000.0,"Caps ,Hats","Plot # 56, Vatulia, House # 116, Nurani Madrasa Road # 5, Dhaka, Turag",Dhaka,Turag,2014,"['Caps', 'Hats']",2496000.0,Very Large,11,1.5454545454545454,15127.272727272728,2,0,0,0,0,0,0
A & A Fashion Sweaters Ltd.,Sweater,5.0,700.0,300,72000.0,Sweaters,"Naljani (Wireless Gate), Gazipur","Naljani (Wireless Gate),",Gazipur,2004,['Sweaters'],864000.0,Large,21,2.3333333333333335,2880.0,1,0,0,0,0,0,0
A & A Trousers Ltd.,Knit,5.0,800.0,518,156000.0,"Ladies Blouses ,Men's Pants ,Denim Jackets ,T-Shirts","Haribari Tak, Pubail College Gate, Gazipur, Sadar",Gazipur,Sadar,2008,"['Ladies Blouses', 'Mens Pants', 'Denim Jackets', 'T-Shirts']",1872000.0,Very Large,17,1.5444015444015444,3613.899613899614,4,0,0,0,0,0,0
A & B Design & Fashion (Pvt.) Ltd.,Sweater,5.0,0.0,141,20800.0,Sweater,"Kalma, Dairy Farm, Dhaka, Savar",Dhaka,Savar,2016,['Sweater'],249600.0,Large,9,0.0,1770.212765957447,1,0,0,0,0,0,1
A J Fashions Ltd.,Woven,5.0,831.0,658,75000.0,"Padding Jackets ,Shorts ,Fleece Tops ,Pants","234/4, Kachukhet, Dhaka, Cantonment",Dhaka,Cantonment,2000,"['Padding Jackets', 'Shorts', 'Fleece Tops', 'Pants']",900000.0,Large,25,1.262917933130699,1367.7811550151976,4,0,0,1,0,0,0
A Line Sport Ltd.,Woven,1.0,250.0,166,1050000.0,"Shirt ,Pant ,T-Shirt ,Polo Shirt","Plot # 22, Rajabari, Nishatnagar-1711, Turag, Dhaka, Dhaka",Dhaka,Dhaka,2022,"['Shirt', 'Pant', 'T-Shirt', 'Polo Shirt']",12600000.0,Very Large,3,1.5060240963855422,75903.61445783133,4,1,1,0,0,1,0
A One Dress Makers Ltd.,Knit,5.0,400.0,180,120000.0,"Shirts ,Pants ,Skirts","1703, Rayerbagh, Dania, Dhaka, Shampur",Dhaka,Shampur,2006,"['Shirts', 'Pants', 'Skirts']",1440000.0,Very Large,19,2.2222222222222223,8000.0,3,0,0,1,0,0,0
A Plus Industries Ltd.,Woven,5.0,1900.0,1276,720000.0,"Shirts ,Sweaters","Plot # 28, Section # 7, Dhaka, Dhaka",Dhaka,Dhaka,2006,"['Shirts', 'Sweaters']",8640000.0,Very Large,19,1.4890282131661443,6771.159874608151,2,0,0,0,0,0,0
A Plus Sweater Ltd.,Sweater,5.0,777.0,1318,1800000.0,Sweater,"Sarifpur Road, Maleker Bari, National University, Gazipur, Gazipur",Gazipur,Gazipur,2013,['Sweater'],21600000.0,Very Large,12,0.5895295902883156,16388.46737481032,1,0,0,0,0,0,1
A S Fashion House,Knit,1.0,140.0,100,350000.0,"T-Shirt ,Polo Shirt ,Jacket ,Payjama","Mouchak, Kaliakair, Gazipur, Gazipur",Gazipur,Gazipur,2022,"['T-Shirt', 'Polo Shirt', 'Jacket', 'Payjama']",4200000.0,Very Large,3,1.4,42000.0,4,1,0,0,1,1,0
A.B. Sweater Inds. (BD) Ltd.,Sweater,5.0,240.0,260,36000.0,Sweaters,"Khadun, Tarabo Pouroshava, Rupganj, Narayanganj, Narayangonj",Narayanganj,Narayangonj,2008,['Sweaters'],432000.0,Large,17,0.9230769230769231,1661.5384615384614,1,0,0,0,0,0,0
A.B.M. Fashions Ltd.,Woven,5.0,900.0,400,130000.0,"Trousers ,Overalls ,Children Wears ,Uniforms","Holding # 1143, 1145, Konabari, Gazipur, Kashimpur",Gazipur,Kashimpur,1992,"['Trousers', 'Overalls', 'Children Wears', 'Uniforms']",1560000.0,Very Large,33,2.25,3900.0,4,0,0,0,0,0,0
A.G. Dresses Limited.,Woven,5.0,505.0,219,100000.0,"Shirts ,Trousers","Plot # 9, Block - C, Tongi I/A, Himardighi, Gazipur, Tongi",Gazipur,Tongi,1992,"['Shirts', 'Trousers']",1200000.0,Very Large,33,2.3059360730593608,5479.45205479452,2,0,0,0,0,0,0
A.J. Super Garments Ltd.,Woven,5.0,2633.0,1280,310000.0,"Shirts ,Pants ,Trousers ,Shorts","Goshbagh (1St - 6Th Floor), Zirabo, Ashulia, Dhaka, Savar",Dhaka,Savar,2005,"['Shirts', 'Pants', 'Trousers', 'Shorts']",3720000.0,Very Large,20,2.05703125,2906.25,4,0,0,1,0,0,0
A.K. Khan & Co. Ltd.(Garments Div),Woven,5.0,850.0,375,100000.0,Ladies Shirts,"Kalurghat Heavy Industrial Area, Chittagong, Kalurghat",Chittagong,Kalurghat,1986,['Ladies Shirts'],1200000.0,Very Large,39,2.2666666666666666,3200.0,1,0,0,0,0,0,0
A.K.J. Fashions Fabrics Ltd.,Woven,5.0,250.0,83,60000.0,"Trousers ,Jackets ,Overalls ,Pants","Plot # 15-16, Road # 4, Section # 7, Dhaka, Mirpur",Dhaka,Mirpur,2005,"['Trousers', 'Jackets', 'Overalls', 'Pants']",720000.0,Large,20,3.0120481927710845,8674.698795180722,4,0,0,1,0,0,0
A.K.M. Knit Wear Ltd.,Woven,5.0,16815.0,6500,1950000.0,"Pants ,Trousers ,Jackets ,Rumpers","14, Gedda, Conpara, Ulail, Dhaka, Savar",Dhaka,Savar,2001,"['Pants', 'Trousers', 'Jackets', 'Rumpers']",23400000.0,Very Large,24,2.586923076923077,3600.0,4,0,0,1,0,0,0
A.M. Design Ltd.,Woven,5.0,990.0,1038,240000.0,"Ladies Dress ,Jackets ,Skirts ,Trousers","Diakhali, Baron, Zirabo, Ashulia, Dhaka, Savar",Dhaka,Savar,2005,"['Ladies Dress', 'Jackets', 'Skirts', 'Trousers']",2880000.0,Very Large,20,0.953757225433526,2774.566473988439,4,0,0,0,0,0,0
A.M. Fashion,Sweater,5.0,200.0,70,4800.0,Sweater,"Mazukhan, Harbide, Gaibandha, B. Baria",Gaibandha,B. Baria,2016,['Sweater'],57600.0,Medium,9,2.857142857142857,822.8571428571429,1,0,0,0,0,0,1
A.N. Sweaters Ltd.,Sweater,5.0,350.0,250,36000.0,Sweaters,"Plot # 6594-95, South Halishahar, Chittagong","Plot # 6594-95, South Halishahar",Chittagong,2003,['Sweaters'],432000.0,Large,22,1.4,1728.0,1,0,0,0,0,0,0
A.N.B. Fashion Ltd.,Woven,1.0,207.0,141,100000.0,"Shirt ,Pant ,Jacket ,T-Shirt","Delux House (3Rd & 4Th Floor), 209/227 Kulgaon, Baluchara, Baizid Bostami, Chittagong, Chittagong",Chittagong,Chittagong,2022,"['Shirt', 'Pant', 'Jacket', 'T-Shirt']",1200000.0,Very Large,3,1.4680851063829787,8510.63829787234,4,1,1,0,1,0,0
A.R. Khan Sizing & Fabrics Ltd.,Sweater,5.0,0.0,0,0.0,Sweaters,"South Silimandi, Narsingdi, Panchdona",Narsingdi,Panchdona,2004,['Sweaters'],0.0,,21,0.0,0.0,1,0,0,0,0,0,0
A.R.B. Knitting & Dyeing Inds. Ltd.,Knit,5.0,350.0,130,330000.0,"T-Shirts ,Polo Shirts ,Fleece Shirts","Dewan Idris Road, Zirabo, Dhaka, Savar",Dhaka,Savar,2008,"['T-Shirts', 'Polo Shirts', 'Fleece Shirts']",3960000.0,Very Large,17,2.6923076923076925,30461.53846153846,3,0,0,0,0,0,0
A.S. Garments & Textiles Ltd.,Woven,5.0,320.0,270,50000.0,"Pants ,Jackets ,Trousers ,Skirts","109, Goran, Dhaka, Shabujbagh",Dhaka,Shabujbagh,2000,"['Pants', 'Jackets', 'Trousers', 'Skirts']",600000.0,Large,25,1.1851851851851851,2222.222222222222,4,0,0,1,0,0,0
A.S.R. Apparels Ltd.,Woven,5.0,138.0,75,216000.0,"T-shirts ,Cripper","768, Dit Road, Chittagong, Double Mooring",Chittagong,Double Mooring,1998,"['T-shirts', 'Cripper']",2592000.0,Very Large,27,1.84,34560.0,2,0,0,0,0,0,0
A.S.T Garments Ltd.,Woven,1.0,300.0,245,14000.0,"Shirt ,Pant ,Jacket ,T-Shirt","Shahalam Bhaban (3Rd Floor), Painadi Notun Mohalla, Chittagong Road, Siddirgonj, Narayangonj, Narayangonj",Narayangonj,Narayangonj,2021,"['Shirt', 'Pant', 'Jacket', 'T-Shirt']",168000.0,Large,4,1.2244897959183674,685.7142857142857,4,1,1,0,1,0,0
A.T.S. Apparels Ltd.,Knit,5.0,1200.0,600,320000.0,"Shirts ,Pants ,Payjama ,Shorts","414, Kochakuri, Talirchala, Mouchak, Gazipur, Kaliakoir",Gazipur,Kaliakoir,2005,"['Shirts', 'Pants', 'Payjama', 'Shorts']",3840000.0,Very Large,20,2.0,6400.0,4,0,0,1,0,0,0
A.Z. Stitch Ltd.,Sweater,5.0,400.0,240,34000.0,Sweaters,"Gabindapur, Ujampur, Uttar Khan, Dhaka, Uttara",Dhaka,Uttara,2009,['Sweaters'],408000.0,Large,16,1.6666666666666667,1700.0,1,0,0,0,0,0,0
A4B Wears Ltd.,Knit,5.0,175.0,235,850000.0,"Denim Shorts ,Denim Jackets ,T-Shirts","123, Dewanhat, Chittagong, Double Mooring",Chittagong,Double Mooring,2006,"['Denim Shorts', 'Denim Jackets', 'T-Shirts']",10200000.0,Very Large,19,0.7446808510638298,43404.255319148935,3,0,0,0,0,0,0
AA & S International Ltd.,Sweater,1.0,430.0,180,156000.0,Sweater,"Plot # 81-82, Building # A, Satarkul Road, North Badda, Dhaka, Dhaka",Dhaka,Dhaka,2022,['Sweater'],1872000.0,Very Large,3,2.388888888888889,10400.0,1,0,0,0,0,0,1
AA Knit Fashion,Knit,1.0,1.0,100,350000.0,"T-Shirt ,Polo Shirt ,Jacket ,Pyjama","Mouchak, Kaliakair, Gazipur, Gazipur, Gazipur",Gazipur,Gazipur,2022,"['T-Shirt', 'Polo Shirt', 'Jacket', 'Pyjama']",4200000.0,Very Large,3,0.01,42000.0,4,1,0,0,1,1,0
Aanytex Limited,Knit,5.0,200.0,84,10000.0,"T-Shirts ,Polo Shirts","Ch Plot # 1260, Harirampur, Turag, Dhaka, Dhaka",Dhaka,Dhaka,2010,"['T-Shirts', 'Polo Shirts']",120000.0,Large,15,2.380952380952381,1428.5714285714287,2,0,0,0,0,0,0
AB Apparels Ltd.,Woven,5.0,2400.0,1400,1625000.0,"Shirts ,Pants","225, Singair Road, Hemayetpur, Dhaka, Savar",Dhaka,Savar,2015,"['Shirts', 'Pants']",19500000.0,Very Large,10,1.7142857142857142,13928.57142857143,2,0,0,1,0,0,0
AB Fashion Maker,Woven,5.0,190.0,100,8000.0,"Shirts ,Pants","Digirchala,, Chandana Chowrasta, Gazipur, Chandana",Gazipur,Chandana,2014,"['Shirts', 'Pants']",96000.0,Medium,11,1.9,960.0,2,0,0,1,0,0,0
AB Mart Fashionwear Ltd.,Knit,5.0,1050.0,505,16666.0,"Jackets ,T-Shirts ,Polo Shirts","786, Kakil Satiash Borodawra, 13/3, Purbapara, Mudafa, Tongi, Gazipur, Gazipur",Gazipur,Gazipur,2007,"['Jackets', 'T-Shirts', 'Polo Shirts']",199992.0,Large,18,2.0792079207920793,396.02376237623764,3,0,0,0,0,0,0
ABA Fashions Ltd.,Woven,5.0,1150.0,520,200000.0,"Sports & Casual Wear ,Trousers ,Shorts ,Jackets","Sena Kalyan Comm. Complex (6Th Floor), Plot # 9, Block-F, Gazipur, Tongi",Gazipur,Tongi,1999,"['Sports  Casual Wear', 'Trousers', 'Shorts', 'Jackets']",2400000.0,Very Large,26,2.2115384615384617,4615.384615384615,4,0,0,0,0,0,0
ABA Garments Ltd.,Woven,5.0,1050.0,396,210000.0,"Jackets ,Trousers ,Shorts ,Vests","Sena Kalyan Comm. Complex (6Th & 8Th Floor), Plot # 9, Block-F, Gazipur, Tongi",Gazipur,Tongi,1993,"['Jackets', 'Trousers', 'Shorts', 'Vests']",2520000.0,Very Large,32,2.6515151515151514,6363.636363636364,4,0,0,0,0,0,0
Ababil Knit Composite Ltd.,Knit,5.0,350.0,112,260000.0,"T-Shirts ,Polo Shirts","A/6, Bscic, Shasongaon, Narayanganj, Fatullah",Narayanganj,Fatullah,2014,"['T-Shirts', 'Polo Shirts']",3120000.0,Very Large,11,3.125,27857.14285714286,2,0,0,0,0,0,0
Abanti Colour Tex. Ltd.,Knit,5.0,1084.0,650,900000.0,"T-Shirts ,Polo Shirts","Plot # S.A.-646, Shashangaon, Narayanganj, Fatullah",Narayanganj,Fatullah,2004,"['T-Shirts', 'Polo Shirts']",10800000.0,Very Large,21,1.6676923076923076,16615.384615384617,2,0,0,0,0,0,0
ABC Garments Ltd,Woven,5.0,600.0,300,340000.0,"Jackets ,Shorts ,Trousers ,Windbreakers","26, Mirpur Road, Dhaka, Mirpur Road",Dhaka,Mirpur Road,1984,"['Jackets', 'Shorts', 'Trousers', 'Windbreakers']",4080000.0,Very Large,41,2.0,13600.0,4,0,0,0,0,0,0
ABC Knit Dyeing & Finishing Mills Ltd.,Knit,5.0,861.0,485,385000.0,"T-Shirts ,Polo Shirts ,Tank Top","Plot # 1, 3 & 5, Road # 14/A, Kadamtoli, Dhaka, Shampur",Dhaka,Shampur,2008,"['T-Shirts', 'Polo Shirts', 'Tank Top']",4620000.0,Very Large,17,1.7752577319587628,9525.773195876289,3,0,0,0,0,0,0
Abedin Garments Ltd.,Woven,5.0,1900.0,1425,316667.0,"Shirts ,Babies Trousers ,Girls Dress ,Dresses","228/A, Tejgaon, Industrial Area, Dhaka, B. Baria",Dhaka,B. Baria,1985,"['Shirts', 'Babies Trousers', 'Girls Dress', 'Dresses']",3800004.0,Very Large,40,1.3333333333333333,2666.6694736842105,4,0,0,0,0,0,0
ABG Sweaters Ltd.,Sweater,5.0,310.0,300,35000.0,Sweaters,"Teknogopara, Chanda Chourasta, Gazipur, Gazipur Sadar",Gazipur,Gazipur Sadar,2008,['Sweaters'],420000.0,Large,17,1.0333333333333334,1400.0,1,0,0,0,0,0,0
Abir Fashions,Knit,1.0,30.0,893,83340.0,"T-Shirts ,Polo Shirts ,Tank Tops ,Jacket","Plot # 44, Road # 2, Kutubail, (Post Office Road), Fatullah, Narayanganj, Narayanganj, Narayangonj",Narayanganj,Narayangonj,2001,"['T-Shirts', 'Polo Shirts', 'Tank Tops', 'Jacket']",1000080.0,Very Large,24,0.0335946248600224,1119.9104143337065,4,0,0,0,1,0,0
Abloom Design Ltd.,Knit,5.0,550.0,227,500000.0,"T-Shirts ,Polo Shirts","37, South Sastapur, Narayanganj, Fatullah",Narayanganj,Fatullah,2014,"['T-Shirts', 'Polo Shirts']",6000000.0,Very Large,11,2.4229074889867843,26431.718061674008,2,0,0,0,0,0,0
Ably Garments Ltd.,Knit,5.0,326.0,150,60000.0,"Jackets ,Dresses ,Pants ,Tops","Jbc Shopping Centre (4Th Floor), 22-23, Station Road, Chittagong","Jbc Shopping Centre (4Th Floor), 22-23, Station Road",Chittagong,1992,"['Jackets', 'Dresses', 'Pants', 'Tops']",720000.0,Large,33,2.1733333333333333,4800.0,4,0,0,1,0,0,0
Aboni Fashions Ltd.,Woven,5.0,489.0,175,60000.0,"Shirts ,Blouses","Plot # 23-24, Tetuljhora, Hemayetpur, Dhaka, Savar",Dhaka,Savar,2000,"['Shirts', 'Blouses']",720000.0,Large,25,2.7942857142857145,4114.285714285715,2,0,0,0,0,0,0
Aboni Knit Wear Ltd.,Knit,5.0,0.0,69,0.0,Unknown,"160-171, Tetulgora, Hemayetpur, Dhaka, Savar",Dhaka,Savar,2001,[],0.0,,24,0.0,0.0,0,0,0,0,0,0,0
Absolute Quality Wear Limited,Woven,5.0,0.0,258,150000.0,"Outerwear ,Jackets and Uniform","M-15 & M-18, Section # 14, Dhaka, B. Baria",Dhaka,B. Baria,1997,"['Outerwear', 'Jackets and Uniform']",1800000.0,Very Large,28,0.0,6976.7441860465115,2,0,0,0,0,0,0
ABSS High-Tech Sweater Ltd.,Sweater,5.0,1040.0,550,200000.0,Sweaters,"Kalemeshar, Bord Bazar, Gazipur, National University",Gazipur,National University,2012,['Sweaters'],2400000.0,Very Large,13,1.8909090909090909,4363.636363636364,1,0,0,0,0,0,0
Achieve Fashion Ltd.,Woven,5.0,700.0,450,150000.0,"Shirts ,Pants","House # 39, Lane # 1, Yeasuddin Road, Noyapara, Dhaka, Dakkhin Khan",Dhaka,Dakkhin Khan,2016,"['Shirts', 'Pants']",1800000.0,Very Large,9,1.5555555555555556,4000.0,2,0,0,1,0,0,0
ACME Apparels (Pvt) Ltd.,Knit,5.0,200.0,100,120000.0,"T-Shirts ,Boxer Shorts ,Bikini Briefs","Cepz Lane, Omarshah Para, South Middle Halishahar, Chittagong, Bandar",Chittagong,Bandar,1995,"['T-Shirts', 'Boxer Shorts', 'Bikini Briefs']",1440000.0,Very Large,30,2.0,14400.0,3,0,0,0,0,0,0
Active Composite Mills Ltd.,Knit,5.0,690.0,244,300000.0,"T-Shirts ,Polo Shirts ,Kids Items","Dewan Idris Road, Zirabo, Ashulia, Dhaka, Savar",Dhaka,Savar,2002,"['T-Shirts', 'Polo Shirts', 'Kids Items']",3600000.0,Very Large,23,2.8278688524590163,14754.098360655738,3,0,0,0,0,0,0
Active Stitch Ltd.,Knit,5.0,265.0,189,200000.0,"Jersey ,Pants ,T-Shirts ,Polo Shirts","25-26, Posgola I/A, Dastagir Market-2, Dhaka, Postagola",Dhaka,Postagola,2010,"['Jersey', 'Pants', 'T-Shirts', 'Polo Shirts']",2400000.0,Very Large,15,1.402116402116402,12698.412698412698,4,0,0,1,0,0,0
Actor Sporting Limited,Woven,5.0,0.0,0,0.0,Caps,"Sfb-1 (2Nd Floor), Depz, Ganokbari, Dhaka, Savar",Dhaka,Savar,1995,['Caps'],0.0,,30,0.0,0.0,1,0,0,0,0,0,0
Adams Apparels Ltd.,Woven,5.0,450.0,320,150000.0,"Basic Denim ,Cargo Shorts ,Overalls ,Jackets","Etda Bhaban, Plot # I/15-18, Lane-6, Block-D, Shahid Bag, Section-12, Dhaka, Mirpur",Dhaka,Mirpur,2007,"['Basic Denim', 'Cargo Shorts', 'Overalls', 'Jackets']",1800000.0,Very Large,18,1.40625,5625.0,4,0,0,0,0,0,0
Adhunik Poshak Shilpa Ltd.,Woven,5.0,1868.0,150,45000.0,"Shirts ,Jackets ,Pants ,Shorts","Civil Engineers Towers, Industrial Plot # 1, Block - E, Avenue # 1, Section # 11, Dhaka, Mirpur",Dhaka,Mirpur,1994,"['Shirts', 'Jackets', 'Pants', 'Shorts']",540000.0,Large,31,12.453333333333333,3600.0,4,0,0,1,0,0,0
Adila Apparels,Woven,5.0,0.0,153,420000.0,"T-Shirts ,Underwears ,Panties ,Bra","Eshak Shopping Complex (1St Fl), 212, Baizid Bostami, Chittagong, Chittagong",Chittagong,Chittagong,2008,"['T-Shirts', 'Underwears', 'Panties', 'Bra']",5040000.0,Very Large,17,0.0,32941.17647058824,4,0,0,0,0,0,0
Aditi Apparels Ltd.,Woven,5.0,313.0,160,80000.0,"Padding Jackets ,Children Wears ,Long Pants","26/A/B, 2Nd Colony, Section # 1, Dhaka, Mirpur",Dhaka,Mirpur,1992,"['Padding Jackets', 'Children Wears', 'Long Pants']",960000.0,Large,33,1.95625,6000.0,3,0,0,0,0,0,0
Aditto Fashion Ltd.,Knit,5.0,186.0,126,998410.0,"Shirts ,Pants ,T-Shirts ,Polo Shirts","228/7, Dighirchala, Gazipur, Chandana",Gazipur,Chandana,2014,"['Shirts', 'Pants', 'T-Shirts', 'Polo Shirts']",11980920.0,Very Large,11,1.4761904761904763,95086.66666666667,4,0,0,1,0,0,0
Adorn Fashions Ltd.,Sweater,5.0,450.0,350,50000.0,Sweaters,"228/7, Dighi Chala, Chandona Chowrasta, Gazipur, Chandana",Gazipur,Chandana,2010,['Sweaters'],600000.0,Large,15,1.2857142857142858,1714.2857142857142,1,0,0,0,0,0,0
Adorn Knitwear Ltd.,Knit,5.0,433.0,255,150000.0,"T-Shirts ,Polo Shirts ,Tank Tops","42, Chowrangi Super Market (4Th Fl), Savar Bazar, Dhaka, Savar",Dhaka,Savar,2007,"['T-Shirts', 'Polo Shirts', 'Tank Tops']",1800000.0,Very Large,18,1.6980392156862745,7058.823529411765,3,0,0,0,0,0,0
Adury Apparels Ltd.,Knit,5.0,2600.0,1000,1466000.0,"T-Shirts ,Polo Shirts ,Tank Top","Karardi, Narsingdi, Shibpur",Narsingdi,Shibpur,2006,"['T-Shirts', 'Polo Shirts', 'Tank Top']",17592000.0,Very Large,19,2.6,17592.0,3,0,0,0,0,0,0
Advance Attire Ltd.,Woven,5.0,650.0,0,375000.0,"Shirts ,Bottoms ,Pant ,Jacket","25/2, Shah Ali Bagh (4Th & 5Th Floor), Mirpur-1, Dhaka, Dhaka",Dhaka,Dhaka,2007,"['Shirts', 'Bottoms', 'Pant', 'Jacket']",4500000.0,Very Large,18,0.0,0.0,4,0,0,0,1,0,0
Advance Design,Knit,5.0,550.0,150,130000.0,"Jackets ,Pants ,T-Shirts","5, Sujat Nagar (7Th & 8Th Fl), Section # 12, Pallabi, Dhaka, Mirpur",Dhaka,Mirpur,2011,"['Jackets', 'Pants', 'T-Shirts']",1560000.0,Very Large,14,3.6666666666666665,10400.0,3,0,0,1,0,0,0
Advance Sweater Industry Ltd.,Sweater,5.0,900.0,700,80000.0,Sweaters,"70/3, Chandana, Gazipur, Joydevpur",Gazipur,Joydevpur,2003,['Sweaters'],960000.0,Large,22,1.2857142857142858,1371.4285714285713,1,0,0,0,0,0,0
Advance World Ltd.,Knit,5.0,380.0,262,300000.0,"T-Shirts ,Polo Shirts ,Single Jersey","Shiachar, Lal Khan, Narayanganj, Fatullah",Narayanganj,Fatullah,2007,"['T-Shirts', 'Polo Shirts', 'Single Jersey']",3600000.0,Very Large,18,1.450381679389313,13740.458015267175,3,0,0,0,0,0,0
Adventure Garments Ltd.,Woven,1.0,0.0,0,0.0,Unknown,"Sarabo, Kashimpur, Gazipur, Gazipur, Gazipur",Gazipur,Gazipur,2021,[],0.0,,4,0.0,0.0,0,0,0,0,0,0,0
AFCO Abedin Garments Ltd.,Woven,5.0,350.0,186,80000.0,"Pants ,Trousers ,Overalls ,Shorts","House # 84, New Airport Road, Dhaka, Banani",Dhaka,Banani,1985,"['Pants', 'Trousers', 'Overalls', 'Shorts']",960000.0,Large,40,1.881720430107527,5161.290322580645,4,0,0,1,0,0,0
Affan Composite Ltd.,Woven,5.0,1250.0,729,260000.0,"Shirts ,Pants","Kashizuli, Vitipara, Bormi, Gazipur, Sreepur",Gazipur,Sreepur,2016,"['Shirts', 'Pants']",3120000.0,Very Large,9,1.7146776406035664,4279.835390946502,2,0,0,1,0,0,0
Afifa Apparels Ltd.,Woven,1.0,3.0,264,95000.0,"Shirt ,Pant ,Jacket ,T-Shirt","7, Sahid Kazi Nazrul Islam Sharak, Tikatuli, Hatkhola, Dhaka, Dhaka",Dhaka,Dhaka,2021,"['Shirt', 'Pant', 'Jacket', 'T-Shirt']",1140000.0,Very Large,4,0.011363636363636364,4318.181818181818,4,1,1,0,1,0,0
Afrah Dresses Ltd.,Woven,5.0,497.0,350,100000.0,"Jackets ,Pants ,Skirts","Cda Market, 75/B, Sagorica Complex, Chittagong, Pahartoli",Chittagong,Pahartoli,2005,"['Jackets', 'Pants', 'Skirts']",1200000.0,Very Large,20,1.42,3428.5714285714284,3,0,0,1,0,0,0
Aftab Garments Ltd.,Knit,5.0,0.0,0,650000.0,"T-Shirts ,Polo Shirts","Vannara, Mouchak, Gazipur, Kaliakoir",Gazipur,Kaliakoir,2009,"['T-Shirts', 'Polo Shirts']",7800000.0,Very Large,16,0.0,0.0,2,0,0,0,0,0,0
Aftabunnesa Garments Ltd.,Knit,5.0,419.0,297,1000000.0,"Shirts ,Pants ,T-Shirts ,Polo Shirts","Moghal Nagar Waskuruni Road, Dhaka, Jatrabari",Dhaka,Jatrabari,2010,"['Shirts', 'Pants', 'T-Shirts', 'Polo Shirts']",12000000.0,Very Large,15,1.4107744107744107,40404.0404040404,4,0,0,1,0,0,0
Aftabunnesa Textiles Ltd.,Woven,5.0,450.0,215,80000.0,"Shirts ,Pants ,Trousers","Moghal Nagar, Waskuruni Road, Dhaka, Demra",Dhaka,Demra,2009,"['Shirts', 'Pants', 'Trousers']",960000.0,Large,16,2.0930232558139537,4465.116279069767,3,0,0,1,0,0,0
AG's Apparels Ltd,Woven,5.0,450.0,176,104000.0,"Ladies Shirts ,Fashion Wears ,Infants Wears ,Uniforms","Sat Masjid Super Market (2Nd Floor), Plot # Gha, Block # D, Dhaka, Mohammadpur",Dhaka,Mohammadpur,1985,"['Ladies Shirts', 'Fashion Wears', 'Infants Wears', 'Uniforms']",1248000.0,Very Large,40,2.5568181818181817,7090.909090909091,4,0,0,0,0,0,0
Agami Apparels Ltd.,Woven,5.0,243.0,205,41600.0,"Shirts ,Jackets ,Pants","62, Kathgara, Bishmail, Zirabo Road, Ashulia, Dhaka, Savar",Dhaka,Savar,1993,"['Shirts', 'Jackets', 'Pants']",499200.0,Large,32,1.1853658536585365,2435.121951219512,3,0,0,1,0,0,0
Agami Fashions Limited,Woven,5.0,243.0,205,41600.0,"Shirts ,Jackets ,Pants","Holding # H-79/1, Chandra, Kaliakoir Pourashava, Gazipur, Kaliakoir",Gazipur,Kaliakoir,1997,"['Shirts', 'Jackets', 'Pants']",499200.0,Large,28,1.1853658536585365,2435.121951219512,3,0,0,1,0,0,0
Ahad Fashion Ltd.,Knit,5.0,300.0,145,200000.0,"Shirts ,Pants ,T-Shirts ,Polo Shirts","Remon Tower, Baipail, Natun Para, Ashulia, Dhaka, Savar",Dhaka,Savar,2011,"['Shirts', 'Pants', 'T-Shirts', 'Polo Shirts']",2400000.0,Very Large,14,2.0689655172413794,16551.724137931036,4,0,0,1,0,0,0
Ahmed Fashions,Knit,1.0,50.0,0,66670.0,"Tops ,T-shirts ,Jacket ,Polo Shirt","34/1, Darus Salam Road, Mirpur-1, Dhaka-1216, Dhaka, Dhaka",Dhaka,Dhaka,2001,"['Tops', 'T-shirts', 'Jacket', 'Polo Shirt']",800040.0,Large,24,0.0,0.0,4,0,0,0,1,1,0
Ahmed Socks Industries,Knit,1.0,140.0,120,494000.0,Unknown,"Nayanagar, Ward # 04, Nishatnagar, Turag, Dhaka, Dhaka",Dhaka,Dhaka,2019,[],5928000.0,Very Large,6,1.1666666666666667,49400.0,0,0,0,0,0,0,0
Ahsan Apparels Ltd.,Knit,5.0,850.0,325,650000.0,"Tank Top ,Sweat Shirt ,T-Shirts ,Polo Shirts","Siddhirganj Pool, Siddirgonj, Narayanganj, Narayangonj",Narayanganj,Narayangonj,2016,"['Tank Top', 'Sweat Shirt', 'T-Shirts', 'Polo Shirts']",7800000.0,Very Large,9,2.6153846153846154,24000.0,4,0,0,0,0,0,0
AIM Knit Wear Ltd.,Knit,5.0,150.0,100,20000.0,"T-Shirts ,Polo Shirts","H-79, Block-D, International Airport Road, Dhaka, Banani",Dhaka,Banani,1991,"['T-Shirts', 'Polo Shirts']",240000.0,Large,34,1.5,2400.0,2,0,0,0,0,0,0
Ajax Sweater Ltd.,Sweater,5.0,600.0,200,0.0,Sweaters,"Zirabo, Dhaka, Savar",Dhaka,Savar,1999,['Sweaters'],0.0,,26,3.0,0.0,1,0,0,0,0,0,0
AJI Apparels Industry Ltd.,Knit,5.0,669.0,550,245000.0,"T-Shirts ,Polo Shirts ,Jackets ,Vests","226, Singair Road, Hemayetpur, Dhaka, Savar",Dhaka,Savar,1995,"['T-Shirts', 'Polo Shirts', 'Jackets', 'Vests']",2940000.0,Very Large,30,1.2163636363636363,5345.454545454545,4,0,0,0,0,0,0
Akbar Apparels Ltd.,Knit,5.0,465.0,155,679000.0,"T-Shirts ,Polo Shirts ,Tank Top","Kasorghar, Mymensingh, Valuka",Mymensingh,Valuka,2001,"['T-Shirts', 'Polo Shirts', 'Tank Top']",8148000.0,Very Large,24,3.0,52567.74193548387,3,0,0,0,0,0,0
AKH Apparels Ltd.,Woven,5.0,1000.0,350,240000.0,"Shirts ,Jackets ,Pants","128, Hemayetpur, Dhaka, Savar",Dhaka,Savar,2011,"['Shirts', 'Jackets', 'Pants']",2880000.0,Very Large,14,2.857142857142857,8228.57142857143,3,0,0,1,0,0,0
AKH Eco Apparels Ltd.,Woven,5.0,3677.0,2907,14400000.0,"Shirts ,Pants","495 Balitha, Shah-Belishwer, Dhaka, Dhamrai",Dhaka,Dhamrai,2014,"['Shirts', 'Pants']",172800000.0,Very Large,11,1.264877880976952,59442.724458204335,2,0,0,1,0,0,0
AKH Fashions Ltd.,Woven,5.0,580.0,185,120000.0,"Shirts ,Blouses ,Denim","133/134, Hamayetpur, Dhaka, Savar",Dhaka,Savar,2000,"['Shirts', 'Blouses', 'Denim']",1440000.0,Very Large,25,3.135135135135135,7783.783783783784,3,0,0,0,0,0,0
AKH Knitting & Dyeing Ltd.,Knit,5.0,0.0,0,0.0,Knit Items,"92, Phulbaria, Tetulzora, Dhaka, Savar",Dhaka,Savar,2004,['Knit Items'],0.0,,21,0.0,0.0,1,0,0,0,0,0,0
AKH Knitwear Ltd.,Knit,5.0,268.0,98,156000.0,"T-Shirts ,Polo Shirts ,Dresses","92, Raj Phulbaria, Dhaka, Savar",Dhaka,Savar,2006,"['T-Shirts', 'Polo Shirts', 'Dresses']",1872000.0,Very Large,19,2.7346938775510203,19102.04081632653,3,0,0,0,0,0,0
AKH Shirts Ltd.,Woven,5.0,0.0,0,0.0,"Shirts ,Blouses ,Jogging Suits ,Trousers","133-134, Hemayetpur, Dhaka, Savar",Dhaka,Savar,2007,"['Shirts', 'Blouses', 'Jogging Suits', 'Trousers']",0.0,,18,0.0,0.0,4,0,0,0,0,0,0
AKH Stitch Art Ltd.,Knit,5.0,789.0,204,900000.0,"Fleece Shirts ,Trousers ,Jackets ,Polo Shirts","Plot # 1, Road # 1, Berribandh, Dhaka, Mohammadpur",Dhaka,Mohammadpur,2006,"['Fleece Shirts', 'Trousers', 'Jackets', 'Polo Shirts']",10800000.0,Very Large,19,3.8676470588235294,52941.17647058824,4,0,0,0,0,0,0
Akhand Fashion (Pvt.) Ltd.,Woven,5.0,220.0,256,500000.0,"Ladies Dress ,Ladies Swimmer ,Denim ,T-Shirt","Section # 7, Avenue # 1, Plot # 4 & 5, Pallabi I/A, Dhaka, Dhaka",Dhaka,Dhaka,2016,"['Ladies Dress', 'Ladies Swimmer', 'Denim', 'T-Shirt']",6000000.0,Very Large,9,0.859375,23437.5,4,1,0,0,0,0,0
Akik Apparels Ltd.,Woven,5.0,415.0,186,100000.0,"Shirts ,Ladies Blouses ,Ladies Dresses","220/A, 1/1, West Kafrul, Begum Rokeya Sarani, Dhaka, Mirpur",Dhaka,Mirpur,2005,"['Shirts', 'Ladies Blouses', 'Ladies Dresses']",1200000.0,Very Large,20,2.2311827956989245,6451.612903225807,3,0,0,0,0,0,0
AKR Fashions Ltd.,Woven,5.0,480.0,250,2160000.0,"Men's Shirt ,Ladies Shirt ,Pant","Jorpul Bus Stand, Tetuljhora, Rajfulbaria, Savar, Dhaka, Dhaka, Dhaka",Dhaka,Dhaka,2004,"['Mens Shirt', 'Ladies Shirt', 'Pant']",25920000.0,Very Large,21,1.92,103680.0,3,0,0,0,0,0,0
Al Yusar Textiles Ltd.,Woven,1.0,247.0,133,90200.0,"Shirt ,Pant ,Jacket","Keshabpur, Sitalpur, Sitakunda, Chittagong, Chittagong",Chittagong,Chittagong,2021,"['Shirt', 'Pant', 'Jacket']",1082400.0,Very Large,4,1.8571428571428572,8138.345864661655,3,0,1,0,1,0,0
Al-Amin Export Ltd.,Knit,5.0,750.0,500,830000.0,Sweater,"Al-Amin Center, Madani Nagar, Sanarpar, Narayanganj, Siddirgonj",Narayanganj,Siddirgonj,2014,['Sweater'],9960000.0,Very Large,11,1.5,19920.0,1,0,0,0,0,0,1
Al-Amin Garment Inds. Ltd,Knit,5.0,600.0,500,500000.0,"Shirts ,Pants ,T-Shirts ,Polo Shirts","Wazedia, Panchlaish, Chittagong, Panchlaish",Chittagong,Panchlaish,1984,"['Shirts', 'Pants', 'T-Shirts', 'Polo Shirts']",6000000.0,Very Large,41,1.2,12000.0,4,0,0,1,0,0,0
Al-Amin Knit Wears,Knit,1.0,1.0,118,350000.0,"T-Shirt ,Polo Shirt","Madaninagar,Sanarpar, Siddirgonj, Narayanganj, Narayangonj",Narayanganj,Narayangonj,2023,"['T-Shirt', 'Polo Shirt']",4200000.0,Very Large,2,0.00847457627118644,35593.220338983054,2,1,0,0,0,1,0
AL-Haram Apparels Ltd.,Woven,1.0,0.0,122,0.0,Unknown,"Holding # 06, Ward # 43, Oni Member Road, Pagar, Tongi, Gazipur, Gazipur, Gazipur",Gazipur,Gazipur,2021,[],0.0,,4,0.0,0.0,0,0,0,0,0,0,0
Al-Islam Textiles Ltd.,Woven,5.0,3478.0,3500,7945000.0,"Jackets ,Trouser ,Shirt ,Pant","9, Karnapara, Savar, Dhaka, Dhaka, Dhaka",Dhaka,Dhaka,2010,"['Jackets', 'Trouser', 'Shirt', 'Pant']",95340000.0,Very Large,15,0.9937142857142857,27240.0,4,0,1,0,0,0,0
Al-Ittefaq Textiles Ltd.,Knit,5.0,200.0,400,12000.0,"T-Shirts ,Polo Shirts","Plot # 11, Mohora Cda I/A, Chittagong, Chandgaon",Chittagong,Chandgaon,2015,"['T-Shirts', 'Polo Shirts']",144000.0,Large,10,0.5,360.0,2,0,0,0,0,0,0
Al-Muslim Fashions Wear Ltd.,Woven,5.0,350.0,150,75000.0,"Jackets ,Pants ,Pumpers ,Trousers","Razzak Plaza, B-120 Jaleshwar, Savar Bazar Bus Stand, Dhaka, Savar Bazar",Dhaka,Savar Bazar,1997,"['Jackets', 'Pants', 'Pumpers', 'Trousers']",900000.0,Large,28,2.3333333333333335,6000.0,4,0,0,1,0,0,0
Al-Muslim Garments Ltd.,Woven,5.0,600.0,250,100000.0,"Pants ,Jackets ,Trousers ,Rumpers","Razzak Plaza, B-120 Jaleshwar, Savar Bazar Bus Stand, Dhaka, Savar",Dhaka,Savar,1992,"['Pants', 'Jackets', 'Trousers', 'Rumpers']",1200000.0,Very Large,33,2.4,4800.0,4,0,0,1,0,0,0
Al-Tahsin Apparels Ltd.,Knit,5.0,700.0,315,575000.0,"Long Pants ,Polo Shirts ,Sweat Shirts ,Bermuda","Chandura, Mouchak, Gazipur, Kaliakoir",Gazipur,Kaliakoir,2007,"['Long Pants', 'Polo Shirts', 'Sweat Shirts', 'Bermuda']",6900000.0,Very Large,18,2.2222222222222223,21904.761904761905,4,0,0,0,0,0,0
Alamode Apparels Ltd.,Knit,5.0,450.0,176,720000.0,"T-Shirts ,Underwears ,Briefs","12/13, Bscic I/A, Chittagong, Kalughat",Chittagong,Kalughat,2008,"['T-Shirts', 'Underwears', 'Briefs']",8640000.0,Very Large,17,2.5568181818181817,49090.90909090909,3,0,0,0,0,0,0
Alauddin & Sons (Pvt.) Ltd. (Gr.Dv.),Woven,5.0,307.0,154,46000.0,"Jackets ,Trousers ,Pants ,Dresses","120, East Tejturi Bazar, Dhaka, Tajgaon I/A",Dhaka,Tajgaon I/A,1994,"['Jackets', 'Trousers', 'Pants', 'Dresses']",552000.0,Large,31,1.9935064935064934,3584.4155844155844,4,0,0,1,0,0,0
Alauddin Garments Ltd.,Woven,5.0,562.0,152,60000.0,"Shirts ,Dresses ,Pants ,Jackets","88, Kazi Nazrul Islam Avenue, Dhaka, Kawran Bazar",Dhaka,Kawran Bazar,2004,"['Shirts', 'Dresses', 'Pants', 'Jackets']",720000.0,Large,21,3.6973684210526314,4736.8421052631575,4,0,0,1,0,0,0
Aleaya Sweater Ltd.,Sweater,5.0,201.0,297,45000.0,Sweaters,"Dhour, Dhaka, Uttara",Dhaka,Uttara,2007,['Sweaters'],540000.0,Large,18,0.6767676767676768,1818.1818181818182,1,0,0,0,0,0,0
Alema Textiles Ltd.,Knit,5.0,2600.0,1093,1000000.0,"T-Shirts ,Blouses ,Jackets ,Pants","Basan Sarak Bazar, Gazipur, Vogra",Gazipur,Vogra,2010,"['T-Shirts', 'Blouses', 'Jackets', 'Pants']",12000000.0,Very Large,15,2.3787740164684354,10978.956999085087,4,0,0,1,0,0,0
Alert Fashions Ltd.,Knit,5.0,350.0,150,180000.0,"T-Shirts ,Polo Shirts ,Under Garments ,Swim Suits","J. Alam Tower, Abdul Latif Road, Middle Halishahar, Chittagong, Bandar",Chittagong,Bandar,2006,"['T-Shirts', 'Polo Shirts', 'Under Garments', 'Swim Suits']",2160000.0,Very Large,19,2.3333333333333335,14400.0,4,0,0,0,0,0,0
Aleya apparels Ltd.,Woven,5.0,1153.0,0,240000.0,"Shirts ,Pants","244, Hemayetpur, Dhaka, Savar",Dhaka,Savar,2016,"['Shirts', 'Pants']",2880000.0,Very Large,9,0.0,0.0,2,0,0,1,0,0,0
Alfa Patterns (Bangladesh) Ltd.,Unknown,,50.0,600,2430000.0,"Panties ,Bra","Plot # 58, Depz (Old), Ganakbari, Savar, Dhaka",Savar,Dhaka,2011,"['Panties', 'Bra']",29160000.0,Very Large,14,0.08333333333333333,48600.0,2,0,0,0,0,0,0
Alfa Textiles Ltd.,Woven,5.0,1381.0,982,244392.0,"Dress Shirts ,Shirts ,Pants","49 (Np), Kalurghat I/A, Chittagong, Kalurghat",Chittagong,Kalurghat,1992,"['Dress Shirts', 'Shirts', 'Pants']",2932704.0,Very Large,33,1.4063136456211813,2986.460285132383,3,0,0,1,0,0,0
Ali Garments Ltd.,Woven,5.0,990.0,520,244000.0,"Jackets ,Jogging Suits ,Pants ,Shorts","8, Dagerhcala (3Rd Floor), Gazipur, National University",Gazipur,National University,1985,"['Jackets', 'Jogging Suits', 'Pants', 'Shorts']",2928000.0,Very Large,40,1.9038461538461537,5630.7692307692305,4,0,0,1,0,0,0
Alien Apparels Ltd.,Woven,1.0,535.0,200,2880000.0,"Shirt ,Pant ,Jacket ,Trouser","Kathalia, Kaliakoir, Gazipur, Gazipur, Gazipur",Gazipur,Gazipur,2017,"['Shirt', 'Pant', 'Jacket', 'Trouser']",34560000.0,Very Large,8,2.675,172800.0,4,0,1,0,1,0,0
Aliens Texwear Ltd.,Knit,1.0,500.0,286,6000000.0,"Kids Items ,Men's Wear ,Ladies Wear","Hatimara, Kashimpur, Gazipur, Gazipur",Gazipur,Gazipur,2017,"['Kids Items', 'Mens Wear', 'Ladies Wear']",72000000.0,Very Large,8,1.7482517482517483,251748.25174825176,3,0,0,0,0,0,0
Alif Apparels Limited,Woven,5.0,300.0,130,72000.0,"Shirts ,Blouses ,Sports wear","Road # 01, House # 11, Kha Ring Road, Dhaka, Mohammadpur",Dhaka,Mohammadpur,1992,"['Shirts', 'Blouses', 'Sports wear']",864000.0,Large,33,2.3076923076923075,6646.153846153846,3,0,0,0,0,0,0
Alif Casual Wear Ltd.,Knit,5.0,1250.0,687,32000000.0,"T-Shirts ,Polo Shirts ,Shirts ,Pants","69 Vogra, Gazipur, Gazipur Sadar",Gazipur,Gazipur Sadar,2014,"['T-Shirts', 'Polo Shirts', 'Shirts', 'Pants']",384000000.0,Very Large,11,1.819505094614265,558951.9650655022,4,0,0,1,0,0,0
Alif Garments Ltd,Woven,5.0,435.0,271,146000.0,"Men's Shirts ,Ladies Blouses ,Dresses","21/22, Babar Road, Block- B, Dhaka, Mohammadpur",Dhaka,Mohammadpur,1985,"['Mens Shirts', 'Ladies Blouses', 'Dresses']",1752000.0,Very Large,40,1.6051660516605166,6464.944649446495,3,0,0,0,0,0,0
Alif Outwears Limited,Woven,5.0,250.0,114,70000.0,"Shirts ,Ladies Blouses ,Jacket","30, Ring Road (2Nd Floor), Dhaka, Shamoli",Dhaka,Shamoli,1996,"['Shirts', 'Ladies Blouses', 'Jacket']",840000.0,Large,29,2.192982456140351,7368.421052631579,3,0,0,0,1,0,0
Alif Textiles Ltd.,Woven,5.0,310.0,135,70000.0,"Men's Shirts ,Ladies Blouses ,Uniforms","74/A, Science Laboratary Road, Dhaka, Dhanmondi",Dhaka,Dhanmondi,1994,"['Mens Shirts', 'Ladies Blouses', 'Uniforms']",840000.0,Large,31,2.2962962962962963,6222.222222222223,3,0,0,0,0,0,0
Alim Knit (BD) Ltd.,Knit,5.0,1114.0,606,1000000.0,"T-Shirts ,Polo Shirts","Kashimpur, Gazipur, Nayapara",Gazipur,Nayapara,2009,"['T-Shirts', 'Polo Shirts']",12000000.0,Very Large,16,1.8382838283828382,19801.980198019803,2,0,0,0,0,0,0
Alim Knitwears Ltd.,Knit,5.0,235.0,195,150000.0,"T-Shirts ,Polo Shirts ,Knit Trousers","27, Harunabad, Senanibas Road, Section # 12, Pallabi, Dhaka, Dhaka",Dhaka,Dhaka,2000,"['T-Shirts', 'Polo Shirts', 'Knit Trousers']",1800000.0,Very Large,25,1.205128205128205,9230.76923076923,3,0,0,0,0,0,0
Aliza Fashion Ltd.,Woven,5.0,350.0,170,26000.0,"Pants ,Trousers ,Jackets","Chaydank, K.B. Bazar, National University, Gazipur, Gazipur",Gazipur,Gazipur,2012,"['Pants', 'Trousers', 'Jackets']",312000.0,Large,13,2.0588235294117645,1835.2941176470588,3,0,0,1,0,0,0
All Round Knit Wear Ltd.,Knit,5.0,250.0,85,180000.0,"T-Shirts ,Polo Shirts","Godenail, Bhuiyanpara, Narayanganj, Siddirgonj",Narayanganj,Siddirgonj,2014,"['T-Shirts', 'Polo Shirts']",2160000.0,Very Large,11,2.9411764705882355,25411.764705882353,2,0,0,0,0,0,0
All Weather Fashions Ltd.,Woven,5.0,750.0,463,100000.0,"Jackets ,Children Wears ,Trousers ,Dress","52, Shaheed Tajuddin Ahmed Sarani, Dhaka, Mohakhali",Dhaka,Mohakhali,1992,"['Jackets', 'Children Wears', 'Trousers', 'Dress']",1200000.0,Very Large,33,1.6198704103671706,2591.792656587473,4,0,0,0,0,0,0
Allahma Apparels,Woven,5.0,250.0,55,90000.0,T-Shirts/Polo Shirts,"Plot # 97, Street # 1, Block # D, Section # 2, Dhaka, Mirpur",Dhaka,Mirpur,1990,['T-ShirtsPolo Shirts'],1080000.0,Very Large,35,4.545454545454546,19636.363636363636,1,0,0,0,0,0,0
Alliance Apparels Ltd.,Woven,5.0,250.0,129,70000.0,"Shirts ,Jackets ,Pants","Shamsher Market, Darussalam, 191/1, South Bishil, Section # 1, Dhaka, Mirpur",Dhaka,Mirpur,2011,"['Shirts', 'Jackets', 'Pants']",840000.0,Large,14,1.937984496124031,6511.627906976744,3,0,0,1,0,0,0
Alliance Fashion Wears Ltd.,Woven,5.0,310.0,250,36000.0,"Jackets ,Denim Items ,Trousers ,Jogging Suits","House # 79, Block - L, New Airport Road, Dhaka, Banani",Dhaka,Banani,1993,"['Jackets', 'Denim Items', 'Trousers', 'Jogging Suits']",432000.0,Large,32,1.24,1728.0,4,0,0,0,0,0,0
Alliance Garments Ltd.,Woven,5.0,600.0,300,210000.0,"Trousers ,Padded Jackets ,Jogging Suits","House # 8 & 10, Road # 3, Section # 7, Mirpur I/A, Dhaka, Mirpur",Dhaka,Mirpur,1991,"['Trousers', 'Padded Jackets', 'Jogging Suits']",2520000.0,Very Large,34,2.0,8400.0,3,0,0,0,0,0,0
Alliance Knit Composite Ltd.,Knit,5.0,767.0,666,700000.0,"T-Shirts ,polo Shirts","Zirabo, Ashulia, Dhaka, Savar",Dhaka,Savar,2014,"['T-Shirts', 'polo Shirts']",8400000.0,Very Large,11,1.1516516516516517,12612.612612612613,2,0,0,0,0,0,0
Alliance Stitches Ltd.,Sweater,5.0,1200.0,751,35000.0,"Trousers ,Skirts ,Vest","Sfb # 4 (1St & 2Nd Floor), Ganakbari, Dhaka, Dhaka",Dhaka,Dhaka,2022,"['Trousers', 'Skirts', 'Vest']",420000.0,Large,3,1.5978695073235685,559.254327563249,3,0,0,0,0,0,0
Allied Garments Ltd.,Woven,5.0,430.0,177,120000.0,"Shirts ,Ladies Blouses ,Children Wears","468, D.I.T. Road, Malibagh Supper Market, Dhaka, Malibagh",Dhaka,Malibagh,1985,"['Shirts', 'Ladies Blouses', 'Children Wears']",1440000.0,Very Large,40,2.4293785310734464,8135.593220338983,3,0,0,0,0,0,0
Alltex Industries Ltd.,Woven,5.0,711.0,60,250000.0,"Bad Sheets ,Quilt Covers","Tarabo, Narayanganj, Rupganj",Narayanganj,Rupganj,1998,"['Bad Sheets', 'Quilt Covers']",3000000.0,Very Large,27,11.85,50000.0,2,0,0,0,0,0,0
Allure Apparel Ltd.,Woven,5.0,250.0,125,20000.0,"Jackets ,Pants","Gorat (3Rd Floor), Ashulia, Dhaka, Savar",Dhaka,Savar,1997,"['Jackets', 'Pants']",240000.0,Large,28,2.0,1920.0,2,0,0,1,0,0,0
Alluring Fashions Ltd.,Woven,5.0,400.0,126,90000.0,"Shirts ,Pants","Bijoy Road, Mogarkhal, National University, Gazipur, Gazipur Sadar",Gazipur,Gazipur Sadar,2014,"['Shirts', 'Pants']",1080000.0,Very Large,11,3.1746031746031744,8571.42857142857,2,0,0,1,0,0,0
Alpha Clothing Ltd.,Woven,5.0,500.0,406,120000.0,"Shirts ,Pants","South Panishail, Gazipur, Kashimpur",Gazipur,Kashimpur,2013,"['Shirts', 'Pants']",1440000.0,Very Large,12,1.2315270935960592,3546.7980295566504,2,0,0,1,0,0,0
Alpha Dresswear Ltd.,Knit,5.0,239.0,208,2400000.0,"T-Shirts ,Polo Shirts","Shi-201/8, Teknagpara, Gazipur, Chandana",Gazipur,Chandana,2015,"['T-Shirts', 'Polo Shirts']",28800000.0,Very Large,10,1.1490384615384615,138461.53846153847,2,0,0,0,0,0,0
Alpha Knit Apparels Ltd.,Knit,5.0,250.0,143,30000.0,"T-Shirts ,Polo Shirts","North Gazir Chat, Madrasha Road, Ashulia, Dhaka, Savar",Dhaka,Savar,2007,"['T-Shirts', 'Polo Shirts']",360000.0,Large,18,1.7482517482517483,2517.4825174825173,2,0,0,0,0,0,0
Alpha Knitting Wear Ltd.,Woven,5.0,600.0,283,120000.0,"Shirts ,Gir's Shirts ,Boy's Shirts","888, Shawra Para, Rokeya Sarani, Dhaka, Mirpur",Dhaka,Mirpur,1989,"['Shirts', 'Girs Shirts', 'Boys Shirts']",1440000.0,Very Large,36,2.1201413427561837,5088.339222614841,3,0,0,0,0,0,0
Alps Apparels Ltd.,Knit,5.0,450.0,200,200000.0,"T-Shirts ,Polo Shirts ,Tank Top","11/B, Extension Pallabi, Dhaka, Mirpur",Dhaka,Mirpur,1992,"['T-Shirts', 'Polo Shirts', 'Tank Top']",2400000.0,Very Large,33,2.25,12000.0,3,0,0,0,0,0,0
Alsina Garments Ltd.,Woven,5.0,500.0,276,42000.0,"Shirts ,Pants","A-84/4 East Rajashon, Birulia Road, Rajashon, Dhaka, Savar",Dhaka,Savar,2015,"['Shirts', 'Pants']",504000.0,Large,10,1.8115942028985508,1826.0869565217392,2,0,0,1,0,0,0
Alternative Sweaters Ltd.,Sweater,5.0,50.0,45,30000.0,Sweater,"Holding # 1745/1, Uttar Mullah Para, Uttar Khan, Dhaka, Uttara",Dhaka,Uttara,2015,['Sweater'],360000.0,Large,10,1.1111111111111112,8000.0,1,0,0,0,0,0,1
Alvin Fashion Ltd.,Woven,5.0,300.0,220,52000.0,"Jackets ,Pants ,Trousers","Chaydana, Gazipur, K.B. Bazar",Gazipur,K.B. Bazar,2010,"['Jackets', 'Pants', 'Trousers']",624000.0,Large,15,1.3636363636363635,2836.3636363636365,3,0,0,1,0,0,0
Ama Syntex Ltd.,Knit,5.0,50.0,140,210000.0,"T-Shirts ,Polo Shirts ,Tank Tops","Jarun (South), Gazipur, Kashimpur",Gazipur,Kashimpur,2008,"['T-Shirts', 'Polo Shirts', 'Tank Tops']",2520000.0,Very Large,17,0.35714285714285715,18000.0,3,0,0,0,0,0,0
Aman Fashions & Designs Ltd.,Sweater,5.0,980.0,602,91000.0,Sweaters,"Nalam, Mirzanagar, Ashulia, Dhaka, Savar",Dhaka,Savar,2010,['Sweaters'],1092000.0,Very Large,15,1.627906976744186,1813.953488372093,1,0,0,0,0,0,0
Aman Graphics & Designs Ltd.,Woven,5.0,560.0,290,180000.0,"Shirts ,Jackets ,Pants","Nazim Nagar, Hemayetpur, Dhaka, Savar",Dhaka,Savar,2011,"['Shirts', 'Jackets', 'Pants']",2160000.0,Very Large,14,1.9310344827586208,7448.275862068966,3,0,0,1,0,0,0
Aman Knittings Ltd.,Sweater,5.0,3150.0,1325,205000.0,Sweaters,"Kulasur, Hemayetpur, Dhaka, Savar",Dhaka,Savar,1999,['Sweaters'],2460000.0,Very Large,26,2.3773584905660377,1856.6037735849056,1,0,0,0,0,0,0
Aman Sweaters Ltd.,Sweater,5.0,885.0,559,106000.0,Sweaters,"Rajaghat Road, Rajfulbaria, Dhaka, Savar",Dhaka,Savar,2008,['Sweaters'],1272000.0,Very Large,17,1.5831842576028623,2275.4919499105545,1,0,0,0,0,0,0
Aman Tex Unit-2 Ltd.,Knit,5.0,3094.0,250,125000.0,"T-Shirts ,Polo Shirts","Boiragirchala, Gazipur, Sreepur",Gazipur,Sreepur,2015,"['T-Shirts', 'Polo Shirts']",1500000.0,Very Large,10,12.376,6000.0,2,0,0,0,0,0,0
Aman Winter Wears Ltd.,Sweater,5.0,510.0,308,180000.0,"Sweaters ,Pullovers","Singair Road, Hemayetpur, Dhaka, Savar",Dhaka,Savar,2012,"['Sweaters', 'Pullovers']",2160000.0,Very Large,13,1.655844155844156,7012.987012987013,2,0,0,0,0,0,0
Amana Knittex,Knit,5.0,325.0,117,188750.0,"t-Shirts ,Polo Shirts","Amana Complex, Masdair,, Gorosthan, Gabtoli Mor, Narayanganj, Fatullah",Narayanganj,Fatullah,2014,"['t-Shirts', 'Polo Shirts']",2265000.0,Very Large,11,2.7777777777777777,19358.97435897436,2,0,0,0,0,0,0
Amana Textile,Knit,5.0,325.0,113,188750.0,"T-Shirts ,Polo Shirts","Amana Complex, Masdair, Gorosthan Mor, Narayanganj, Fatullah",Narayanganj,Fatullah,2014,"['T-Shirts', 'Polo Shirts']",2265000.0,Very Large,11,2.8761061946902653,20044.24778761062,2,0,0,0,0,0,0
Amanah Apparels,Woven,1.0,1.0,163,488000.0,"Shirt ,Pant ,T-Shirt ,Polo Shirt","Norsinghopur, Zirabo, Ashulia, Savar, Dhaka, Dhaka",Dhaka,Dhaka,2023,"['Shirt', 'Pant', 'T-Shirt', 'Polo Shirt']",5856000.0,Very Large,2,0.006134969325153374,35926.38036809816,4,1,1,0,0,1,0
Amanah Fashion Ltd.,Woven,5.0,278.0,193,75000.0,"Shirts ,Pants","House # 30, Hazi Mofiz Uddin Member Road,, Hajipara, Dhaka, North Badda",Dhaka,North Badda,2014,"['Shirts', 'Pants']",900000.0,Large,11,1.4404145077720207,4663.21243523316,2,0,0,1,0,0,0
Amantex Ltd.,Knit,5.0,3200.0,1620,1872000.0,"T-Shirts ,Polo Shirts ,Knitted Top/BOttom","Boiragirchala, Gazipur, Sreepur",Gazipur,Sreepur,2008,"['T-Shirts', 'Polo Shirts', 'Knitted TopBOttom']",22464000.0,Very Large,17,1.9753086419753085,13866.666666666666,3,0,0,0,0,0,0
Amazing Fashions Ltd.,Knit,5.0,1298.0,709,468000.0,"T-Shirts ,Polo Shirts ,Knitted Jackets","10, Dager Chala, National University, Gazipur, Board Bazar",Gazipur,Board Bazar,2007,"['T-Shirts', 'Polo Shirts', 'Knitted Jackets']",5616000.0,Very Large,18,1.8307475317348378,7921.015514809591,3,0,0,0,0,0,0
Ambia Apparels Ltd.,Woven,5.0,280.0,249,60000.0,"T-Shirts ,Pants ,Swimming Trunks ,Wind Suits","7, Agrabad C/A, Chittagong","7, Agrabad C/A,",Chittagong,1999,"['T-Shirts', 'Pants', 'Swimming Trunks', 'Wind Suits']",720000.0,Large,26,1.1244979919678715,2891.5662650602408,4,0,0,1,0,0,0
Ambia Fashions Ltd.,Woven,5.0,0.0,124,0.0,"Jackets ,Trousers ,Pants","171/A, Dewanhat, Port City, Chittagong, Doublemooring",Chittagong,Doublemooring,2009,"['Jackets', 'Trousers', 'Pants']",0.0,,16,0.0,0.0,3,0,0,1,0,0,0
Ambition Garments Ltd.,Woven,5.0,400.0,200,90000.0,"Shirts ,Trousers ,Pants ,Shorts","Al-Amin Plaza, 320, East Rampura, Dhaka, Rampura",Dhaka,Rampura,2009,"['Shirts', 'Trousers', 'Pants', 'Shorts']",1080000.0,Very Large,16,2.0,5400.0,4,0,0,1,0,0,0
AMC Knit Composite Ltd.,Knit,5.0,2580.0,947,2092000.0,"T-Shirts ,Polo Shirts ,Shorts","Baniachala, Member Bari, Gazipur, Gazipur Sadar",Gazipur,Gazipur Sadar,2010,"['T-Shirts', 'Polo Shirts', 'Shorts']",25104000.0,Very Large,15,2.724392819429778,26508.97571277719,3,0,0,0,0,0,0
AMC Sweaters Ltd.,Sweater,5.0,1000.0,946,107510.0,"Sweaters ,Pullovers ,Cardigans ,Vest","158/283, Choydana, National University, Gazipur, Gazipur",Gazipur,Gazipur,1999,"['Sweaters', 'Pullovers', 'Cardigans', 'Vest']",1290120.0,Very Large,26,1.0570824524312896,1363.7632135306553,4,0,0,0,0,0,0
Ameen Fabrics Ltd.,Knit,5.0,377.0,200,40000.0,"Pants ,Jackets ,Jogging Suits","Senpara, Kanchpur, Narayanganj, Sonargaon",Narayanganj,Sonargaon,1997,"['Pants', 'Jackets', 'Jogging Suits']",480000.0,Large,28,1.885,2400.0,3,0,0,1,0,0,0
Ameertex Limited,Knit,5.0,212.0,78,175000.0,Knit Items,"Anandapur, Dhaka, Savar",Dhaka,Savar,1999,['Knit Items'],2100000.0,Very Large,26,2.717948717948718,26923.076923076922,1,0,0,0,0,0,0
Amena (Pvt) Ltd.,Woven,5.0,450.0,295,104000.0,"Shirts ,Trousers ,Swimming Shorts","Abdul Latif Market, Road # 9/C, Ahalia, Sector # 6, Dhaka, Uttara",Dhaka,Uttara,2000,"['Shirts', 'Trousers', 'Swimming Shorts']",1248000.0,Very Large,25,1.5254237288135593,4230.5084745762715,3,0,0,0,0,0,0
Amex Apparel Ltd.,Knit,5.0,500.0,310,520000.0,"T-Shirts ,Polo Shirts ,Pants ,Sweat Wears","Road # 13, Plot # 21, Shampur, Dhaka, Kadamtoli",Dhaka,Kadamtoli,2004,"['T-Shirts', 'Polo Shirts', 'Pants', 'Sweat Wears']",6240000.0,Very Large,21,1.6129032258064515,20129.032258064515,4,0,0,1,0,0,0
Amex Knitting & Dyeing Inds. Ltd. (U-2) G.D.,Knit,5.0,400.0,200,250000.0,"T-Shirts ,Polo Shirts ,Sweat Shirs ,Tank Top","Plot # 19, Road # 13, Rajuk Shampur, Kadamtoly, Dhaka, Old Dhaka",Dhaka,Old Dhaka,2000,"['T-Shirts', 'Polo Shirts', 'Sweat Shirs', 'Tank Top']",3000000.0,Very Large,25,2.0,15000.0,4,0,0,0,0,0,0
Amex Limited,Woven,5.0,762.0,158,40000.0,"Jackets ,Shorts ,Pants","Plot # 647-652, Kolma # 1, Word # 7, Po: Deiry Farm, Dhaka, Savar",Dhaka,Savar,2000,"['Jackets', 'Shorts', 'Pants']",480000.0,Large,25,4.822784810126582,3037.974683544304,3,0,0,1,0,0,0
Amheco Fabrics (Pvt.) Ltd.,Woven,5.0,700.0,180,65000.0,"Shirts ,Blouses ,Jackets","365, Jubilee Road, (2Nd Floor), Chittagong, Chittagong",Chittagong,Chittagong,1991,"['Shirts', 'Blouses', 'Jackets']",780000.0,Large,34,3.888888888888889,4333.333333333333,3,0,0,0,0,0,0
Amichi Apparels Ltd.,Woven,5.0,0.0,0,180000.0,"Pants ,Jeans ,Jackets ,Trousers","122-123, Darussalam Road (4Th Fl), Dhaka, Dhaka",Dhaka,Dhaka,2007,"['Pants', 'Jeans', 'Jackets', 'Trousers']",2160000.0,Very Large,18,0.0,0.0,4,0,0,1,0,0,0
Amir Shirts Ltd.,Woven,5.0,1600.0,1185,7200000.0,"Shirts ,Pants","Sufua, Noabazar, Kalikapur Union, Comilla, Comilla",Comilla,Comilla,2014,"['Shirts', 'Pants']",86400000.0,Very Large,11,1.350210970464135,72911.39240506329,2,0,0,1,0,0,0
Amity Design Ltd.,Knit,5.0,500.0,250,585000.0,"T-Shirts ,Polo Shirts ,Pyjama Sets","House # 7 & 9, Road # 9, Block -D, Section # 11, Dhaka, Mirpur",Dhaka,Mirpur,2001,"['T-Shirts', 'Polo Shirts', 'Pyjama Sets']",7020000.0,Very Large,24,2.0,28080.0,3,0,0,0,0,0,0
Amity Sweaters Ltd.,Sweater,5.0,1200.0,500,120000.0,Sweaters,"Plot # 209, Hajirpukur, Gazipur, Choydana",Gazipur,Choydana,2004,['Sweaters'],1440000.0,Very Large,21,2.4,2880.0,1,0,0,0,0,0,0
Amotex Ltd.,Knit,1.0,759.0,100,50000.0,"Sweaters ,Socks","Kondol Bagh (Pukurpar), Yarpur, Zirabo, Dhaka, Dhaka",Dhaka,Dhaka,2004,"['Sweaters', 'Socks']",600000.0,Large,21,7.59,6000.0,2,0,0,0,0,0,0
Amotex Ltd. (Woven Unit),Woven,5.0,2935.0,804,80000.0,"Jackets ,Pants ,Shorts","Civil Engineer City (1St & 2Nd Fl), Jarun, Gazipur, Konabari",Gazipur,Konabari,2009,"['Jackets', 'Pants', 'Shorts']",960000.0,Large,16,3.650497512437811,1194.0298507462687,3,0,0,1,0,0,0
Ample Fashion Ltd.,Knit,5.0,320.0,180,70000.0,"Girls Dress ,Pants ,Diaper Cover","Plot # 1 (2Nd Floor), Cda Heavy I/A, Bahir Signal, Chittagong, Kalurghat",Chittagong,Kalurghat,2009,"['Girls Dress', 'Pants', 'Diaper Cover']",840000.0,Large,16,1.7777777777777777,4666.666666666667,3,0,0,1,0,0,0
Amrjin Apparels Ltd.,Knit,5.0,210.0,86,60000.0,"Jackets ,Trousers ,T-Shirts","2861, Fidc Road, Chittagong, Kalurghat",Chittagong,Kalurghat,2008,"['Jackets', 'Trousers', 'T-Shirts']",720000.0,Large,17,2.441860465116279,8372.093023255815,3,0,0,0,0,0,0
AMS Int'l (Sweaters) Ltd.,Unknown,,0.0,894,120000.0,"Sweater(Men, Ladies) ,Infants, Kids ,Shawls, Ponchos ,Hats","34, Choydana, P.O: National University, Gazipur-1700, Gazipur","34, Choydana, P.O: National University, Gazipur-1700",Gazipur,2002,"['SweaterMen', 'Ladies', 'Infants', 'Kids', 'Shawls', 'Ponchos', 'Hats']",1440000.0,Very Large,23,0.0,1610.7382550335572,7,0,0,0,0,0,0
Amtranet Limited,Sweater,5.0,2200.0,1545,525000.0,Sweaters,"Kasba Tower, Plot # 160, Rajashan I/A, Dhaka, Savar",Dhaka,Savar,2012,['Sweaters'],6300000.0,Very Large,13,1.4239482200647249,4077.669902912621,1,0,0,0,0,0,0
An.An. Apparels Ltd.,Woven,5.0,290.0,450,175000.0,"Swimming Shorts ,Polo Shirts ,Denim Trousers","590, Colonel Jhones Road, Chittagong, Uttar Kattali",Chittagong,Uttar Kattali,1996,"['Swimming Shorts', 'Polo Shirts', 'Denim Trousers']",2100000.0,Very Large,29,0.6444444444444445,4666.666666666667,3,0,0,0,0,0,0
Anam Garments Ltd.,Woven,5.0,400.0,300,390000.0,"Jackets ,Pants ,Trousers","House # 66, Road # 4, Block - B, Section # 12, Dhaka, B. Baria",Dhaka,B. Baria,1992,"['Jackets', 'Pants', 'Trousers']",4680000.0,Very Large,33,1.3333333333333333,15600.0,3,0,0,1,0,0,0
Anan Socks Limited,Knit,5.0,520.0,350,2000000.0,Socks,"Mulaid, Mowna, Gazipur, Sreepur",Gazipur,Sreepur,2011,['Socks'],24000000.0,Very Large,14,1.4857142857142858,68571.42857142857,1,0,0,0,0,0,0
Ananna Sweaters Ltd.,Sweater,5.0,210.0,200,30000.0,Sweater,"Tangail Road, Out Para, Gazipur, Gazipur Sadar",Gazipur,Gazipur Sadar,2015,['Sweater'],360000.0,Large,10,1.05,1800.0,1,0,0,0,0,0,1
Anannya Fashions Ltd.,Woven,5.0,323.0,130,50000.0,"Shirts ,Pants ,Jackets","H # 79, Block # J, New Airport Road, Chairman Bari, Dhaka, Banani",Dhaka,Banani,1992,"['Shirts', 'Pants', 'Jackets']",600000.0,Large,33,2.4846153846153847,4615.384615384615,3,0,0,1,0,0,0
Ananta Apparels Ltd.,Woven,5.0,1413.0,485,100000.0,"Shirta ,Denim Trousers ,Overalls","Ananta Plaza, 136, Elephent Road, Dhaka, Dhaka",Dhaka,Dhaka,1992,"['Shirta', 'Denim Trousers', 'Overalls']",1200000.0,Very Large,33,2.91340206185567,2474.226804123711,3,0,0,0,0,0,0
Ananta Casual Wear Ltd.,Woven,5.0,400.0,150,180000.0,"Shirts ,Pants ,Trousers","Konia, K.B. Bazar, Gazipur, Gazipur",Gazipur,Gazipur,2009,"['Shirts', 'Pants', 'Trousers']",2160000.0,Very Large,16,2.6666666666666665,14400.0,3,0,0,1,0,0,0
Ananta Denim Technology Ltd.,Woven,5.0,400.0,150,180000.0,"Shirts ,Jackets ,T-Shirts","Kashpara (Neya Bari), Kanchpur, Narayanganj, Narayangonj",Narayanganj,Narayangonj,2008,"['Shirts', 'Jackets', 'T-Shirts']",2160000.0,Very Large,17,2.6666666666666665,14400.0,3,0,0,0,0,0,0
Ananta Fashion Ltd.,Woven,5.0,1819.0,538,120000.0,"Blouses ,Children Wears ,School Uniforms ,Trousers","Ananta Plaza, 136, Elephant Road, Dhaka, Dhaka",Dhaka,Dhaka,1999,"['Blouses', 'Children Wears', 'School Uniforms', 'Trousers']",1440000.0,Very Large,26,3.3810408921933086,2676.5799256505575,4,0,0,0,0,0,0
Ananta Garments Ltd.,Woven,5.0,3600.0,1427,550000.0,"Children Wears ,Shorts ,Skirts ,Trousers","Nischintapur, Ashulia, Depz Road, Dhaka, B. Baria",Dhaka,B. Baria,2005,"['Children Wears', 'Shorts', 'Skirts', 'Trousers']",6600000.0,Very Large,20,2.5227750525578134,4625.087596355992,4,0,0,0,0,0,0
Ananta Huaxiang Ltd.,Sweater,5.0,419.0,451,500000.0,Sweater,"Plot # 222,223, H2, H3 & H4, Narayanganj, Aepz",Narayanganj,Aepz,2014,['Sweater'],6000000.0,Very Large,11,0.9290465631929047,13303.769401330377,1,0,0,0,0,0,1
Ananta Jeanswear Ltd.,Woven,5.0,3650.0,1640,500000.0,"Children Wears ,Trousers ,Overalls","123, Kabi Jashim Uddin Road, Pagar, Gazipur, Tongi",Gazipur,Tongi,2005,"['Children Wears', 'Trousers', 'Overalls']",6000000.0,Very Large,20,2.225609756097561,3658.5365853658536,3,0,0,0,0,0,0
Ananta Sportswear Ltd.,Woven,5.0,3247.0,1425,450000.0,"Shirts ,Trousers ,Shortalls ,Shorts","Nishchintapur, Ashulia, Depz Road, Dhaka, Savar",Dhaka,Savar,1999,"['Shirts', 'Trousers', 'Shortalls', 'Shorts']",5400000.0,Very Large,26,2.27859649122807,3789.4736842105262,4,0,0,0,0,0,0
Angel Fashion,Knit,5.0,700.0,250,300000.0,"T-Shirts ,Polo Shirts ,Fleece Jackets ,Pajama Sets","142/1, Senpara Parbata, (Begum Rokeya Sharoni), Mirpur-10, Dhaka, Dhaka",Dhaka,Dhaka,1992,"['T-Shirts', 'Polo Shirts', 'Fleece Jackets', 'Pajama Sets']",3600000.0,Very Large,33,2.8,14400.0,4,0,0,0,0,0,0
Angel Sweater (BD) Ltd.,Sweater,5.0,400.0,400,65000.0,Sweaters,"Angel Tower, Matuail, Dakhan Para, Dhaka, Jatrabari",Dhaka,Jatrabari,2008,['Sweaters'],780000.0,Large,17,1.0,1950.0,1,0,0,0,0,0,0
Angela Fashion Limited,Woven,5.0,246.0,177,18000.0,"Jackets ,Blouses ,Shortalls","768, D.T. Road, Askarabad, Chittagong, Double Mooring",Chittagong,Double Mooring,1995,"['Jackets', 'Blouses', 'Shortalls']",216000.0,Large,30,1.3898305084745763,1220.3389830508474,3,0,0,0,0,0,0
Angora Fashions Ltd.,Woven,5.0,1500.0,627,200000.0,"Shirts ,Pants ,Skirts ,Trousers","Khokon Complex, National University, Gazipur, Chaydana",Gazipur,Chaydana,2008,"['Shirts', 'Pants', 'Skirts', 'Trousers']",2400000.0,Very Large,17,2.3923444976076556,3827.751196172249,4,0,0,1,0,0,0
Angora Sweaters Ltd.,Sweater,5.0,1000.0,436,70000.0,"Sweaters ,Pullovers ,Cardigans","79-B, Malibagh Chowdhury Para, Dhaka, Malibagh",Dhaka,Malibagh,1995,"['Sweaters', 'Pullovers', 'Cardigans']",840000.0,Large,30,2.293577981651376,1926.605504587156,3,0,0,0,0,0,0
Angshuk Ltd.,Woven,5.0,450.0,165,90000.0,"Shirts ,Ladies Blouses ,Shorts","133/134, Hamayetpur, Dhaka, Savar",Dhaka,Savar,1999,"['Shirts', 'Ladies Blouses', 'Shorts']",1080000.0,Very Large,26,2.727272727272727,6545.454545454545,3,0,0,0,0,0,0
Anika Apparels (Pvt) Ltd,Woven,5.0,450.0,225,60000.0,"Shirts ,Jackets ,Bottoms","Plot # I/1, Gha Part, Section # 2, Dhaka, Mirpur",Dhaka,Mirpur,2000,"['Shirts', 'Jackets', 'Bottoms']",720000.0,Large,25,2.0,3200.0,3,0,0,0,0,0,0
Anika Fashions (Pvt.) Ltd.,Woven,5.0,440.0,198,80000.0,"Pants ,Shirts ,Bottoms ,Jackets","Plot # I /1, Gha Part, Dhaka, Mirpur",Dhaka,Mirpur,2012,"['Pants', 'Shirts', 'Bottoms', 'Jackets']",960000.0,Large,13,2.2222222222222223,4848.484848484848,4,0,0,1,0,0,0
Anika Garments (Pvt.) Ltd.,Woven,5.0,494.0,278,80000.0,"Ladies Dresses ,Pants ,Shorts ,Jackets","Plot # I/1, Gha Part (4Th Floor), Section # 2, Dhaka, Mirpur",Dhaka,Mirpur,1992,"['Ladies Dresses', 'Pants', 'Shorts', 'Jackets']",960000.0,Large,33,1.776978417266187,3453.2374100719426,4,0,0,1,0,0,0
Anisa Knitwear Ltd.,Woven,1.0,3.0,127,1800000.0,"Shirt ,Pant ,T-Shirt ,Polo Shirt","Durgapur, Zirabo, Ashulia, Savar, Dhaka, Dhaka",Dhaka,Dhaka,2023,"['Shirt', 'Pant', 'T-Shirt', 'Polo Shirt']",21600000.0,Very Large,2,0.023622047244094488,170078.74015748032,4,1,1,0,0,1,0
Anita Apparels Ltd.,Woven,1.0,3.0,151,300000.0,"T-Shirt ,Shirt ,Boxer","3325/3898, Alonkar Shopping Complex (3Rd Floor), Alonkar Mour, Pahartali, Chittagong, Chittagong",Chittagong,Chittagong,2022,"['T-Shirt', 'Shirt', 'Boxer']",3600000.0,Very Large,3,0.019867549668874173,23841.059602649006,3,1,1,0,0,0,0
Anjuman Garments (Pvt.) Ltd.,Knit,5.0,150.0,115,36000.0,"Knitted Garments ,Polo Shirts ,Caps","Unique, Uttar Gazirchat, Alia Madrasha Road, Ashulia, Dhaka, B. Baria",Dhaka,B. Baria,1992,"['Knitted Garments', 'Polo Shirts', 'Caps']",432000.0,Large,33,1.3043478260869565,3756.521739130435,3,0,0,0,0,0,0
Ankhi Apparels Ltd.,Knit,5.0,350.0,150,166400.0,"T-Shirts ,Polo Shirts ,Bra ,Panty","121/285, Badc Road, West Khulshi, Chittagong, Chittagong",Chittagong,Chittagong,2010,"['T-Shirts', 'Polo Shirts', 'Bra', 'Panty']",1996800.0,Very Large,15,2.3333333333333335,13312.0,4,0,0,0,0,0,0
Anlima Textile Ltd.,Knit,5.0,2200.0,605,100000.0,"Ladies Shirts ,T-Shirts ,Polo Shirts ,Tank Top","Karnapara, Dhaka, Savar",Dhaka,Savar,2004,"['Ladies Shirts', 'T-Shirts', 'Polo Shirts', 'Tank Top']",1200000.0,Very Large,21,3.6363636363636362,1983.4710743801652,4,0,0,0,0,0,0
Annesha Style Ltd.,Sweater,5.0,3000.0,3000,360000.0,Sweater,"Khehur Bagan, Baro Ashulia, Dhaka, Dhaka",Dhaka,Dhaka,2001,['Sweater'],4320000.0,Very Large,24,1.0,1440.0,1,0,0,0,0,0,1
Annex Fashion Ltd.,Knit,5.0,300.0,157,80000.0,"T-Shirts ,Panties ,Swim Wears","P.M. Center (4Th & 5Th Floor), 215/216, D.T. Road, Chittagong, Dewanhat",Chittagong,Dewanhat,1998,"['T-Shirts', 'Panties', 'Swim Wears']",960000.0,Large,27,1.910828025477707,6114.649681528663,3,0,0,0,0,0,0
Anon Tex Knit Tex Ltd.,Knit,5.0,800.0,500,300000.0,"T-Shirts ,Polo Shirts","538, 540, 541, Vadam, Nishatnagar, Gazipur, Tongi",Gazipur,Tongi,2015,"['T-Shirts', 'Polo Shirts']",3600000.0,Very Large,10,1.6,7200.0,2,0,0,0,0,0,0
Anowara Apparels Ltd.,Woven,5.0,250.0,150,50000.0,"Pants ,Shorts ,Trousers","601, Strand Road, Chittagong, Mazhirghat",Chittagong,Mazhirghat,1991,"['Pants', 'Shorts', 'Trousers']",600000.0,Large,34,1.6666666666666667,4000.0,3,0,0,1,0,0,0
Anowara Dress Makers Ltd.,Woven,5.0,1100.0,795,2680000.0,"Shirts ,Cargo Pants ,Putter Pants ,Dress Pants","Upahar Complex, Cda Plot # 10, Agrabad C/A, Chittagong, Agrabad",Chittagong,Agrabad,2006,"['Shirts', 'Cargo Pants', 'Putter Pants', 'Dress Pants']",32160000.0,Very Large,19,1.3836477987421383,40452.83018867925,4,0,0,0,0,0,0
Anowara Fashions Ltd.,Woven,5.0,500.0,250,60000.0,"Shirts ,Blouses ,Dresses","Bscic I/E, Chittagong, Kalurghat",Chittagong,Kalurghat,2001,"['Shirts', 'Blouses', 'Dresses']",720000.0,Large,24,2.0,2880.0,3,0,0,0,0,0,0
Anowara knit Composite Ltd.,Knit,5.0,1500.0,446,1000000.0,"T-Shirts ,Polo Shirts","Mulayed, Mawna, Gazipur, Sreepur",Gazipur,Sreepur,2016,"['T-Shirts', 'Polo Shirts']",12000000.0,Very Large,9,3.3632286995515694,26905.829596412557,2,0,0,0,0,0,0
ANR Fashion Wear Ltd.,Woven,1.0,450.0,124,300000.0,"Shirt ,Pant ,T-Shirt ,Polo Shirt, Sweater","Deger Chala Road, National University, Gazipur, Gazipur",Gazipur,Gazipur,2022,"['Shirt', 'Pant', 'T-Shirt', 'Polo Shirt', 'Sweater']",3600000.0,Very Large,3,3.629032258064516,29032.25806451613,5,1,1,0,0,1,1
Antim Knitting Dyeing & Finising Ltd.,Knit,5.0,500.0,350,900000.0,"Polo Shirts ,T-Shirts","Rupshi Bus Stand, Narayanganj, Rupganj",Narayanganj,Rupganj,1998,"['Polo Shirts', 'T-Shirts']",10800000.0,Very Large,27,1.4285714285714286,30857.14285714286,2,0,0,0,0,0,0
Anupam Eco Fashions Ltd.,Sweater,5.0,1540.0,1300,50000.0,"Pullovers ,Sweaters ,Cardigans","Dakhin Panishail, Kashimpur, Gazipur, B. Baria",Gazipur,B. Baria,2001,"['Pullovers', 'Sweaters', 'Cardigans']",600000.0,Large,24,1.1846153846153846,461.53846153846155,3,0,0,0,0,0,0
Anupam Hosiery Inds (Pvt) Ltd.,Knit,5.0,3000.0,1560,66500.0,"T-Shirts ,Jackets ,Pants ,Skirts","Vulta, Rupganj, Narayanganj, Narayangonj",Narayanganj,Narayangonj,1992,"['T-Shirts', 'Jackets', 'Pants', 'Skirts']",798000.0,Large,33,1.9230769230769231,511.53846153846155,4,0,0,1,0,0,0
Anupom Fashion Wear Ltd.,Woven,5.0,300.0,154,40000.0,"Jackets ,Overalls ,Pants","Tamanna Complex (3Rd Floor), Cb-288, Kachukhet, Dhaka, Cantonment",Dhaka,Cantonment,2000,"['Jackets', 'Overalls', 'Pants']",480000.0,Large,25,1.948051948051948,3116.883116883117,3,0,0,1,0,0,0
Anza Textile Ltd.,Knit,5.0,50.0,120,114000.0,"T-Shirts ,Polo Shirts","1558, Access Road, Chittagong, Agrabad",Chittagong,Agrabad,2007,"['T-Shirts', 'Polo Shirts']",1368000.0,Very Large,18,0.4166666666666667,11400.0,2,0,0,0,0,0,0
Anzir Apparels Ltd.,Sweater,5.0,1290.0,1238,150000.0,"Cardigans ,Jumpers ,Cardigans ,Pullovers","South Gazirchat, Baipal, Ashulia, Dhaka, B. Baria",Dhaka,B. Baria,2022,"['Cardigans', 'Jumpers', 'Cardigans', 'Pullovers']",1800000.0,Very Large,3,1.0420032310177707,1453.9579967689822,4,0,0,0,0,0,0
Anzir Apparels Ltd. (U-2),Sweater,5.0,1195.0,1217,350000.0,"Sweaters ,Pullover ,Cardigans ,Jumpers","Dewan Idris Road, Zirabo, Ashulia, Dhaka, Savar",Dhaka,Savar,2004,"['Sweaters', 'Pullover', 'Cardigans', 'Jumpers']",4200000.0,Very Large,21,0.9819227608874281,3451.1092851273625,4,0,0,0,0,0,0
Anzir Terry Towels Ltd.,Knit,5.0,125.0,52,1650000.0,Towels,"Gazirchat, Baipail, Ashulia, Dhaka, Savar",Dhaka,Savar,2012,['Towels'],19800000.0,Very Large,13,2.4038461538461537,380769.23076923075,1,0,0,0,0,0,0
Apace Ltd.,Knit,5.0,250.0,150,50000.0,"Trousers ,Jackets ,Ladies Dresses","436/457, Chatteswari Road, Gazi Shah Lane, Dev Pahar, Chittagong, Devpahar",Chittagong,Devpahar,2001,"['Trousers', 'Jackets', 'Ladies Dresses']",600000.0,Large,24,1.6666666666666667,4000.0,3,0,0,0,0,0,0
Apex Fashion Wear Ltd.,Knit,1.0,3947.0,1385,4200000.0,Unknown,"B-50/3, Kalampur, Kaliakoir, Gazipur, Gazipur",Gazipur,Gazipur,2016,[],50400000.0,Very Large,9,2.8498194945848376,36389.8916967509,0,0,0,0,0,0,0
Apex Knit Composite Ltd.,Knit,5.0,350.0,250,400000.0,"T-Shirts ,Polo Shirts","Gilarchala, Mouza-7, Keowa, Gazipur, Sreepur",Gazipur,Sreepur,2011,"['T-Shirts', 'Polo Shirts']",4800000.0,Very Large,14,1.4,19200.0,2,0,0,0,0,0,0
Apex Lingerie Ltd.,Knit,5.0,4636.0,1257,2000000.0,"Ladies Bra ,Panties ,Under Garments ,Briefs","Chandora, Shafipur, Kaliakoir, Gazipur, Gazipur",Gazipur,Gazipur,2000,"['Ladies Bra', 'Panties', 'Under Garments', 'Briefs']",24000000.0,Very Large,25,3.6881463802704855,19093.07875894988,4,0,0,0,0,0,0
Apex Spinning & Knitting Mills Ltd.,Knit,5.0,4955.0,948,2800000.0,"Polo Shirts ,T-Shirts ,Sweat Shirts ,Trousers","Chandora, Shafipur, Kaliakoir, Gazipur, Gazipur",Gazipur,Gazipur,1992,"['Polo Shirts', 'T-Shirts', 'Sweat Shirts', 'Trousers']",33600000.0,Very Large,33,5.226793248945148,35443.037974683546,4,0,0,0,0,0,0
Apex Textile Printing Mills Ltd.,Knit,5.0,5271.0,1164,5300000.0,"T-Shirts ,Polo Shirts ,Sweat Shirts","Chandora, Shafipur, Kaliakoir, Gazipur, Gazipur",Gazipur,Gazipur,2005,"['T-Shirts', 'Polo Shirts', 'Sweat Shirts']",63600000.0,Very Large,20,4.528350515463917,54639.17525773196,3,0,0,0,0,0,0
Apex Weaving & Finishing Mills Ltd.,Woven,5.0,705.0,380,635000.0,"Matress Cover ,Curtains ,Bed Linen ,Cishion Cover","East Chandra, Gazipur, Shafipur",Gazipur,Shafipur,1998,"['Matress Cover', 'Curtains', 'Bed Linen', 'Cishion Cover']",7620000.0,Very Large,27,1.855263157894737,20052.63157894737,4,0,0,0,0,0,0
Apical Industries Ltd.,Woven,1.0,513.0,417,125000.0,"Shirt ,Pant ,T-Shirt ,Polo Shirt","Zinzira, Birulia, Savar, Dhaka, Dhaka",Dhaka,Dhaka,2023,"['Shirt', 'Pant', 'T-Shirt', 'Polo Shirt']",1500000.0,Very Large,2,1.2302158273381294,3597.122302158273,4,1,1,0,0,1,0
Apollo Apparels Limited,Woven,1.0,2545.0,200,9500000.0,"Shirt ,Pant ,T-Shirt ,Polo Shirt","Biximco Industrial Park, Sarabo, Kashimpur, Gazipur, Gazipur",Gazipur,Gazipur,2020,"['Shirt', 'Pant', 'T-Shirt', 'Polo Shirt']",114000000.0,Very Large,5,12.725,570000.0,4,1,1,0,0,1,0
Apollo Sewing & Garments Ltd.,Knit,5.0,480.0,283,240000.0,"Active Wears ,Swiming Suits ,T-Shirts","1 & 4, Cda Momin Road (2Nd -5Th Floor), Jamal Khan, Chittagong","1 & 4, Cda Momin Road (2Nd -5Th Floor), Jamal Khan",Chittagong,1991,"['Active Wears', 'Swiming Suits', 'T-Shirts']",2880000.0,Very Large,34,1.696113074204947,10176.678445229682,3,0,0,0,0,0,0
Apparel Crafts Ltd.,Woven,5.0,519.0,226,156000.0,"Sleep Wears ,Long Pants ,Boxer Shorts ,Overalls","G.P. Ga 185/A, School Road, Dhaka, Mohakhali",Dhaka,Mohakhali,1992,"['Sleep Wears', 'Long Pants', 'Boxer Shorts', 'Overalls']",1872000.0,Very Large,33,2.2964601769911503,8283.185840707965,4,0,0,0,0,0,0
Apparel Export Ltd.,Woven,5.0,600.0,400,75000.0,"Trousers ,Fleece Jackets ,Shorts ,Bermuda","2/C, Darussalam Road, Section # 1, Dhaka, Mirpur",Dhaka,Mirpur,1991,"['Trousers', 'Fleece Jackets', 'Shorts', 'Bermuda']",900000.0,Large,34,1.5,2250.0,4,0,0,0,0,0,0
Apparel Fair Ltd.,Knit,5.0,153.0,87,80000.0,"Shirts ,Knit Items","71/B, Malibagh Chowdhury Para, Dhaka, Malibagh",Dhaka,Malibagh,1998,"['Shirts', 'Knit Items']",960000.0,Large,27,1.7586206896551724,11034.48275862069,2,0,0,0,0,0,0
Apparel Gallery Ltd.,Woven,5.0,7560.0,596,1456000.0,"Shirts ,Overalls ,Shorts ,Trousers","144, 147, 148, East Narasinghpur, Ashulia, Dhaka, B. Baria",Dhaka,B. Baria,2008,"['Shirts', 'Overalls', 'Shorts', 'Trousers']",17472000.0,Very Large,17,12.684563758389261,29315.43624161074,4,0,0,0,0,0,0
Apparel Industry Ltd.,Woven,5.0,0.0,0,0.0,"Blouses ,Jackets","House # 82 (3Rd Floor), New Air Port Road, Dhaka, Banani",Dhaka,Banani,2001,"['Blouses', 'Jackets']",0.0,,24,0.0,0.0,2,0,0,0,0,0,0
Apparel Options (Pvt) Ltd.,Woven,5.0,140.0,80,36000.0,Trousers,"436/457, Gaji Shah Lane, Chattechari, Chittagong","436/457, Gaji Shah Lane, Chattechari",Chittagong,2001,['Trousers'],432000.0,Large,24,1.75,5400.0,1,0,0,0,0,0,0
Apparel Plus Ltd.,Knit,5.0,965.0,794,2100000.0,"Shirts ,Pants ,T-Shirts ,Polo Shirts","Holding # She-18, Dilan Cpmplex,, Dhaka Road, Chandona Chowrasta, Gazipur, Chandana",Gazipur,Chandana,2014,"['Shirts', 'Pants', 'T-Shirts', 'Polo Shirts']",25200000.0,Very Large,11,1.2153652392947103,31738.035264483628,4,0,0,1,0,0,0
Apparel Promoters Ltd.,Woven,5.0,416.0,73,80000.0,"Jackets ,Trousers ,Overalls","1670/2091, West Sholashahar, Aturar Dipot, Chittagong","1670/2091, West Sholashahar, Aturar Dipot",Chittagong,2000,"['Jackets', 'Trousers', 'Overalls']",960000.0,Large,25,5.698630136986301,13150.684931506848,3,0,0,0,0,0,0
Apparel Stitch Ltd.,Knit,5.0,943.0,360,144000.0,"Ladies Shirts ,Denim Trousers ,Polo Shirts","430/1/A, Tejgaon I/A, Dhaka, Tejgaon",Dhaka,Tejgaon,2000,"['Ladies Shirts', 'Denim Trousers', 'Polo Shirts']",1728000.0,Very Large,25,2.6194444444444445,4800.0,3,0,0,0,0,0,0
Apparel Today Ltd.,Knit,5.0,1230.0,433,150000.0,"Sleep Wears ,Briefs ,T-Shirts ,Boxers","Plot # 1, Road # 1, Turag Housing, Beribandh, Dhaka, Mohammadpur",Dhaka,Mohammadpur,2007,"['Sleep Wears', 'Briefs', 'T-Shirts', 'Boxers']",1800000.0,Very Large,18,2.840646651270208,4157.043879907621,4,0,0,0,0,0,0
Apparel-21 Ltd.,Knit,5.0,1950.0,660,1058550.0,"T-Shirts ,Under Wears ,Polo Shirts ,Tanl Top","Shirir Chala, Bagher Bazar, Gazipur, B. Baria",Gazipur,B. Baria,2007,"['T-Shirts', 'Under Wears', 'Polo Shirts', 'Tanl Top']",12702600.0,Very Large,18,2.9545454545454546,19246.363636363636,4,0,0,0,0,0,0
Apparels Bangla Sourcing Ltd.,Sweater,5.0,90.0,77,8300.0,Sweaters,"Chamudda, Gazipur, Pubail",Gazipur,Pubail,2009,['Sweaters'],99600.0,Medium,16,1.1688311688311688,1293.5064935064936,1,0,0,0,0,0,0
Apparels Exporters,Sweater,5.0,520.0,1000,62500.0,Sweaters,"Zamgora Botala, Ashulia, Dhaka, Savar",Dhaka,Savar,2012,['Sweaters'],750000.0,Large,13,0.52,750.0,1,0,0,0,0,0,0
Apparels Village Ltd.,Knit,5.0,1600.0,750,600000.0,"T-Shirts ,Polo Shirts ,Payjama sets ,Tank Tops","Khagan, Birulia, Dhaka, Savar",Dhaka,Savar,2002,"['T-Shirts', 'Polo Shirts', 'Payjama sets', 'Tank Tops']",7200000.0,Very Large,23,2.1333333333333333,9600.0,4,0,0,0,0,0,0
Appear Composite Fashion Ltd.,Knit,5.0,250.0,200,13000.0,"T-Shirts ,Polo Shirts","Holding # C-69/1, Vogra, Sharifpur Konapara Road, National University, Gazipur, Gazipur",Gazipur,Gazipur,2015,"['T-Shirts', 'Polo Shirts']",156000.0,Large,10,1.25,780.0,2,0,0,0,0,0,0
Applique Fashionwear Ltd.,Woven,5.0,600.0,200,1400000.0,"Trousers ,T-Shirts ,Jogging Suite","840-841, Baitul Aman Housing Society, Ring Road, Dhaka, Shamoli",Dhaka,Shamoli,1991,"['Trousers', 'T-Shirts', 'Jogging Suite']",16800000.0,Very Large,34,3.0,84000.0,3,0,0,0,0,0,0
Appollo Knitwear (BD) Ltd.,Knit,5.0,460.0,224,600000.0,"T-Shirts ,Polo Shirts ,Tank Tops","Plot # I-5, I-5/I, Road # 7, Section # 7, Dhaka, Mirpur",Dhaka,Mirpur,2011,"['T-Shirts', 'Polo Shirts', 'Tank Tops']",7200000.0,Very Large,14,2.0535714285714284,32142.85714285714,3,0,0,0,0,0,0
Appolo Fashions Ltd.,Knit,5.0,600.0,250,250000.0,"T-Shirts ,Polo Shirts ,Jackets ,Tank Top","Plot # I-5/2, Road # 7, Section # 7, Dhaka, Mirpur",Dhaka,Mirpur,1999,"['T-Shirts', 'Polo Shirts', 'Jackets', 'Tank Top']",3000000.0,Very Large,26,2.4,12000.0,4,0,0,0,0,0,0
Appropriate Apparels Ltd.,Woven,5.0,320.0,158,250000.0,"Shirts ,Pants ,T-Shirts ,Polo Shirts","Mouchak, Kaliakoir, Gazipur, Gazipur",Gazipur,Gazipur,2012,"['Shirts', 'Pants', 'T-Shirts', 'Polo Shirts']",3000000.0,Very Large,13,2.0253164556962027,18987.3417721519,4,0,0,1,0,0,0
April Fashions Ltd.,Sweater,5.0,775.0,650,60000.0,Sweaters,"Plot # Cs-115, Rs-184, Holding # 129, Sataish, Ka Para Road, Gazipur, Tongi",Gazipur,Tongi,2004,['Sweaters'],720000.0,Large,21,1.1923076923076923,1107.6923076923076,1,0,0,0,0,0,0
APS Apparels Ltd.,Knit,5.0,539.0,376,390000.0,"Ladies Top ,T-Shirts ,Polo Shirts","Holding # 106, Ward # 5, East Faridabad, Baitur Rahmat Jame Mosque Road, Dhaka, Dakshinkhan",Dhaka,Dakshinkhan,1999,"['Ladies Top', 'T-Shirts', 'Polo Shirts']",4680000.0,Very Large,26,1.4335106382978724,12446.808510638299,3,0,0,0,0,0,0
Aps Clothing Ltd.,Knit,5.0,526.0,215,390000.0,"T-Shirts ,Polo Shirts ,Tank Tops","Holding # 106, Ward # 5, East Faridabad, Baitur Rahmat Jame Mosque Road, Dhaka, Dakshinkhan",Dhaka,Dakshinkhan,2010,"['T-Shirts', 'Polo Shirts', 'Tank Tops']",4680000.0,Very Large,15,2.4465116279069767,21767.441860465115,3,0,0,0,0,0,0
APS Holdings Ltd.,Knit,5.0,474.0,265,390000.0,"T-Shirts ,Polo Shirts","Holding # 106, Word # 5, East Faidabad, Dakhin Khan, Dhaka, Uttara",Dhaka,Uttara,2011,"['T-Shirts', 'Polo Shirts']",4680000.0,Very Large,14,1.788679245283019,17660.377358490565,2,0,0,0,0,0,0
APS Knit Composite Ltd.,Knit,5.0,576.0,382,650000.0,"T-Shirts ,Polo Shirts","Kamargaon, Pubail, Gazipur, Gazipur Sadar",Gazipur,Gazipur Sadar,2014,"['T-Shirts', 'Polo Shirts']",7800000.0,Very Large,11,1.5078534031413613,20418.84816753927,2,0,0,0,0,0,0
APT Fashion Wear (Pvt) Ltd.,Knit,5.0,750.0,450,60000.0,"Shirts ,Children Wears ,Jackets ,Pants","Yakub Plaza (1St Floor), 1, Port Connecting Road, Chittagong","Yakub Plaza (1St Floor), 1, Port Connecting Road",Chittagong,1997,"['Shirts', 'Children Wears', 'Jackets', 'Pants']",720000.0,Large,28,1.6666666666666667,1600.0,4,0,0,1,0,0,0
Apt International Ltd.,Knit,5.0,450.0,200,50000.0,"T-Shirts ,Polo Shirts ,Tank Tops","Shahmirpur, Bokhtiar Sarak, Patia, Chittagong, Karnafully",Chittagong,Karnafully,2007,"['T-Shirts', 'Polo Shirts', 'Tank Tops']",600000.0,Large,18,2.25,3000.0,3,0,0,0,0,0,0
Aqsha Fashions Limited,Woven,1.0,478.0,198,240000.0,"Shirt ,Pant ,T-Shirt ,Polo Shirt","175/A/186, Sk. Mujib Road, Agrabad C/A, Double Mooring, Chittagong, Chittagong",Chittagong,Chittagong,2022,"['Shirt', 'Pant', 'T-Shirt', 'Polo Shirt']",2880000.0,Very Large,3,2.414141414141414,14545.454545454546,4,1,1,0,0,1,0
AR Jeans Producer Ltd.,Unknown,,2850.0,0,748800.0,"Woven Pants ,Skirt ,Jacket ,Bermuda,Vest","Kathgora, Zirabo, Ashulia, Savar, Dhaka",Savar,Dhaka,2017,"['Woven Pants', 'Skirt', 'Jacket', 'Bermuda', 'Vest']",8985600.0,Very Large,8,0.0,0.0,5,0,0,0,1,0,0
AR Style Ltd.,Woven,5.0,300.0,197,45000.0,"Shirts ,Pants","Kajlar Par, Vangha Press, Dhaka, Jatra Bari",Dhaka,Jatra Bari,2013,"['Shirts', 'Pants']",540000.0,Large,12,1.5228426395939085,2741.1167512690354,2,0,0,1,0,0,0
Arabee Knitwear Ltd.,Knit,5.0,290.0,179,0.0,"T-Shirts ,Polo Shirts","Mouchak, Gazipur, Kaliakoir",Gazipur,Kaliakoir,2009,"['T-Shirts', 'Polo Shirts']",0.0,,16,1.6201117318435754,0.0,2,0,0,0,0,0,0
Arabi Fashion Ltd.,Knit,5.0,1637.0,827,940000.0,"T-Shirts ,Polo Shirts","Bokran, Monipur, Gazipur Sadar, Gazipur, Gazipur",Gazipur,Gazipur,2015,"['T-Shirts', 'Polo Shirts']",11280000.0,Very Large,10,1.9794437726723095,13639.661426844015,2,0,0,0,0,0,0
Arafat Fashion Garments Ltd.,Woven,5.0,350.0,140,15000.0,"Jackets ,Trousers ,Blouses","754, Askarabad, Mansurabadh,, Dhaka Trunk Road, Chittagong, Double Mooring",Chittagong,Double Mooring,1985,"['Jackets', 'Trousers', 'Blouses']",180000.0,Large,40,2.5,1285.7142857142858,3,0,0,0,0,0,0
ARBA Garments & Industry Ltd.,Knit,5.0,499.0,186,650000.0,"T-Shirts ,Polo Shirts ,Polar Fleece","Siraj Bhaban, Plot # I/3, Road # 6, Section # 7, Pallabi, Dhaka, Mirpur",Dhaka,Mirpur,2006,"['T-Shirts', 'Polo Shirts', 'Polar Fleece']",7800000.0,Very Large,19,2.682795698924731,41935.48387096774,3,0,0,0,0,0,0
Arbella Fashion Ltd.,Woven,1.0,3.0,974,425010.0,Unknown,"Mouza-38, Vill- Gararon, Union- Bhormi, Thana- Sreepur, Gazipur, Gazipur",Gazipur,Gazipur,2021,[],5100120.0,Very Large,4,0.003080082135523614,5236.262833675564,0,0,0,0,0,0,0
Arcadia Apparels Ltd.,Woven,5.0,300.0,128,30000.0,"Jackets ,Overalls ,Trousers","1/1, Khilgoan, D.I.T Road, Hajipara, Dhaka, Rampura",Dhaka,Rampura,1993,"['Jackets', 'Overalls', 'Trousers']",360000.0,Large,32,2.34375,2812.5,3,0,0,0,0,0,0
Arcorp Denim Ltd.,Woven,5.0,100.0,777,240000.0,"Shirts ,pants","Kumkumary, Gouripur, Ashulia, Dhaka, Savar",Dhaka,Savar,2014,"['Shirts', 'pants']",2880000.0,Very Large,11,0.1287001287001287,3706.5637065637065,2,0,0,0,0,0,0
Areana Garments Ltd,Woven,5.0,275.0,100,25000.0,"Jackets ,Windbreaker ,Pants","72, East Testory Bazar, Dhaka, Dhaka",Dhaka,Dhaka,1984,"['Jackets', 'Windbreaker', 'Pants']",300000.0,Large,41,2.75,3000.0,3,0,0,1,0,0,0
Arefin Textile Mills Ltd.,Knit,5.0,990.0,360,900000.0,"T-Shirts ,Briefs ,Underwears ,A-Shirts","20-24, Bscic I/A, Patiya, Chittagong, Patenga",Chittagong,Patenga,1995,"['T-Shirts', 'Briefs', 'Underwears', 'A-Shirts']",10800000.0,Very Large,30,2.75,30000.0,4,0,0,0,0,0,0
Argenta Garment Inds. Ltd.,Knit,5.0,250.0,240,48000.0,"Trousers ,Shorts ,Pants","4/1, Abdul Hamid Road (1St Floor), Sholak Bahar, Mirzapool, Chittagong","4/1, Abdul Hamid Road (1St Floor), Sholak Bahar, Mirzapool",Chittagong,1985,"['Trousers', 'Shorts', 'Pants']",576000.0,Large,40,1.0416666666666667,2400.0,3,0,0,1,0,0,0
ARH Knit Composite Ltd.,Knit,5.0,300.0,136,9600.0,"T-Shirts ,Polo Shirts ,Trousers ,Jackets","College Gate, Dewaliabari, Gazipur, Konabari",Gazipur,Konabari,2013,"['T-Shirts', 'Polo Shirts', 'Trousers', 'Jackets']",115200.0,Large,12,2.2058823529411766,847.0588235294117,4,0,0,0,0,0,0
Arien Knit Composite Ltd.,Knit,1.0,2.0,201,5000000.0,"T-Shirt ,Polo Shirt","Latifpur, Sardagonj, Kashimpur, Gazipur, Gazipur",Gazipur,Gazipur,2023,"['T-Shirt', 'Polo Shirt']",60000000.0,Very Large,2,0.009950248756218905,298507.46268656716,2,1,0,0,0,1,0
Aries Apparels Limited,Woven,5.0,0.0,85,14000.0,Windbreakers,"24/2 Khiljee Road, Dhaka, Mohammadpur",Dhaka,Mohammadpur,1996,['Windbreakers'],168000.0,Large,29,0.0,1976.4705882352941,1,0,0,0,0,0,0
Arina International Ltd.,Knit,5.0,255.0,120,20000.0,"Shirts ,Pants","67, Khilgaon, Chowdhury Para, Purbo Haji Para, Dit Road, Dhaka, Rampura",Dhaka,Rampura,2013,"['Shirts', 'Pants']",240000.0,Large,12,2.125,2000.0,2,0,0,1,0,0,0
Arion Dresses Ltd.,Woven,5.0,650.0,210,400000.0,"Padded Jackets ,Non Padded Jackets ,Bottoms","Adhunik Chawk Super Market (3Rd Floor), Chittagong City Corporation, Chittagong, Chawk Bazar",Chittagong,Chawk Bazar,1998,"['Padded Jackets', 'Non Padded Jackets', 'Bottoms']",4800000.0,Very Large,27,3.0952380952380953,22857.14285714286,3,0,0,0,0,0,0
Aristo Fashions Ltd.,Knit,5.0,500.0,230,33400.0,"T-Shirts ,Polo Shirts ,Tank Top","15/4-5, Shahid Nazrul Islam Sarak, Dhaka, Motijheel",Dhaka,Motijheel,2006,"['T-Shirts', 'Polo Shirts', 'Tank Top']",400800.0,Large,19,2.1739130434782608,1742.608695652174,3,0,0,0,0,0,0
Aristocral Sweater & Dyeing Ind. Ltd.,Sweater,5.0,550.0,300,60000.0,Sweaters,"Ashulia, Jamgara, Dhaka, Savar",Dhaka,Savar,2004,['Sweaters'],720000.0,Large,21,1.8333333333333333,2400.0,1,0,0,0,0,0,0
Aristocrat Fashions (Pvt) Ltd.,Unknown,,0.0,0,280000.0,"T-Shirt, Night-Wear ,Polo-Shirt, Shorts ,Dress ,Hoody Jacket","109, Nayabari, Savar, Dhaka, Bangladesh., Dhaka","109, Nayabari, Savar, Dhaka, Bangladesh.",Dhaka,2010,"['T-Shirt', 'Night-Wear', 'Polo-Shirt', 'Shorts', 'Dress', 'Hoody Jacket']",3360000.0,Very Large,15,0.0,0.0,6,1,0,0,0,0,0
Arizona Sweater Ltd.,Sweater,5.0,2600.0,1400,167000.0,"Sweaters ,Cardigans ,Pullovers","17, Sujat Nagar, Pallabi, Section # 12, Dhaka, Mirpur",Dhaka,Mirpur,2001,"['Sweaters', 'Cardigans', 'Pullovers']",2004000.0,Very Large,24,1.8571428571428572,1431.4285714285713,3,0,0,0,0,0,0
ARK Pullover Ltd.,Sweater,5.0,850.0,424,60000.0,"Sweaters ,Pullovers ,Cardigans","Khailkoir, Kolmeshar Battala Road, Gazipur, Board Bazar",Gazipur,Board Bazar,2008,"['Sweaters', 'Pullovers', 'Cardigans']",720000.0,Large,17,2.0047169811320753,1698.1132075471698,3,0,0,0,0,0,0
Arkay Knit Dyeing Mills Ltd.,Knit,1.0,1346.0,715,1300000.0,"T-Shirt ,Polo Shirt","Bangabandhu Road, Tongabari, Ashulia, Dhaka, Dhaka",Dhaka,Dhaka,2021,"['T-Shirt', 'Polo Shirt']",15600000.0,Very Large,4,1.8825174825174824,21818.18181818182,2,1,0,0,0,1,0
ARL Apparels Ltd.,Woven,5.0,250.0,150,60000.0,Shirts,"Taj Machinery Market, 234, Jubilee Road, Chittagong","Taj Machinery Market, 234, Jubilee Road",Chittagong,1992,['Shirts'],720000.0,Large,33,1.6666666666666667,4800.0,1,0,0,0,0,0,0
ARL Dresses Ltd.,Woven,5.0,147.0,52,0.0,"Shirts ,Jackets ,Polo Shirts","234, Jubilee Road, Chittagong, Pahartoli",Chittagong,Pahartoli,2000,"['Shirts', 'Jackets', 'Polo Shirts']",0.0,,25,2.826923076923077,0.0,3,0,0,0,0,0,0
Armana Apparels Ltd.,Woven,5.0,840.0,400,150000.0,"Jackets ,Overalls ,Pants ,Overalls","232-234, Tejgaon I/A, Dhaka, Tejgaon",Dhaka,Tejgaon,2002,"['Jackets', 'Overalls', 'Pants', 'Overalls']",1800000.0,Very Large,23,2.1,4500.0,4,0,0,1,0,0,0
Armana Fashions Limited,Woven,5.0,1050.0,500,200000.0,"Shirts ,Overalls ,Pants ,Skirts","232-234, Tejgaon I/A, Dhaka, Tejgaon",Dhaka,Tejgaon,1996,"['Shirts', 'Overalls', 'Pants', 'Skirts']",2400000.0,Very Large,29,2.1,4800.0,4,0,0,1,0,0,0
Armin Sweaters (BD) Ltd.,Sweater,5.0,270.0,180,30000.0,"Sweaters ,Pullovers ,Cardigans","Plot # 1, Kalma Maddhopara, Kalma Dairy Firm, Dhaka, B. Baria",Dhaka,B. Baria,2001,"['Sweaters', 'Pullovers', 'Cardigans']",360000.0,Large,24,1.5,2000.0,3,0,0,0,0,0,0
Armour Garments Ltd.,Knit,5.0,363.0,100,120000.0,"T-Shirts ,Polo Shirts ,Trousers","380/13/1, Dhaka, East Rampura",Dhaka,East Rampura,1991,"['T-Shirts', 'Polo Shirts', 'Trousers']",1440000.0,Very Large,34,3.63,14400.0,3,0,0,0,0,0,0
Arna Tex Ltd.,Unknown,,0.0,0,100000.0,Sweater,"Choto Gadair Char, Madhabdi, Narsingdi","Choto Gadair Char, Madhabdi",Narsingdi,2019,['Sweater'],1200000.0,Very Large,6,0.0,0.0,1,0,0,0,0,0,1
Arnob Sweaters Ltd.,Sweater,5.0,500.0,300,90000.0,"Sweaters ,Cardigans ,Pullovers","147 Dit Extension Road Fakirapool, Motijheel., Dhaka, Dhaka",Dhaka,Dhaka,2003,"['Sweaters', 'Cardigans', 'Pullovers']",1080000.0,Very Large,22,1.6666666666666667,3600.0,3,0,0,0,0,0,0
Aroma Fashion Wear Ltd.,Woven,5.0,350.0,134,50000.0,"Shirts ,Jackets ,Pants ,Skirts","Habib Super Market, 50 Gulshan, Dhaka, Gulshan",Dhaka,Gulshan,2000,"['Shirts', 'Jackets', 'Pants', 'Skirts']",600000.0,Large,25,2.611940298507463,4477.611940298508,4,0,0,1,0,0,0
Aroma Fashions Ltd.,Knit,5.0,150.0,90,300000.0,"T-Shirts ,Panties ,Briefs ,Cami","92/618, Batali Road (3Rd Floor), Enayet Bazar, Chittagong, Enayet Bazar",Chittagong,Enayet Bazar,1998,"['T-Shirts', 'Panties', 'Briefs', 'Cami']",3600000.0,Very Large,27,1.6666666666666667,40000.0,4,0,0,0,0,0,0
Around Star Sweaters Ltd.,Sweater,5.0,1800.0,1000,150000.0,"Sweaters ,Pullovers ,Cardigans ,Vests","Hazi Azij Super Market (1St Floor), Golakandail, Bhulta, Narayanganj, Rupganj",Narayanganj,Rupganj,1994,"['Sweaters', 'Pullovers', 'Cardigans', 'Vests']",1800000.0,Very Large,31,1.8,1800.0,4,0,0,0,0,0,0
Arpita Fashion Wear,Knit,1.0,77.0,77,80000.0,"T-Shirt ,Polo Shirt","Plot # 06, Dewan Idris Road, Ashulia, Savar, Dhaka, Dhaka",Dhaka,Dhaka,2022,"['T-Shirt', 'Polo Shirt']",960000.0,Large,3,1.0,12467.532467532468,2,1,0,0,0,1,0
Array Wears Ltd.,Woven,5.0,196.0,119,100000.0,"Jackets ,Rumper","1027, Malibagh Bazar Road, Dhaka, Malibagh",Dhaka,Malibagh,1994,"['Jackets', 'Rumper']",1200000.0,Very Large,31,1.6470588235294117,10084.033613445377,2,0,0,0,0,0,0
Arrival Fashion Ltd.,Woven,5.0,1918.0,948,350000.0,"Pants ,Shorts ,Overalls ,Skirts","Colomessore, National University, Gazipur, Gazipur",Gazipur,Gazipur,1998,"['Pants', 'Shorts', 'Overalls', 'Skirts']",4200000.0,Very Large,27,2.023206751054852,4430.379746835443,4,0,0,1,0,0,0
Arrow Fabrics (Pvt.) Ltd.,Woven,5.0,255.0,175,6000.0,"Pants ,Shorts ,Skirts","Standard Factory Building, S,S,-1, Plot # 50-51, Kepz, Chittagong, Patenga",Chittagong,Patenga,2007,"['Pants', 'Shorts', 'Skirts']",72000.0,Medium,18,1.457142857142857,411.42857142857144,3,0,0,1,0,0,0
Arrow Jeans (Pvt) Ltd.,Woven,5.0,700.0,450,150000.0,"Overalls ,Jackets ,Pants ,Skirts","Musa Bhaban, P.C. Road, Chittagong, Halishahar",Chittagong,Halishahar,1996,"['Overalls', 'Jackets', 'Pants', 'Skirts']",1800000.0,Very Large,29,1.5555555555555556,4000.0,4,0,0,1,0,0,0
Arrow Sports Wear Ltd.,Woven,5.0,350.0,220,250000.0,Caps & Hats,"Tea Garden Road, Vannara, Mouchak, Gazipur, Kaliakoir",Gazipur,Kaliakoir,1997,['Caps  Hats'],3000000.0,Very Large,28,1.5909090909090908,13636.363636363636,1,0,0,0,0,0,0
Artistic Apparels Ltd.,Woven,5.0,450.0,210,48000.0,"Shirts ,Pants ,Trousers","50, New Chaktai, Delwar Hossain Showdagor Market, Chittagong, Chaktai",Chittagong,Chaktai,2001,"['Shirts', 'Pants', 'Trousers']",576000.0,Large,24,2.142857142857143,2742.8571428571427,3,0,0,1,0,0,0
Artistic Design Ltd.,Woven,5.0,1477.0,516,200000.0,"Jackets ,T-Shirts ,Polo Shirts ,Tank Top","Plot # 232, 233, East Narshingpur, Ashulia, Dhaka, B. Baria",Dhaka,B. Baria,2007,"['Jackets', 'T-Shirts', 'Polo Shirts', 'Tank Top']",2400000.0,Very Large,18,2.862403100775194,4651.162790697675,4,0,0,0,0,0,0
Arunima Apparels Ltd,Woven,5.0,1024.0,493,202800.0,"Shorts ,Jackets ,Trousers ,Skirts","Plot # I/10, Block - K, Rupnagar, Section # 2, Dhaka, Mirpur",Dhaka,Mirpur,2000,"['Shorts', 'Jackets', 'Trousers', 'Skirts']",2433600.0,Very Large,25,2.077079107505071,4936.308316430021,4,0,0,0,0,0,0
Arunima Sports Wear Ltd.,Woven,5.0,4300.0,1572,9600000.0,"Top ,Bottom","Zirabo Bazar, Ashulia, Dhaka, Dhaka",Dhaka,Dhaka,2004,"['Top', 'Bottom']",115200000.0,Very Large,21,2.7353689567430024,73282.4427480916,2,0,0,0,0,0,0
Arva Textile Ltd.,Knit,5.0,453.0,280,150000.0,"Fleece Jackets ,Sportswear ,T-Shirts ,Polo Shirts","6528, Madrasa Road, North Gazirchat, Ashulia, Dhaka, Savar",Dhaka,Savar,2008,"['Fleece Jackets', 'Sportswear', 'T-Shirts', 'Polo Shirts']",1800000.0,Very Large,17,1.6178571428571429,6428.571428571428,4,0,0,0,0,0,0
Ashiana Garments Industries Ltd.,Woven,5.0,447.0,283,100000.0,"Shirts ,Ladies Shirts ,Tops ,Pants","2/1, East Rampura (2Nd To 5Th Fl), Dit Road, Dhaka, Rampura",Dhaka,Rampura,1998,"['Shirts', 'Ladies Shirts', 'Tops', 'Pants']",1200000.0,Very Large,27,1.5795053003533568,4240.282685512368,4,0,0,1,0,0,0
Ashique Dress Design Ltd.,Woven,5.0,1137.0,650,225000.0,Dress Pants,"Ashique Complex, 43, Chalabon, Azampur, Dhaka, Uttara",Dhaka,Uttara,2004,['Dress Pants'],2700000.0,Very Large,21,1.7492307692307691,4153.846153846154,1,0,0,0,0,0,0
Ashique Fashionwear Ltd.,Woven,5.0,490.0,280,105000.0,"Jogging Suits ,Knit Tops ,Casual Trousers ,Shorts","Ashique Complex, 43, Chalabon, Azampur, Dhaka, Uttara",Dhaka,Uttara,1999,"['Jogging Suits', 'Knit Tops', 'Casual Trousers', 'Shorts']",1260000.0,Very Large,26,1.75,4500.0,4,0,0,0,0,0,0
Ashique Jeans Apparels Ltd.,Woven,5.0,510.0,295,115000.0,"Jogging Suits ,Knit Tops ,Casual Trousers ,Knit Top","Ashique Complex, 43, Chalabon, Azampur, Dhaka, Uttara",Dhaka,Uttara,2000,"['Jogging Suits', 'Knit Tops', 'Casual Trousers', 'Knit Top']",1380000.0,Very Large,25,1.728813559322034,4677.966101694915,4,0,0,0,0,0,0
Ashraf-UL Sweater (Pvt.) Ltd.,Sweater,1.0,82.0,100,12480.0,Sweater,"Vatpara, Donpur, Sadar South, Cumilla, Comilla",Cumilla,Comilla,2022,['Sweater'],149760.0,Large,3,0.82,1497.6,1,0,0,0,0,0,1
Ashulia Apparels Ltd.,Woven,5.0,300.0,150,120000.0,"Ladies Dress ,Fleece Jackets ,T-Shirts ,Polo Shirts","Plot # 14, Block - Kha, Lane # 1, Section # 6, Senpara Parbata, Dhaka, Mirpur",Dhaka,Mirpur,2006,"['Ladies Dress', 'Fleece Jackets', 'T-Shirts', 'Polo Shirts']",1440000.0,Very Large,19,2.0,9600.0,4,0,0,0,0,0,0
Ashya Sweater Ltd.,Sweater,1.0,0.0,300,3000.0,Sweater,"1475, Uttor Khailkur, National University, Gazipur, Gazipur",Gazipur,Gazipur,2022,['Sweater'],36000.0,Medium,3,0.0,120.0,1,0,0,0,0,0,1
Asia Sourcing Trading Ltd.,Woven,1.0,3.0,142,1200000.0,"Shirt ,Pant ,T-Shirt ,Polo Shirt","Plot # 6, Holding # 302, Dewan Eddrish Road, Halim Super Market, Zirabo, Ashulia, Savar, Dhaka, Dhaka",Dhaka,Dhaka,2023,"['Shirt', 'Pant', 'T-Shirt', 'Polo Shirt']",14400000.0,Very Large,2,0.02112676056338028,101408.45070422535,4,1,1,0,0,1,0
Asif Fashion Industries Ltd.,Sweater,5.0,100.0,120,41000.0,Sweater,"Bhatpara, West Jorekanan, Sadar Dakkhin, Comilla, Joarshahara",Comilla,Joarshahara,2015,['Sweater'],492000.0,Large,10,0.8333333333333334,4100.0,1,0,0,0,0,0,1
Asif Apparels Ltd.,Sweater,5.0,0.0,200,150000.0,Sweaters,"Kashimpur, Gazipur, Konabari",Gazipur,Konabari,1998,['Sweaters'],1800000.0,Very Large,27,0.0,9000.0,1,0,0,0,0,0,0
Asif Fashion Industries Ltd.,Sweater,5.0,100.0,120,41000.0,Sweater,"Bhatpara, West Jorekanan, Sadar Dakkhin, Comilla, Joarshahara",Comilla,Joarshahara,2015,['Sweater'],492000.0,Large,10,0.8333333333333334,4100.0,1,0,0,0,0,0,1
Aspire Garments Ltd.,Unknown,,15.0,750,0.0,Unknown,"491, Dhalla Singair, Manikganj, Manikganj, Manikgonj",Manikganj,Manikgonj,2017,[],0.0,,8,0.02,0.0,0,0,0,0,0,0,0
ASR Computerized Sweater (Ind) Ltd.,Unknown,,0.0,0,75000.0,Unknown,"Mulaied, Maona, Gazipur","Mulaied, Maona",Gazipur,2019,[],900000.0,Large,6,0.0,0.0,0,0,0,0,0,0,0
ASR Sweater Ltd.,Unknown,,0.0,0,13000000.0,Sweater,"Mulaied, Maona Chowrasta, Gazipur","Mulaied, Maona Chowrasta",Gazipur,2019,['Sweater'],156000000.0,Very Large,6,0.0,0.0,1,0,0,0,0,0,1
Asrotex,Knit,5.0,750.0,236,450000.0,"T-Shirts ,Polo Shirts ,Panties","Dhormoganj, Enayat Nagar, Narayanganj, Fatullah",Narayanganj,Fatullah,1998,"['T-Shirts', 'Polo Shirts', 'Panties']",5400000.0,Very Large,27,3.1779661016949152,22881.35593220339,3,0,0,0,0,0,0
Asrotex Ltd.,Knit,5.0,1200.0,355,700000.0,"T-Shirts ,Polo Shirts","Beljuri, Natun Bazar, Gazipur, Sreepur",Gazipur,Sreepur,2012,"['T-Shirts', 'Polo Shirts']",8400000.0,Very Large,13,3.380281690140845,23661.971830985916,2,0,0,0,0,0,0
Assertion Designers Ltd.,Woven,5.0,265.0,124,0.0,Trousers,"Hazi Sabder Ali Complex, Mirer Bazar, Gazipur, Pubail",Gazipur,Pubail,2007,['Trousers'],0.0,,18,2.1370967741935485,0.0,1,0,0,0,0,0,0
Associated Garments Ltd,Woven,5.0,550.0,198,125000.0,"Shirts ,Jackets","271, Tejgaon I/A, Dhaka, Tejgaon",Dhaka,Tejgaon,1985,"['Shirts', 'Jackets']",1500000.0,Very Large,40,2.7777777777777777,7575.757575757576,2,0,0,0,0,0,0
AST Knitwear Ltd.,Knit,5.0,1280.0,700,1000000.0,"Jogger ,T-Shirts ,Polo Shirts ,Hoodied","Plot # 3/1, Block - East Chandana, Gazipur, Gazipur",Gazipur,Gazipur,2005,"['Jogger', 'T-Shirts', 'Polo Shirts', 'Hoodied']",12000000.0,Very Large,20,1.8285714285714285,17142.85714285714,4,0,0,0,0,0,0
Aster Apparels,Knit,1.0,1.0,100,350000.0,"T-Shirt ,Polo Shirt ,Jacket ,Pyjama","Mouchak, Kaliakair, Gazipur, Gazipur, Gazipur",Gazipur,Gazipur,2022,"['T-Shirt', 'Polo Shirt', 'Jacket', 'Pyjama']",4200000.0,Very Large,3,0.01,42000.0,4,1,0,0,1,1,0
Astex Garments Limited,Knit,5.0,600.0,350,78000.0,"Sweat Shirts ,Jogging Suits ,Pants ,Polo Shirts","306, Hazi Bachchu Miah Complex, Kunia, Targacha, Gazipur, National University",Gazipur,National University,1995,"['Sweat Shirts', 'Jogging Suits', 'Pants', 'Polo Shirts']",936000.0,Large,30,1.7142857142857142,2674.285714285714,4,0,0,1,0,0,0
Astras Garments Ltd,Woven,5.0,390.0,180,62400.0,"Shirts ,Skirts ,Pants ,Trousers","44, New Eskaton Road, Dhaka, Mogbazar",Dhaka,Mogbazar,1984,"['Shirts', 'Skirts', 'Pants', 'Trousers']",748800.0,Large,41,2.1666666666666665,4160.0,4,0,0,1,0,0,0
Astro Knitwear Ltd.,Knit,5.0,280.0,101,156000.0,"T-Shirts ,Shorts ,Polo Shirts","American Plaza, Jorun, Gazipur, Konabari",Gazipur,Konabari,2007,"['T-Shirts', 'Shorts', 'Polo Shirts']",1872000.0,Very Large,18,2.772277227722772,18534.653465346535,3,0,0,0,0,0,0
Astro Stich Art Ltd.,Knit,5.0,112.0,97,150000.0,"T-Shirts ,Polo Shirts ,Tank Tops","Sharifpur, National University, Gazipur, Gazipur",Gazipur,Gazipur,2008,"['T-Shirts', 'Polo Shirts', 'Tank Tops']",1800000.0,Very Large,17,1.1546391752577319,18556.701030927834,3,0,0,0,0,0,0
Aswad Composite Mills Ltd.,Knit,5.0,532.0,300,100000.0,"T-Shirts ,Polo Shirts","26, Malibagh Chowdhury Para, Dhaka, Malibagh",Dhaka,Malibagh,2008,"['T-Shirts', 'Polo Shirts']",1200000.0,Very Large,17,1.7733333333333334,4000.0,2,0,0,0,0,0,0
Atashi Fashion Ltd.,Sweater,5.0,2000.0,1000,3000000.0,"Sweaters ,Pullovers ,Cardigans ,Vest","Kalameshwar (Board Bazar), National University, Gazipur, Board Bazar",Gazipur,Board Bazar,2005,"['Sweaters', 'Pullovers', 'Cardigans', 'Vest']",36000000.0,Very Large,20,2.0,36000.0,4,0,0,0,0,0,0
ATD Garments Co. Ltd.,Knit,5.0,250.0,217,48000.0,"T-Shirts ,Jackets ,Jogging Suits ,Dresses","Hossain Court (5Th Floor), 75, Agrabad C/A, Chittagong","Hossain Court (5Th Floor), 75, Agrabad C/A",Chittagong,2000,"['T-Shirts', 'Jackets', 'Jogging Suits', 'Dresses']",576000.0,Large,25,1.152073732718894,2654.377880184332,4,0,0,0,0,0,0
Athletic Support Ltd.,Woven,5.0,800.0,300,40000.0,"Jogging Suit ,Trousers ,Jackets ,Pants","Vill-Itahata, Bashan, 35, Chandana, Gazipur Sadar, Gazipur","Vill-Itahata, Bashan, 35, Chandana, Gazipur Sadar",Gazipur,1997,"['Jogging Suit', 'Trousers', 'Jackets', 'Pants']",480000.0,Large,28,2.6666666666666665,1600.0,4,0,0,1,0,0,0
Atlantex Apparel (Pvt.) Ltd.,Unknown,,0.0,0,75000.0,Unknown,"Plot # 1865, Block # D South Salna, Salna Bazar, Gazipur, Dhaka",Gazipur,Dhaka,2017,[],900000.0,Large,8,0.0,0.0,0,0,0,0,0,0,0
Atlantic Garments Ltd.,Woven,5.0,369.0,205,100000.0,"Jackets ,Pants ,Trousers ,Shorts","Plot # 4, Road # 7, Block - C, Secion # 6, Dhaka, Mirpur",Dhaka,Mirpur,1985,"['Jackets', 'Pants', 'Trousers', 'Shorts']",1200000.0,Very Large,40,1.8,5853.658536585366,4,0,0,1,0,0,0
Atlantic Jeans Ltd.,Knit,5.0,400.0,296,140000.0,"Shirts ,Pants","49/B, Baizid Bostami Road, East Nasirabad I/A, Chittagong, Baizid Bostami",Chittagong,Baizid Bostami,2014,"['Shirts', 'Pants']",1680000.0,Very Large,11,1.3513513513513513,5675.675675675676,2,0,0,1,0,0,0
Atlantis Garments & Buying Ltd.,Knit,5.0,301.0,190,250000.0,"Shirts ,Jackets ,Pants ,T-Shirts","888/3, Shewrapara, Dhaka, Mirpur",Dhaka,Mirpur,2008,"['Shirts', 'Jackets', 'Pants', 'T-Shirts']",3000000.0,Very Large,17,1.5842105263157895,15789.473684210527,4,0,0,1,0,0,0
ATN Fashion Ltd.,Knit,5.0,650.0,550,750000.0,"T-Shirts ,Polo Shirts ,Tank Tops","Sarabo, Gazipur, Kashimpur",Gazipur,Kashimpur,2011,"['T-Shirts', 'Polo Shirts', 'Tank Tops']",9000000.0,Very Large,14,1.1818181818181819,16363.636363636364,3,0,0,0,0,0,0
ATS Auto Sweater Ltd.,Sweater,1.0,1200.0,280,180000.0,Sweater,"Doom Bari, Chala Telihaty, Sreepur, Gazipur, Gazipur",Gazipur,Gazipur,2017,['Sweater'],2160000.0,Very Large,8,4.285714285714286,7714.285714285715,1,0,0,0,0,0,1
ATS Pearl Limited,Knit,5.0,1350.0,715,675000.0,"Shirts ,Pants ,T-Shirts","Plot # 50, Section # 4, Chittagong, Cepz",Chittagong,Cepz,2011,"['Shirts', 'Pants', 'T-Shirts']",8100000.0,Very Large,14,1.8881118881118881,11328.67132867133,3,0,0,1,0,0,0
Attires Manufacturing Co. Ltd.,Knit,5.0,1950.0,784,66667.0,"T-Shirt ,Polo Shirt ,Tank Top","235/B, Tejgaon I/A, Dhaka, Dhaka",Dhaka,Dhaka,1995,"['T-Shirt', 'Polo Shirt', 'Tank Top']",800004.0,Large,30,2.4872448979591835,1020.4132653061224,3,1,0,0,0,1,0
Attraction Garments Ltd.,Woven,1.0,0.0,0,0.0,"Pants ,T-Shirts ,Polo Shirts","West Shoildubi, Kashimpur, Gazipur, Bangladesh., Gazipur, Gazipur",Gazipur,Gazipur,2010,"['Pants', 'T-Shirts', 'Polo Shirts']",0.0,,15,0.0,0.0,3,0,0,1,0,0,0
August Apparels Ltd.,Knit,5.0,260.0,132,90000.0,"Shirts ,Blouses ,T-shirts","Isdair, Narayanganj, Fatullah",Narayanganj,Fatullah,1994,"['Shirts', 'Blouses', 'T-shirts']",1080000.0,Very Large,31,1.9696969696969697,8181.818181818182,3,0,0,0,0,0,0
Auko-Tex Ltd.,Knit,5.0,1500.0,700,1350000.0,"T-Shirts ,Polo Shirts ,Shirt ,Sweat Shirts","South Panishail, Zirani Bazar (Bksp), Gazipur, Gazipur",Gazipur,Gazipur,2003,"['T-Shirts', 'Polo Shirts', 'Shirt', 'Sweat Shirts']",16200000.0,Very Large,22,2.142857142857143,23142.85714285714,4,0,1,0,0,0,0
Aurum Sweater Ltd.,Sweater,5.0,550.0,250,45000.0,"Sweaters ,Cardigans ,Jackets","Sonda, Union- Gacha, R.S.-160, National University, Gazipur","Sonda, Union- Gacha, R.S.-160, National University",Gazipur,2008,"['Sweaters', 'Cardigans', 'Jackets']",540000.0,Large,17,2.2,2160.0,3,0,0,0,0,0,0
Aus Bangla Jutex Ltd.,Woven,5.0,132.0,48,166666.0,"Shirts ,Pants","Lengurdi, Narayanganj, Araihazar",Narayanganj,Araihazar,2016,"['Shirts', 'Pants']",1999992.0,Very Large,9,2.75,41666.5,2,0,0,1,0,0,0
Autchan Tex BD,Knit,5.0,120.0,62,78000.0,"T-Shirts ,Polo Shirts","Bagdad Shopping Complex (6Th Floor), Dhaka, Mirpur-1",Dhaka,Mirpur-1,2015,"['T-Shirts', 'Polo Shirts']",936000.0,Large,10,1.935483870967742,15096.774193548386,2,0,0,0,0,0,0
Authentic Garments (Pvt) Ltd.,Woven,5.0,430.0,250,239400.0,"Jackets ,Shorts ,Shirt ,Top","273/A, New Chaktai, Chittagong, Chittagong",Chittagong,Chittagong,1996,"['Jackets', 'Shorts', 'Shirt', 'Top']",2872800.0,Very Large,29,1.72,11491.2,4,0,1,0,0,0,0
Auto Tex Fabrics Ltd,Knit,5.0,350.0,170,1500000.0,"T-Shirts ,Polo Shirts","5 No Suzat Nagar, Pallabi, Dhaka, Mirpur-12",Dhaka,Mirpur-12,2014,"['T-Shirts', 'Polo Shirts']",18000000.0,Very Large,11,2.0588235294117645,105882.35294117648,2,0,0,0,0,0,0
Automation Knitwear Ltd.,Knit,5.0,160.0,76,150000.0,"T-Shirts ,Polo Shirts","Plot # B-204-205, Bscic I/E, Shasongaon, Enayetnagar, Narayanganj, Narayangonj",Narayanganj,Narayangonj,2014,"['T-Shirts', 'Polo Shirts']",1800000.0,Very Large,11,2.1052631578947367,23684.21052631579,2,0,0,0,0,0,0
Autumn Loop Apparels Ltd.,Woven,1.0,2.0,191,9550000.0,Unknown,"Sarabo, Kashimpur, Gazipur, Gazipur, Dhaka",Gazipur,Dhaka,2022,[],114600000.0,Very Large,3,0.010471204188481676,600000.0,0,0,0,0,0,0,0
Avant Garments Ltd.,Woven,5.0,98.0,240,145000.0,"Shirts ,Pants","Shirirchala, Bager Bazar, Gazipur, Gazipur Sadar",Gazipur,Gazipur Sadar,2013,"['Shirts', 'Pants']",1740000.0,Very Large,12,0.4083333333333333,7250.0,2,0,0,1,0,0,0
Avantex Apparels Ltd.,Woven,1.0,2.0,295,16000.0,"Shirt ,Pant ,T-Shirt ,Polo Shirt","Holding # 374/1-C, Bulbul Tower, Etahata, Dighirchala, Bashan, Gazipur, Gazipur",Gazipur,Gazipur,2023,"['Shirt', 'Pant', 'T-Shirt', 'Polo Shirt']",192000.0,Large,2,0.006779661016949152,650.8474576271186,4,1,1,0,0,1,0
Axis Knitwears Ltd.,Sweater,1.0,1350.0,724,780000.0,Unknown,"Mawna, Sreepur, Gazipur, Gazipur, Gazipur",Gazipur,Gazipur,2021,[],9360000.0,Very Large,4,1.8646408839779005,12928.17679558011,0,0,0,0,0,0,0
Avrora Fashion Ltd.,Knit,5.0,367.0,216,5616000.0,"T-Shirts ,Polo Shirts","29/B, Bhai Bhai Plaza, Khilkhet Bazar, Dhaka, Khilkhet",Dhaka,Khilkhet,2014,"['T-Shirts', 'Polo Shirts']",67392000.0,Very Large,11,1.6990740740740742,312000.0,2,0,0,0,0,0,0
Axis Knitwears Ltd.,Sweater,1.0,1350.0,724,780000.0,Unknown,"Mawna, Sreepur, Gazipur, Gazipur, Gazipur",Gazipur,Gazipur,2021,[],9360000.0,Very Large,4,1.8646408839779005,12928.17679558011,0,0,0,0,0,0,0
Axon Fashion Limited,Woven,1.0,6.0,446,237000000.0,"Shirt ,Pant ,T-Shirt ,Polo Shirt","Ramchandrapur, Rajfulbaria Bus Stand, Savar, Dhaka, Dhaka",Dhaka,Dhaka,2023,"['Shirt', 'Pant', 'T-Shirt', 'Polo Shirt']",2844000000.0,Very Large,2,0.013452914798206279,6376681.614349776,4,1,1,0,0,1,0
Ayasha & Galeya Fashions Ltd.,Woven,5.0,150.0,81,80000.0,"Shirts ,Jackets ,Trousers ,Pants","01, Haricane Road, Dowlatpur, National University, Gazipur Sadar, Gazipur, Gazipur",Gazipur,Gazipur,2007,"['Shirts', 'Jackets', 'Trousers', 'Pants']",960000.0,Large,18,1.8518518518518519,11851.851851851852,4,0,0,1,0,0,0
Ayesha Clothing Co. Ltd.,Unknown,,0.0,0,100500.0,"Jackets ,Pants ,T-Shirts","Zamgora, Ashulia, Dhaka","Zamgora, Ashulia",Dhaka,2007,"['Jackets', 'Pants', 'T-Shirts']",1206000.0,Very Large,18,0.0,0.0,3,0,0,1,0,0,0
Ayesha Enterprise (Gmts.) Ltd.,Woven,5.0,850.0,400,187000.0,"Jackets ,Trousers ,Shorts","Kunia, National University, K.B. Bazar, Gazipur","Kunia, National University, K.B. Bazar",Gazipur,1985,"['Jackets', 'Trousers', 'Shorts']",2244000.0,Very Large,40,2.125,5610.0,3,0,0,0,0,0,0
Ayesha Fashion Ltd.,Woven,5.0,1350.0,550,100000.0,"Jackets ,Pants ,T-Shirts","Zamgara, Ashulia, Dhaka, Savar",Dhaka,Savar,2006,"['Jackets', 'Pants', 'T-Shirts']",1200000.0,Very Large,19,2.4545454545454546,2181.818181818182,3,0,0,1,0,0,0
Ayman Textile & Hosiery Ltd.,Knit,5.0,950.0,27,666667.0,"T-Shirts ,Polo Shirts","Chandra, Gazipur, Kaliakoir",Gazipur,Kaliakoir,1995,"['T-Shirts', 'Polo Shirts']",8000004.0,Very Large,30,35.18518518518518,296296.44444444444,2,0,0,0,0,0,0
AZ Apparels,Woven,1.0,519.0,240,12500.0,"T-shirts ,Pants ,Jacket ,Short","385, Katasur, Dhaka, Dhaka",Dhaka,Dhaka,2013,"['T-shirts', 'Pants', 'Jacket', 'Short']",150000.0,Large,12,2.1625,625.0,4,0,0,1,1,0,0
Azam Knitting Ltd.,Sweater,5.0,675.0,250,62400.0,"Sweaters ,Pullovers ,Cardigans","Azam Monzil, 472 Ali Azam Sharak, North Pahartoli, Chittagong","Azam Monzil, 472 Ali Azam Sharak, North Pahartoli",Chittagong,2003,"['Sweaters', 'Pullovers', 'Cardigans']",748800.0,Large,22,2.7,2995.2,3,0,0,0,0,0,0
Azim & Son (Pvt.) Ltd. (Unit-2),Woven,5.0,1500.0,275,300000.0,"Jackets ,Pants ,Trousers","Gacha Road, Gazipur, Gazipur",Gazipur,Gazipur,2009,"['Jackets', 'Pants', 'Trousers']",3600000.0,Very Large,16,5.454545454545454,13090.90909090909,3,0,0,1,0,0,0
Azim & Sons (Pvt.) Ltd.,Woven,5.0,879.0,343,120000.0,"Jackets ,Trousers ,Shorts","36-A, Indira Road, Dhaka, Farmgate",Dhaka,Farmgate,1984,"['Jackets', 'Trousers', 'Shorts']",1440000.0,Very Large,41,2.56268221574344,4198.250728862974,3,0,0,0,0,0,0
Azim Garments Ltd.,Woven,5.0,400.0,250,25000.0,"Jackets ,Jogging Set ,Wind Breakers","11, Industrial Plot, Taj Mahal Road, Dhaka, Mohammadpur",Dhaka,Mohammadpur,1986,"['Jackets', 'Jogging Set', 'Wind Breakers']",300000.0,Large,39,1.6,1200.0,3,0,0,0,0,0,0
Azim Mannan Garments Ltd. (A),Woven,5.0,1491.0,1050,240000.0,"Shirts ,Jackets ,Swimwears","49 (Np) Kalurghat, H/Industrial Estate, Chittagong","49 (Np) Kalurghat, H/Industrial Estate",Chittagong,1981,"['Shirts', 'Jackets', 'Swimwears']",2880000.0,Very Large,44,1.42,2742.8571428571427,3,0,0,0,0,0,0
Aziz Fashions (Pvt) Ltd.,Woven,5.0,270.0,105,50000.0,"Jackets ,Coveralls ,Pants ,Trousers","Ramchandrapur, Rajfulbaria, Savar, Dhaka, Dhaka",Dhaka,Dhaka,2000,"['Jackets', 'Coveralls', 'Pants', 'Trousers']",600000.0,Large,25,2.5714285714285716,5714.285714285715,4,0,0,1,0,0,0
Aziz Garments Ltd.,Sweater,5.0,260.0,200,48000.0,"Pullovers ,Cardigans ,Sweaters","921, K.B. Dovash Lane, Goshaildanga, Chittagong, Bandar",Chittagong,Bandar,1999,"['Pullovers', 'Cardigans', 'Sweaters']",576000.0,Large,26,1.3,2880.0,3,0,0,0,0,0,0
Azmat Apparels Ltd.,Woven,5.0,398.0,124,30000.0,"Shirts ,Blouses ,Pants","Plot # M-2, Section # 7, Mirpur I/A, Dhaka, B. Baria",Dhaka,B. Baria,1999,"['Shirts', 'Blouses', 'Pants']",360000.0,Large,26,3.2096774193548385,2903.2258064516127,3,0,0,1,0,0,0
Azmat Fashions Ltd.,Woven,5.0,658.0,200,100000.0,"Shirts ,Blouses ,Pants","Plot # M-2, Section # 7, Mirpur I/A, Dhaka, B. Baria",Dhaka,B. Baria,1995,"['Shirts', 'Blouses', 'Pants']",1200000.0,Very Large,30,3.29,6000.0,3,0,0,1,0,0,0
Azmeri Composite Knit Ltd.,Unknown,,0.0,0,200000.0,"T-Shirts ,Polo Shirts ,Tank Tops ,Sweat Shirts","S.A. Dag # 50, 199, Fayedabad (Uttar Para), Dhaka","S.A. Dag # 50, 199, Fayedabad (Uttar Para)",Dhaka,2018,"['T-Shirts', 'Polo Shirts', 'Tank Tops', 'Sweat Shirts']",2400000.0,Very Large,7,0.0,0.0,4,0,0,0,0,0,0
Azmery Garments Ltd.,Knit,5.0,200.0,171,180000.0,"Shirts ,Jackets ,T-Shirts","79/8/2, North Jatrabari, Gate # 4 (Bibir Bagicha), Dhaka, Bibirhat",Dhaka,Bibirhat,2012,"['Shirts', 'Jackets', 'T-Shirts']",2160000.0,Very Large,13,1.1695906432748537,12631.578947368422,3,0,0,0,0,0,0
Azra Enterprise Ltd.,Knit,5.0,250.0,131,7000.0,"Fleece Jackets ,T-Shirts","244, Satarkul, North Badda, Dhaka, Badda",Dhaka,Badda,2001,"['Fleece Jackets', 'T-Shirts']",84000.0,Medium,24,1.9083969465648856,641.2213740458016,2,0,0,0,0,0,0
B. Bangla Garments Ltd.,Woven,5.0,300.0,220,40000.0,"Shirts ,Jackets ,Pants","Plot # M/4/4, Road # 7, Section # 7, Dhaka, Mirpur",Dhaka,Mirpur,2001,"['Shirts', 'Jackets', 'Pants']",480000.0,Large,24,1.3636363636363635,2181.818181818182,3,0,0,1,0,0,0
B. Brothers Garments Co. Ltd.,Knit,5.0,470.0,160,180000.0,"Ladies Shrit, Blouse ,T-Shirts ,Pajama Sets","Holding # 90, Barpa, Rupshi, Narayanganj, Rupganj",Narayanganj,Rupganj,1994,"['Ladies Shrit', 'Blouse', 'T-Shirts', 'Pajama Sets']",2160000.0,Very Large,31,2.9375,13500.0,4,0,0,0,0,0,0
B. Brothers Garments Co. Ltd.(U-2),Knit,5.0,250.0,99,0.0,Knit Items,"Plot # 290, 294 Barpa, Narayanganj, Rupganj",Narayanganj,Rupganj,2002,['Knit Items'],0.0,,23,2.525252525252525,0.0,1,0,0,0,0,0,0
B.H.I.S. Apparels Ltd.,Woven,5.0,2356.0,1120,500000.0,"MB Shirts ,Ladies Shirts ,Blouses","Hossain Market (4Th & 5Th Fl), 671, Datta Para, Gazipur, Tongi",Gazipur,Tongi,1998,"['MB Shirts', 'Ladies Shirts', 'Blouses']",6000000.0,Very Large,27,2.1035714285714286,5357.142857142857,3,0,0,0,0,0,0
B.H.I.S. Fashions Ltd.,Woven,5.0,450.0,178,30000.0,"MB Shirts ,Ladies Shirts ,Blouses","Hossain Market (4Th & 5Th Fl), 671, Datta Para, Gazipur, Tongi",Gazipur,Tongi,2008,"['MB Shirts', 'Ladies Shirts', 'Blouses']",360000.0,Large,17,2.5280898876404496,2022.4719101123596,3,0,0,0,0,0,0
B.H.S. Fashions Ltd.,Knit,5.0,308.0,132,250000.0,"Jackets ,Babies Wears ,T-Shirts ,Polo Shirts","238, Ahmed Nagar, Paikpara, Section # 1, Dhaka, Mirpur",Dhaka,Mirpur,1995,"['Jackets', 'Babies Wears', 'T-Shirts', 'Polo Shirts']",3000000.0,Very Large,30,2.3333333333333335,22727.272727272728,4,0,0,0,0,0,0
B.P. Garments Ltd.,Woven,5.0,450.0,210,100000.0,"Jackets ,Trousers ,Shorts","227 (New) 331 (Old) Outer Circular Road, (3Rd Floor), Dhaka, Mogbazar",Dhaka,Mogbazar,1984,"['Jackets', 'Trousers', 'Shorts']",1200000.0,Very Large,41,2.142857142857143,5714.285714285715,3,0,0,0,0,0,0
B.R. Knitting Mills,Knit,5.0,180.0,100,15000.0,"T-Shirts ,Polo Shirts ,Sports Wears ,Tops","A/28-29, Bscic Inds. Estate, Narayanganj","A/28-29, Bscic Inds. Estate,",Narayanganj,1995,"['T-Shirts', 'Polo Shirts', 'Sports Wears', 'Tops']",180000.0,Large,30,1.8,1800.0,4,0,0,0,0,0,0
B.S.A. Fashion Ltd.,Woven,5.0,1402.0,524,216000.0,"Shirts ,Pants","Plot # 122/123, Block - B, Bscic I/A, Sagarika Road, Chittagong, Pahartoli",Chittagong,Pahartoli,2000,"['Shirts', 'Pants']",2592000.0,Very Large,25,2.6755725190839694,4946.564885496183,2,0,0,1,0,0,0
B2B Excellence Ltd.,Knit,5.0,1230.0,424,66666.0,"T-Shirts ,Polo Shirts ,Jackets ,Active Wear","Mirzapur Purbapara, 08 No Mirzapur Mouza, Gazipur Sadar, Gazipur-1703 Bangladesh., Gazipur, Gazipur",Gazipur,Gazipur,2003,"['T-Shirts', 'Polo Shirts', 'Jackets', 'Active Wear']",799992.0,Large,22,2.900943396226415,1886.7735849056603,4,0,0,0,0,0,0
Babui Knit Fashions Ltd.,Sweater,5.0,475.0,324,60000.0,"Pullovers ,Cardigans ,Poncho ,Girl's Tassle","755, Askarabad, D.T. Road, Double Mooring, Chittagong","755, Askarabad, D.T. Road, Double Mooring",Chittagong,2004,"['Pullovers', 'Cardigans', 'Poncho', 'Girls Tassle']",720000.0,Large,21,1.4660493827160495,2222.222222222222,4,0,0,0,0,0,0
Babui Tex Ltd.,Knit,5.0,127.0,80,64000.0,"T-Shirts ,Polo Shirts ,Tank Tops","79, School Road, Madah, Gazirchat, Ashulia, Dhaka, Savar",Dhaka,Savar,2008,"['T-Shirts', 'Polo Shirts', 'Tank Tops']",768000.0,Large,17,1.5875,9600.0,3,0,0,0,0,0,0
Baby's Fashions Ltd.,Woven,5.0,220.0,188,60000.0,"Babies Items ,Trousers","Jahan Mansion (2Nd Floor), 29, Mirpur Road, Dhaka, Mirpur Road",Dhaka,Mirpur Road,1998,"['Babies Items', 'Trousers']",720000.0,Large,27,1.1702127659574468,3829.7872340425533,2,0,0,0,0,0,0
Babylon Casualwear Ltd.,Woven,5.0,500.0,154,168000.0,"Jackets ,Denim Shirts ,Trousers ,Pants","Plot # 23-24, Union - Telulzora, Hemayetpur, Dhaka, Savar",Dhaka,Savar,2005,"['Jackets', 'Denim Shirts', 'Trousers', 'Pants']",2016000.0,Very Large,20,3.2467532467532467,13090.90909090909,4,0,0,1,0,0,0
Babylon Dresses Ltd.,Woven,5.0,1000.0,525,175000.0,"Shirts ,Fashion Wears","2-B/1, Darussalam Road, Dhaka, Mirpur",Dhaka,Mirpur,1996,"['Shirts', 'Fashion Wears']",2100000.0,Very Large,29,1.9047619047619047,4000.0,2,0,0,0,0,0,0
Babylon Garments Limited,Woven,5.0,800.0,300,100000.0,"Shirts ,Blouses","2-B/1, Darussalam Road, Dhaka, B. Baria",Dhaka,B. Baria,1986,"['Shirts', 'Blouses']",1200000.0,Very Large,39,2.6666666666666665,4000.0,2,0,0,0,0,0,0
Badgetex Apparels Ltd.,Knit,5.0,785.0,302,1200000.0,"Sleep Wears ,Underwears ,Sports Bra","Plot # P/6-A, Mohora Nexus I/A, Chittagong, Chandgoan",Chittagong,Chandgoan,2010,"['Sleep Wears', 'Underwears', 'Sports Bra']",14400000.0,Very Large,15,2.5993377483443707,47682.11920529801,3,0,0,0,0,0,0
Badhan Corporation Ltd.,Knit,5.0,250.0,200,1550000.0,"Shirts ,Pants ,T-Shirts ,Polo Shirts","Zamgora, Earpur Union, Dhaka, Savar",Dhaka,Savar,2014,"['Shirts', 'Pants', 'T-Shirts', 'Polo Shirts']",18600000.0,Very Large,11,1.25,93000.0,4,0,0,1,0,0,0
Badhan Knit Fashion Ltd.,Knit,5.0,330.0,140,208000.0,"T-Shirts ,Polo Shirts","A-16/17, Bscic I/A, Shashonagar,, Enayetnagar, Narayanganj, Fatullah",Narayanganj,Fatullah,2014,"['T-Shirts', 'Polo Shirts']",2496000.0,Very Large,11,2.357142857142857,17828.571428571428,2,0,0,0,0,0,0
Badrunnesa Sweaters Ltd.,Sweater,5.0,890.0,500,1600000.0,"Ladies Sweaters ,Boy's Sweaters ,Men's Sweaters","Asha Plaza (2Nd & 3Rd Floor), Hemayetpur Bus Stand, Dhaka, Savar",Dhaka,Savar,2009,"['Ladies Sweaters', 'Boys Sweaters', 'Mens Sweaters']",19200000.0,Very Large,16,1.78,38400.0,3,0,0,0,0,0,0
Baizid Fashion Wear Ltd.,Knit,5.0,140.0,52,84000.0,"Shirts ,Knit Items ,Jackets","1487, Gawsia Markets (3Rd Floor), Aturar Depot P.O. Amin Jute Mills, Chittagong","1487, Gawsia Markets (3Rd Floor), Aturar Depot P.O. Amin Jute Mills",Chittagong,2000,"['Shirts', 'Knit Items', 'Jackets']",1008000.0,Very Large,25,2.6923076923076925,19384.615384615383,3,0,0,0,0,0,0
Bakhrabad Knitting Inds. Ltd.,Knit,1.0,230.0,96,150000.0,"T-Shirts ,Polo Shirts ,Sweat Shirts ,Trouser","Plot # 702, Jhajar, National University, Gazipur, Gazipur",Gazipur,Gazipur,2019,"['T-Shirts', 'Polo Shirts', 'Sweat Shirts', 'Trouser']",1800000.0,Very Large,6,2.3958333333333335,18750.0,4,0,0,0,0,0,0
Bakrsons Apparels Ltd.,Woven,5.0,225.0,135,50000.0,"Shirts ,Swim Shorts ,Cargo Pants","136, Lalchand Road, Chittagong, Chawkbazar",Chittagong,Chawkbazar,1997,"['Shirts', 'Swim Shorts', 'Cargo Pants']",600000.0,Large,28,1.6666666666666667,4444.444444444444,3,0,0,0,0,0,0
Bakul Apparels Ltd.,Woven,5.0,495.0,330,110000.0,"Trousers ,Pants ,Shorts ,Skirts","Kunia, National University, Gazipur, Gazipur Sadar",Gazipur,Gazipur Sadar,1991,"['Trousers', 'Pants', 'Shorts', 'Skirts']",1320000.0,Very Large,34,1.5,4000.0,4,0,0,1,0,0,0
Balaka Stitch (Pvt) Ltd.,Woven,5.0,339.0,150,78000.0,"Jackets ,Trousers ,Vests","Plot # 636, Shahriar Road, Sonda, National University, Gazipur, Gazipur",Gazipur,Gazipur,2007,"['Jackets', 'Trousers', 'Vests']",936000.0,Large,18,2.26,6240.0,3,0,0,0,0,0,0
Banabeathee Fashionwear Ltd.,Woven,5.0,199.0,100,35000.0,"Pants ,Shirts ,Skirts ,Jackets","10, H.S.S. Road, Chittagong","10, H.S.S. Road,",Chittagong,1996,"['Pants', 'Shirts', 'Skirts', 'Jackets']",420000.0,Large,29,1.99,4200.0,4,0,0,1,0,0,0
Banalata Apparels Ltd.,Woven,5.0,230.0,100,48000.0,"Jackets ,Pants ,Skirts ,Shirts","71, Feringhee Bazar, Chittagong","71, Feringhee Bazar,",Chittagong,1992,"['Jackets', 'Pants', 'Skirts', 'Shirts']",576000.0,Large,33,2.3,5760.0,4,0,0,1,0,0,0
Banalata Garments Ltd.,Woven,5.0,230.0,200,40000.0,"Shirts ,Jackets ,Pants ,Skirts","10, H. S. S. Road, Chittagong","10, H. S. S. Road,",Chittagong,1984,"['Shirts', 'Jackets', 'Pants', 'Skirts']",480000.0,Large,41,1.15,2400.0,4,0,0,1,0,0,0
Bandar Knitting (Pvt) Ltd.,Sweater,5.0,1150.0,750,120000.0,"Sweaters ,Cardigans ,Pullovers","R.S. Plot # 6602, South Halishahar, Chittagong, Bandar",Chittagong,Bandar,2002,"['Sweaters', 'Cardigans', 'Pullovers']",1440000.0,Very Large,23,1.5333333333333334,1920.0,3,0,0,0,0,0,0
Bando Apparels Ltd.,Woven,5.0,500.0,263,10000.0,"Shirts ,Pants ,Trousers","Plot # 1, Building # 1, Turag Housing, Beribath, Dhaka, Dhaka",Dhaka,Dhaka,2012,"['Shirts', 'Pants', 'Trousers']",120000.0,Large,13,1.9011406844106464,456.27376425855516,3,0,0,1,0,0,0
Bando Design Ltd.,Woven,5.0,3359.0,1825,68000.0,"Trousers ,Shorts ,Pants ,Shirts","Purbo Narshinghapur, Earpur Union Parishad Road, Ashulia, Dhaka-1341, Dhaka, Dhaka",Dhaka,Dhaka,2005,"['Trousers', 'Shorts', 'Pants', 'Shirts']",816000.0,Large,20,1.8405479452054794,447.1232876712329,4,0,0,1,0,0,0
Bando Eco Apparels Ltd.,Knit,1.0,1114.0,394,156000.0,"T-Shirt ,Polo Shirt","Uttar Kaundia, Amin Bazar, Savar, Dhaka, Dhaka",Dhaka,Dhaka,2016,"['T-Shirt', 'Polo Shirt']",1872000.0,Very Large,9,2.8274111675126905,4751.269035532995,2,1,0,0,0,1,0
Bando Fashions Ltd.,Woven,5.0,500.0,218,60000.0,"Shirts ,Ladies Shirts","Bade Kalameshor, Gazipur, K.B. Bazar",Gazipur,K.B. Bazar,2002,"['Shirts', 'Ladies Shirts']",720000.0,Large,23,2.293577981651376,3302.7522935779816,2,0,0,0,0,0,0
Banex Apparel Ltd.,Woven,5.0,1000.0,350,250000.0,"MB Shirts ,LG Shirts","473, North Ibrahimpur, Shreepur, Kafrul, Dhaka, Cantonment",Dhaka,Cantonment,2004,"['MB Shirts', 'LG Shirts']",3000000.0,Very Large,21,2.857142857142857,8571.42857142857,2,0,0,0,0,0,0
Banga Fashion Ltd.,Sweater,5.0,200.0,150,25000.0,Sweaters,"Plot # 1703-4 (3Rd & 4Th Floor), Gacha, Gazipur Sadar, Gazipur","Plot # 1703-4 (3Rd & 4Th Floor), Gacha, Gazipur Sadar",Gazipur,2008,['Sweaters'],300000.0,Large,17,1.3333333333333333,2000.0,1,0,0,0,0,0,0
Banga Garments Ltd.,Woven,5.0,980.0,603,720000.0,"Jackets ,Trousers ,Denim ,Shorts","29, Milk Vita Road, Section # 7, Pallabi, Dhaka, Mirpur",Dhaka,Mirpur,1985,"['Jackets', 'Trousers', 'Denim', 'Shorts']",8640000.0,Very Large,40,1.6252072968490878,14328.358208955224,4,0,0,0,0,0,0
Bangla Poshak Ltd.,Knit,5.0,700.0,210,300000.0,Children Wears,"Sikder Complex, Chaidana, National University, Gazipur, Choydana",Gazipur,Choydana,2007,['Children Wears'],3600000.0,Very Large,18,3.3333333333333335,17142.85714285714,1,0,0,0,0,0,0
Bangladesh Dresses Limited,Woven,5.0,650.0,300,50000.0,"Jackets ,Pants ,Jogging Suits","Satobolimahar, Dhaka, Savar",Dhaka,Savar,1993,"['Jackets', 'Pants', 'Jogging Suits']",600000.0,Large,32,2.1666666666666665,2000.0,3,0,0,1,0,0,0
Bangladesh Spinners & Knitters (Pvt) Ltd.,Sweater,5.0,1250.0,2241,25000.0,"Sweaters ,Pullovers ,Cardigans ,Scarf","Plot # 6-11, Sector # 4/A, Cepz, Chittagong, Chittagong",Chittagong,Chittagong,1997,"['Sweaters', 'Pullovers', 'Cardigans', 'Scarf']",300000.0,Large,28,0.5577867023650156,133.86880856760374,4,0,0,0,0,0,0
Bangladesh Dyeing & Finishing Inds. Ltd.,Knit,5.0,510.0,275,325000.0,"Jackets ,Harem Pants ,Searafino","Doel Complex, 9 Karnapara, Dhaka, Savar",Dhaka,Savar,1994,"['Jackets', 'Harem Pants', 'Searafino']",3900000.0,Very Large,31,1.8545454545454545,14181.818181818182,3,0,0,0,0,0,0
Bangladesh Spinners & Knitters (Pvt) Ltd.,Sweater,5.0,1250.0,2241,25000.0,"Sweaters ,Pullovers ,Cardigans ,Scarf","Plot # 6-11, Sector # 4/A, Cepz, Chittagong, Chittagong",Chittagong,Chittagong,1997,"['Sweaters', 'Pullovers', 'Cardigans', 'Scarf']",300000.0,Large,28,0.5577867023650156,133.86880856760374,4,0,0,0,0,0,0
Banika Fashions Ltd.,Knit,5.0,476.0,220,250000.0,"T-Shirts ,Polo Shirts ,Tank Top ,Tank Tops","Plot # 789, Bscic I/E, Gazipur, Konabari",Gazipur,Konabari,2003,"['T-Shirts', 'Polo Shirts', 'Tank Top', 'Tank Tops']",3000000.0,Very Large,22,2.1636363636363636,13636.363636363636,4,0,0,0,0,0,0
Baraka Fashions Ltd.,Unknown,,0.0,0,100000.0,"Shirts ,Ladies Shirts ,Children Dress ,Jackets","6, Shingbari Road, Boro Dewra, Gazipur, Dhaka",Gazipur,Dhaka,1995,"['Shirts', 'Ladies Shirts', 'Children Dress', 'Jackets']",1200000.0,Very Large,30,0.0,0.0,4,0,0,0,0,0,0
Bari Apparels Ltd.,Sweater,5.0,1000.0,215,70000.0,"Shirts ,Dresses ,Jumpers","91/92, Rupnagar Inds. Estate, Block # K, Section # 2, Dhaka, Mirpur",Dhaka,Mirpur,1992,"['Shirts', 'Dresses', 'Jumpers']",840000.0,Large,33,4.651162790697675,3906.9767441860463,3,0,0,0,0,0,0
Baridhi Garments Ltd.,Woven,5.0,500.0,324,45000.0,"Jackets ,Sports Wear ,Outer Wear ,Pants","822/3 Shewrapara, Dhaka, Mirpur",Dhaka,Mirpur,1995,"['Jackets', 'Sports Wear', 'Outer Wear', 'Pants']",540000.0,Large,30,1.5432098765432098,1666.6666666666667,4,0,0,1,0,0,0
Base Fashions Ltd.,Knit,5.0,500.0,412,300000.0,"Polo Shirts ,T-Shirts","62, Sataish Road, Gazipura, Gazipur, Tongi",Gazipur,Tongi,2013,"['Polo Shirts', 'T-Shirts']",3600000.0,Very Large,12,1.2135922330097086,8737.864077669903,2,0,0,0,0,0,0
Base Textile Ltd.,Knit,5.0,2870.0,1180,79167.0,"T-Shirts ,Polo Shirts ,Tank Top","9 Cda, I/A, Mohora, Kalurghat, Chattogram, Chittagong",Chittagong,Chittagong,1998,"['T-Shirts', 'Polo Shirts', 'Tank Top']",950004.0,Large,27,2.4322033898305087,805.0881355932204,3,0,0,0,0,0,0
Basic Apparels Ltd.,Woven,1.0,1756.0,1644,72585.0,"Shirts ,Pants ,Skirts ,Jackets","135-138 Abdullahpur (2Nd & 3Rd Fl), Dhaka, Dhaka",Dhaka,Dhaka,1989,"['Shirts', 'Pants', 'Skirts', 'Jackets']",871020.0,Large,36,1.0681265206812651,529.8175182481751,4,0,0,1,0,0,0
Basic Shirts Limited,Woven,5.0,541.0,271,80000.0,"Shirts ,Ladies Blouses ,Boy's Shirts","Basic Tower, Majukhan, Harbaid, Gazipur, Gazipur Sadar",Gazipur,Gazipur Sadar,2001,"['Shirts', 'Ladies Blouses', 'Boys Shirts']",960000.0,Large,24,1.996309963099631,3542.4354243542434,3,0,0,0,0,0,0
Bassic Clothing Ltd.,Knit,5.0,0.0,212,0.0,"T-Shirts ,Polo Shirts","34/1, Mogorkhal, Bijoy Road, Gazipur, Gazipur Sadar",Gazipur,Gazipur Sadar,2016,"['T-Shirts', 'Polo Shirts']",0.0,,9,0.0,0.0,2,0,0,0,0,0,0
Basundhara Garments Ltd.,Woven,5.0,850.0,420,150000.0,"Bib Trousers ,Skirts ,Shorts","230-231, Nazim Nagar, Singair Road, Hamyatpur, Dhaka, Savar",Dhaka,Savar,1983,"['Bib Trousers', 'Skirts', 'Shorts']",1800000.0,Very Large,42,2.0238095238095237,4285.714285714285,3,0,0,0,0,0,0
Basunia Textiles Ltd.,Woven,5.0,200.0,130,30000.0,"Shirts ,Pants","Naljani, Bhawal Gar Union, Gazipur, Gazipur Sadar",Gazipur,Gazipur Sadar,2013,"['Shirts', 'Pants']",360000.0,Large,12,1.5384615384615385,2769.230769230769,2,0,0,1,0,0,0
Baxter Brenton (BD) Clothing Mfg. Co. Ltd.,Woven,5.0,557.0,371,75000.0,"Kids Items ,Jackets","Sfb # 7 (1St Floor), Ganakbari, Ashulia, Depz, Dhaka, Savar",Dhaka,Savar,2012,"['Kids Items', 'Jackets']",900000.0,Large,13,1.5013477088948788,2425.876010781671,2,0,0,0,0,0,0
Bayezid Dresses (Pvt.) Ltd.,Knit,5.0,360.0,240,306000.0,"Jackets ,Pants ,T-Shirts ,Polo Shirts","Deluxe House # 3 (2Nd Floor), 209/227, Kulgaon, Chittagong, Baluchara",Chittagong,Baluchara,2008,"['Jackets', 'Pants', 'T-Shirts', 'Polo Shirts']",3672000.0,Very Large,17,1.5,15300.0,4,0,0,1,0,0,0
Baytex,Woven,1.0,2.0,60,150000.0,"Shirt ,Pant ,Tank Top ,T-Shirt","Plot # 5, Block # G, Eastern Housing, Pallabi 2Nd Phase, Mirpur, Dhaka, Dhaka",Dhaka,Dhaka,2022,"['Shirt', 'Pant', 'Tank Top', 'T-Shirt']",1800000.0,Very Large,3,0.03333333333333333,30000.0,4,1,1,0,0,0,0
BB Attire Ltd.,Woven,1.0,2.0,115,100000.0,"Shirt ,Pant ,T-Shirt ,Polo Shirt","Uttara Gazirchat,Burir Bazar, Alia Madrasha Road, Ashulia, Dhaka, Dhaka",Dhaka,Dhaka,2023,"['Shirt', 'Pant', 'T-Shirt', 'Polo Shirt']",1200000.0,Very Large,2,0.017391304347826087,10434.782608695652,4,1,1,0,0,1,0
BD Designs Private Ltd.,Woven,1.0,2450.0,1787,51600.0,"Shirt ,Pant ,Jacket ,T-Shirt","Plot # 48-49, Sector # 03, Kepz, Patenga, Chattogram, Chittagong",Chittagong,Chittagong,2022,"['Shirt', 'Pant', 'Jacket', 'T-Shirt']",619200.0,Large,3,1.3710128707330722,346.50251818690543,4,1,1,0,1,0,0
BD. SKy Composite Ltd.,Knit,1.0,282.0,166,1800000.0,"T-shirt ,Polo Shirt ,Trouser","Baraipara (Jumma Ghar), Ashulia, Savar, Dhaka, Dhaka",Dhaka,Dhaka,2016,"['T-shirt', 'Polo Shirt', 'Trouser']",21600000.0,Very Large,9,1.6987951807228916,130120.48192771085,3,0,0,0,0,1,0
BDS Alliance Ltd.,Knit,5.0,250.0,200,364000.0,"T-Shirts ,Polo Shirts","Chawkpara, Mawna, Gazipur, Sreepur",Gazipur,Sreepur,2012,"['T-Shirts', 'Polo Shirts']",4368000.0,Very Large,13,1.25,21840.0,2,0,0,0,0,0,0
Bea-Con Knit Wear Ltd.,Knit,5.0,6800.0,1300,2650000.0,"T-Shirts ,Polo Shirts ,Tank Tops","Ramarbag, Kutubpur, Narayanganj, Fatullah",Narayanganj,Fatullah,2008,"['T-Shirts', 'Polo Shirts', 'Tank Tops']",31800000.0,Very Large,17,5.230769230769231,24461.53846153846,3,0,0,0,0,0,0
Beam Fashion Limited,Woven,1.0,2.0,72,250000.0,"T-Shirt ,Polo Shirt","1160, Kolemeshor, National University, Gazipur Sadar, Gazipur, Gazipur",Gazipur,Gazipur,2022,"['T-Shirt', 'Polo Shirt']",3000000.0,Very Large,3,0.027777777777777776,41666.666666666664,2,1,0,0,0,1,0
Beats Fashion Ltd.,Woven,5.0,200.0,160,45000.0,"Shirts ,Ladies Dresses ,Rompers","East Chandra, Shafipur, Gazipur, Kaliakoir",Gazipur,Kaliakoir,2000,"['Shirts', 'Ladies Dresses', 'Rompers']",540000.0,Large,25,1.25,3375.0,3,0,0,0,0,0,0
Beau Monde Apparels Ltd.,Woven,5.0,350.0,150,80000.0,"Jackets ,Jogging Suite ,Shorts","68/Y, Sagarica Road, Chittagong, Pahartali",Chittagong,Pahartali,1987,"['Jackets', 'Jogging Suite', 'Shorts']",960000.0,Large,38,2.3333333333333335,6400.0,3,0,0,0,0,0,0
Beau Monde Garments Ltd.,Woven,5.0,320.0,106,96000.0,"Wind Pants ,Wind Jackets ,Jogging Sets ,Shorts","68/Y, Sagarica Road, Chittagong, Pahartali",Chittagong,Pahartali,1994,"['Wind Pants', 'Wind Jackets', 'Jogging Sets', 'Shorts']",1152000.0,Very Large,31,3.018867924528302,10867.924528301886,4,0,0,0,0,0,0
Beautiful Jackets Ltd.,Woven,5.0,350.0,280,25000.0,"Jackets ,Trousers ,Jogging Suits","Ford Nagar, Manikganj, Singair",Manikganj,Singair,1996,"['Jackets', 'Trousers', 'Jogging Suits']",300000.0,Large,29,1.25,1071.4285714285713,3,0,0,0,0,0,0
Beauty Garments (Pvt) Ltd.,Woven,5.0,200.0,141,6000.0,"Shirts ,Blouses","Holland Center (10Th Floor), Cha-72/1-B, Middle Badda, Dhaka, Badda",Dhaka,Badda,1985,"['Shirts', 'Blouses']",72000.0,Medium,40,1.4184397163120568,510.63829787234044,2,0,0,0,0,0,0
Beijing Sports Wear Ltd.,Woven,5.0,120.0,80,80000.0,"Shirts ,Skirts ,Pants","79/8, North Jatrabari, Demra Road, Gate # 4, Dhaka, Demra",Dhaka,Demra,2002,"['Shirts', 'Skirts', 'Pants']",960000.0,Large,23,1.5,12000.0,3,0,0,1,0,0,0
Beka Garments & Textiles Ltd.,Woven,5.0,507.0,532,200000.0,"Shirts ,Pants ,Trousers","Fs Sfb # 1 (2Nd & 3Rd Floor), Adamjee Epz, Adamjee Nagar, Narayanganj, Siddirgonj",Narayanganj,Siddirgonj,2012,"['Shirts', 'Pants', 'Trousers']",2400000.0,Very Large,13,0.9530075187969925,4511.278195488721,3,0,0,1,0,0,0
Belamy Textiles Ltd.,Knit,5.0,1430.0,806,2100000.0,"Underwears ,Molded Bra ,Panties ,Casual Bra","Khawaj Nagar, Ajimpara, Chittagong, Karnafully",Chittagong,Karnafully,2007,"['Underwears', 'Molded Bra', 'Panties', 'Casual Bra']",25200000.0,Very Large,18,1.7741935483870968,31265.508684863522,4,0,0,0,0,0,0
Belkuchi Knit Wear Ltd,Knit,5.0,676.0,189,500000.0,"T-Shirts ,Polo Shirts ,Ladies Tops","Sultan Mansion, Section # 12, Dhaka, Mirpur",Dhaka,Mirpur,2000,"['T-Shirts', 'Polo Shirts', 'Ladies Tops']",6000000.0,Very Large,25,3.5767195767195767,31746.031746031746,3,0,0,0,0,0,0
Bellissima Apparels Ltd.,Woven,5.0,350.0,205,36000.0,"Shorts ,Skirts ,Fleece Items","Shopping Area, Bscic I/E, Gazipur, Tongi",Gazipur,Tongi,1992,"['Shorts', 'Skirts', 'Fleece Items']",432000.0,Large,33,1.7073170731707317,2107.317073170732,3,0,0,0,0,0,0
Benchmark Apparels Ltd.,Knit,5.0,400.0,280,520000.0,"T-Shirts ,Panties ,Bra ,Cami","Khoajnagar, Azimpara, Chittagong, Karnafully",Chittagong,Karnafully,2008,"['T-Shirts', 'Panties', 'Bra', 'Cami']",6240000.0,Very Large,17,1.4285714285714286,22285.714285714286,4,0,0,0,0,0,0
Benchmark Knitwear Limited,Woven,5.0,450.0,300,271000.0,"Shirts ,Pants","414/A, 4/762, Auturar Dipo, Tula Company, Chittagong, B. Baria",Chittagong,B. Baria,2010,"['Shirts', 'Pants']",3252000.0,Very Large,15,1.5,10840.0,2,0,0,1,0,0,0
Benetex Inds. Ltd.,Knit,5.0,6000.0,3120,2000000.0,"Pants ,T-Shirts ,Polo-Shirts","Dhaka Norsingdi Highway, Vulta, Narayanganj, Rupganj",Narayanganj,Rupganj,1992,"['Pants', 'T-Shirts', 'Polo-Shirts']",24000000.0,Very Large,33,1.9230769230769231,7692.307692307692,3,0,0,1,0,0,0
Benevolent Fashions Int'l Ltd.,Knit,5.0,550.0,220,120000.0,"Overalls ,Shorts ,Vest","House # 79, Block - I, Dhaka, Banani",Dhaka,Banani,1998,"['Overalls', 'Shorts', 'Vest']",1440000.0,Very Large,27,2.5,6545.454545454545,3,0,0,0,0,0,0
Bengal Fine Knitex Ltd.,Knit,5.0,0.0,0,0.0,"T-Shirts ,Penty","Shooghat, Vulta, Narayanganj, Rupganj",Narayanganj,Rupganj,1998,"['T-Shirts', 'Penty']",0.0,,27,0.0,0.0,2,0,0,0,0,0,0
Bengal Glory Ltd.,Knit,5.0,400.0,250,215000.0,"Shirts ,Jackets ,Shorts ,Pants","15/G/1, Zigatola (3Rd Floor), Dhaka, Zigatola",Dhaka,Zigatola,2011,"['Shirts', 'Jackets', 'Shorts', 'Pants']",2580000.0,Very Large,14,1.6,10320.0,4,0,0,1,0,0,0
Bengal Knittex Ltd.,Knit,5.0,750.0,410,200000.0,"Fleece Jackets ,T-Shirts ,Polo Shirts","59/1 Atis Dipankar Road, Dhaka, Kamalapur",Dhaka,Kamalapur,1991,"['Fleece Jackets', 'T-Shirts', 'Polo Shirts']",2400000.0,Very Large,34,1.829268292682927,5853.658536585366,3,0,0,0,0,0,0
Bengal Leisure Wear Ltd.,Knit,5.0,421.0,161,480000.0,"Fleece Jackets ,T-Shirts ,Polo Shirts","473, North Ibrahimpur (6Th & 7Th Floor), Kafrul, Dhaka, Cantonment",Dhaka,Cantonment,2005,"['Fleece Jackets', 'T-Shirts', 'Polo Shirts']",5760000.0,Very Large,20,2.6149068322981366,35776.39751552795,3,0,0,0,0,0,0
Bengal Sweater Fashion Ltd.,Sweater,5.0,550.0,350,120000.0,Sweaters,"Baniarchala, Bhavanipur, Gazipur, Gazipur",Gazipur,Gazipur,2005,['Sweaters'],1440000.0,Very Large,20,1.5714285714285714,4114.285714285715,1,0,0,0,0,0,0
Benimoy Textile Mills,Knit,5.0,195.0,100,21000.0,"T-Shirts ,Polo Shirts","43, Kabi Jashim Uddin Road, Pagar, Gazipur, Tongi",Gazipur,Tongi,2016,"['T-Shirts', 'Polo Shirts']",252000.0,Large,9,1.95,2520.0,2,0,0,0,0,0,0
Benson Apparels Ltd.,Woven,5.0,350.0,183,30000.0,"Jackets ,Trousers ,Jogging Suites","1327 Tejgaon I/A, Dhaka, Tejgaon",Dhaka,Tejgaon,1992,"['Jackets', 'Trousers', 'Jogging Suites']",360000.0,Large,33,1.9125683060109289,1967.2131147540983,3,0,0,0,0,0,0
Bentex Apparels Ltd.,Woven,5.0,335.0,300,100000.0,"Shirts ,Jackets ,Trousers, Pants","33, Milk Vita Road, Section # 1, Dhaka, Mirpur",Dhaka,Mirpur,1992,"['Shirts', 'Jackets', 'Trousers', 'Pants']",1200000.0,Very Large,33,1.1166666666666667,4000.0,4,0,0,1,0,0,0
Beq Knit Ltd.,Knit,5.0,400.0,141,338000.0,"T-Shirts ,Polo Shirts","Zirabo (Pukurpar), Dhaka, Savar",Dhaka,Savar,2002,"['T-Shirts', 'Polo Shirts']",4056000.0,Very Large,23,2.8368794326241136,28765.957446808512,2,0,0,0,0,0,0
Beq Sweaters Ltd.,Sweater,5.0,517.0,482,338000.0,Sweaters,"Zirabo (Pukurpar), Dhaka, Savar",Dhaka,Savar,2002,['Sweaters'],4056000.0,Very Large,23,1.0726141078838174,8414.937759336099,1,0,0,0,0,0,0
Best Ladies Wear Ltd.,Woven,5.0,550.0,273,7000.0,"Shirts ,Pants","35, Kunia, Bara Bari, National University, Gazipur, Gazipur",Gazipur,Gazipur,2013,"['Shirts', 'Pants']",84000.0,Medium,12,2.0146520146520146,307.6923076923077,2,0,0,1,0,0,0
Best Shirts Ltd.,Knit,1.0,2000.0,1189,50000.0,"MB Shirts ,Ladies Shirts ,Blouses","35, Kunia, National University, Gazipur, Gazipur",Gazipur,Gazipur,2020,"['MB Shirts', 'Ladies Shirts', 'Blouses']",600000.0,Large,5,1.682085786375105,504.6257359125315,3,0,0,0,0,0,0
Best Sportswear Limited,Knit,1.0,250.0,250,5000000.0,"T-Shirt ,Polo shirt","Holding # 44, Road # 10, Block # C, Dhour, Turag, Dhaka, Dhaka",Dhaka,Dhaka,2022,"['T-Shirt', 'Polo shirt']",60000000.0,Very Large,3,1.0,240000.0,2,1,0,0,0,0,0
Best Wool Sweaters Ltd.,Sweater,5.0,2800.0,917,715000.0,"Ladies ,Men's ,Kids","Jarun, Konabari, Gazipur, Gazipur",Gazipur,Gazipur,2003,"['Ladies', 'Mens', 'Kids']",8580000.0,Very Large,22,3.053435114503817,9356.59760087241,3,0,0,0,0,0,0
Besta Apparels,Knit,5.0,160.0,60,66667.0,"Shirts ,Pants ,T-Shirts ,Polo Shirts","78/1, (61/1) South Khapara Road, Ward # 3, North Auchpara, Gazipur, Tongi",Gazipur,Tongi,2013,"['Shirts', 'Pants', 'T-Shirts', 'Polo Shirts']",800004.0,Large,12,2.6666666666666665,13333.4,4,0,0,1,0,0,0
Bestex Fashions Ltd.,Knit,1.0,218.0,227,17780.0,"T-Shirts ,Polo Shirts ,Tank Top, Jacket ,Pyjama, Pant","Ganak Bari, Sreepor, Ashulia, Dhaka, Dhaka",Dhaka,Dhaka,2015,"['T-Shirts', 'Polo Shirts', 'Tank Top', 'Jacket', 'Pyjama', 'Pant']",213360.0,Large,10,0.960352422907489,939.9118942731277,6,0,0,0,1,0,0
Beximco Fashions Ltd.,Woven,5.0,2059.0,1120,450000.0,"Shirts ,Ladies Shirts ,Denim Pants ,Trousers","F-5, Sfb-2 (1St, 2Nd & 3Rd Floor), Depz, Ganakbari, Dhaka, Dhaka",Dhaka,Dhaka,1999,"['Shirts', 'Ladies Shirts', 'Denim Pants', 'Trousers']",5400000.0,Very Large,26,1.8383928571428572,4821.428571428572,4,0,0,0,0,0,0
Beximco PPE Ltd.,Woven,1.0,311.0,162,600000.0,"PPE ,Mask ,Hand Gloves ,Hand Sanitizer","Kabirpur, Ashulia, Savar, Dhaka, Dhaka",Dhaka,Dhaka,2021,"['PPE', 'Mask', 'Hand Gloves', 'Hand Sanitizer']",7200000.0,Very Large,4,1.9197530864197532,44444.444444444445,4,0,0,0,0,0,0
Bextex Garments Ltd.,Woven,5.0,4780.0,1221,9000000.0,"Shirts ,Pants ,T-Shirts ,Polo Shirts","Sarabo, Gazipur, Gazipur",Gazipur,Gazipur,2016,"['Shirts', 'Pants', 'T-Shirts', 'Polo Shirts']",108000000.0,Very Large,9,3.914823914823915,88452.08845208846,4,0,0,1,0,0,0
BG Collection Ltd.,Knit,5.0,652.0,200,120000.0,"T-Shirts ,Polo Shirts","Baniarchala, Bhabanipur, Gazipur, Mirzapur",Gazipur,Mirzapur,2008,"['T-Shirts', 'Polo Shirts']",1440000.0,Very Large,17,3.26,7200.0,2,0,0,0,0,0,0
Bhaiya Apparels Limited,Woven,1.0,4.0,230,500000.0,"Shirt ,Pant ,T-Shirt ,Polo Shirt","Plot # 92, Comilla Epz, Comilla, Comilla",Comilla,Comilla,2023,"['Shirt', 'Pant', 'T-Shirt', 'Polo Shirt']",6000000.0,Very Large,2,0.017391304347826087,26086.956521739132,4,1,1,0,0,1,0
BHML Industries Ltd.,Sweater,5.0,750.0,300,3600000.0,Sweater,"Kamarjuri, Natun Bazar, Gazipur, National University",Gazipur,National University,2014,['Sweater'],43200000.0,Very Large,11,2.5,144000.0,1,0,0,0,0,0,1
BHML Sweaters Ltd.,Sweater,5.0,1200.0,350,50000.0,Sweaters,"Sharifpur, National University, Gazipur","Sharifpur, National University",Gazipur,2008,['Sweaters'],600000.0,Large,17,3.4285714285714284,1714.2857142857142,1,0,0,0,0,0,0
Bhusan Apparels Ltd.,Woven,5.0,200.0,130,48000.0,"Shirts ,Blouses ,Trousers","74/1 Laboratory Road, Dhaka, Elephant Road",Dhaka,Elephant Road,1986,"['Shirts', 'Blouses', 'Trousers']",576000.0,Large,39,1.5384615384615385,4430.7692307692305,3,0,0,0,0,0,0
Bhuyan Warmtex (Pvt.) Ltd.,Sweater,5.0,580.0,300,101425.0,Sweaters,"Kadda Nandun, Gazipur, Kadda Bazar",Gazipur,Kadda Bazar,2005,['Sweaters'],1217100.0,Very Large,20,1.9333333333333333,4057.0,1,0,0,0,0,0,0
Bichitra Garments Ltd.,Woven,5.0,450.0,200,96000.0,"Pants ,Shorts","Holland Centre, Cha-72/1-B, Middle Badda, Dhaka, Badda",Dhaka,Badda,1995,"['Pants', 'Shorts']",1152000.0,Very Large,30,2.25,5760.0,2,0,0,1,0,0,0
BIDI Apparels Ltd.,Knit,1.0,400.0,440,3000000.0,Unknown,"Plot # 12-16, Sector # 6A, Cepz, Chattogram, Chattogram, Chittagong",Chittagong,Chittagong,2021,[],36000000.0,Very Large,4,0.9090909090909091,81818.18181818182,0,0,0,0,0,0,0
Big Boss Corporation Ltd.,Woven,5.0,5985.0,3228,1700000.0,"Long Pant ,Short Pant ,Denim Pant ,Twill Pant","Aptech Industrial Park, Holding # 30, Sarabo, Kashimpur, Gazipur, Dhaka, Gazipur",Dhaka,Gazipur,1998,"['Long Pant', 'Short Pant', 'Denim Pant', 'Twill Pant']",20400000.0,Very Large,27,1.854089219330855,6319.7026022304835,4,0,0,0,0,0,0
BIG-X Apparels,Knit,5.0,120.0,136,280000.0,"Shirts ,Pants ,T-Shirts","Section # 7, Avenue # 1, Plot # 4&5, Dhaka, Mirpur",Dhaka,Mirpur,2013,"['Shirts', 'Pants', 'T-Shirts']",3360000.0,Very Large,12,0.8823529411764706,24705.882352941175,3,0,0,1,0,0,0
Billah Resources Ltd.,Woven,1.0,1535.0,710,300000.0,"T-Shirts ,Polo Shirts ,Ladies Blouse ,Boys Shirt","17/1, Khataldia, Squib Raod, Nishad Nagar, Gazipur, Gazipur",Gazipur,Gazipur,2009,"['T-Shirts', 'Polo Shirts', 'Ladies Blouse', 'Boys Shirt']",3600000.0,Very Large,16,2.1619718309859155,5070.422535211268,4,0,0,0,0,0,0
Binni Garments Ltd,Woven,5.0,30.0,277,80000.0,"Jackets ,Trousers ,Shorts","164/1 South Kamalapur, Dhaka","164/1 South Kamalapur,",Dhaka,1985,"['Jackets', 'Trousers', 'Shorts']",960000.0,Large,40,0.10830324909747292,3465.7039711191337,3,0,0,0,0,0,0
Biped Sweaters Ltd.,Sweater,5.0,500.0,350,45000.0,Sweaters,"3/1, East Chandona, Gazipur, Joydevpur",Gazipur,Joydevpur,2004,['Sweaters'],540000.0,Large,21,1.4285714285714286,1542.857142857143,1,0,0,0,0,0,0
Birds A & Z Ltd.,Knit,5.0,1600.0,600,1000000.0,"Shirts ,Polo Shirts ,Tank Tops","113, Baipail, Ashulia, Dhaka, Savar",Dhaka,Savar,2000,"['Shirts', 'Polo Shirts', 'Tank Tops']",12000000.0,Very Large,25,2.6666666666666665,20000.0,3,0,0,0,0,0,0
Birds Apparels Ltd.,Woven,5.0,600.0,228,76000.0,"Jackets ,Overalls ,Trousers ,Shorts","1, Darus Salam Road, Section # 1, Dhaka, Mirpur",Dhaka,Mirpur,1992,"['Jackets', 'Overalls', 'Trousers', 'Shorts']",912000.0,Large,33,2.6315789473684212,4000.0,4,0,0,0,0,0,0
Birds Fadrex Ltd.,Woven,5.0,725.0,231,72000.0,"Babies Wears ,Overalls ,Trousers ,Shorts","113, Baipail, Ashulia, Dhaka, Savar",Dhaka,Savar,1995,"['Babies Wears', 'Overalls', 'Trousers', 'Shorts']",864000.0,Large,30,3.1385281385281387,3740.2597402597403,4,0,0,0,0,0,0
Birds Garments Ltd.,Woven,5.0,700.0,245,61000.0,"Babies Wears ,Trousers ,Overalls ,Shorts","1, Darus Salam Road, Section # 1, Dhaka, Mirpur",Dhaka,Mirpur,1985,"['Babies Wears', 'Trousers', 'Overalls', 'Shorts']",732000.0,Large,40,2.857142857142857,2987.7551020408164,4,0,0,0,0,0,0
Birds Garments Ltd. Unit-2,Woven,5.0,605.0,226,65000.0,"Jackets ,Trousers ,Shorts ,Overalls","113, Baipail, Ashulia, Dhaka, Savar",Dhaka,Savar,1997,"['Jackets', 'Trousers', 'Shorts', 'Overalls']",780000.0,Large,28,2.6769911504424777,3451.3274336283184,4,0,0,0,0,0,0
Birds RNR Fashions Ltd.,Woven,5.0,1210.0,402,145000.0,"Jackets ,Overalls ,Trousers ,Shorts","113, Baipail, Ashulia, Dhaka, Savar",Dhaka,Savar,2005,"['Jackets', 'Overalls', 'Trousers', 'Shorts']",1740000.0,Very Large,20,3.009950248756219,4328.358208955224,4,0,0,0,0,0,0
Biswas Fashions Ltd.,Knit,5.0,225.0,95,0.0,"T-Shirts ,Jogging Suits ,Infants Wear","Raj Fulbaria, Dhaka, Savar",Dhaka,Savar,1998,"['T-Shirts', 'Jogging Suits', 'Infants Wear']",0.0,,27,2.3684210526315788,0.0,3,0,0,0,0,0,0
Biswas Garments Ltd.,Woven,5.0,900.0,500,72000.0,"Jackets ,Pants ,Jogging Suits","Raj Fulbaria, Dhaka, Savar",Dhaka,Savar,1992,"['Jackets', 'Pants', 'Jogging Suits']",864000.0,Large,33,1.8,1728.0,3,0,0,1,0,0,0
Biswas Garments Ltd. (U-2),Woven,5.0,180.0,100,0.0,"Babies Wear ,Jackets ,Jogging Suits","Rajfulbaria, Dhaka, Savar",Dhaka,Savar,2002,"['Babies Wear', 'Jackets', 'Jogging Suits']",0.0,,23,1.8,0.0,3,0,0,0,0,0,0
Bit Body Bangladesh Ltd.,Woven,1.0,200.0,190,16200.0,Unknown,"Plot-224 & 226, Sattar Bhaban, Bogabari Bazar, Ali Madrasha, Baipayl, Ashulia, Dhaka, Dhaka",Dhaka,Dhaka,2017,[],194400.0,Large,8,1.0526315789473684,1023.1578947368421,0,0,0,0,0,0,0
Bitex Creations Ltd.,Woven,1.0,2.0,72,195000.0,"Shirt ,Pant ,T-Shirt ,Polo Shirt","1/1-Umo, Alubdi, Pallabi, Mirpur-12, Dhaka, Dhaka",Dhaka,Dhaka,2023,"['Shirt', 'Pant', 'T-Shirt', 'Polo Shirt']",2340000.0,Very Large,2,0.027777777777777776,32500.0,4,1,1,0,0,1,0
BKC Sweater Ltd.,Sweater,5.0,956.0,650,150000.0,"Sweaters ,Pullovers ,Cardigans ,Vests","Rams Tower, Plot # 212-214, Dagerchala Main Road, Gazipur, Board Bazar",Gazipur,Board Bazar,2002,"['Sweaters', 'Pullovers', 'Cardigans', 'Vests']",1800000.0,Very Large,23,1.4707692307692308,2769.230769230769,4,0,0,0,0,0,0
BLJ Bangladesh Corporation Ltd.,Knit,5.0,120.0,60,50000.0,"T-Shirta ,Polo Shirts","Durgapur, Jabbar Sorkar Road, Zirabo, Dhaka, Ashulia",Dhaka,Ashulia,2016,"['T-Shirta', 'Polo Shirts']",600000.0,Large,9,2.0,10000.0,2,0,0,0,0,0,0
Bloomingtex Ltd.,Woven,5.0,712.0,350,92000.0,"Shirts ,Trousers ,Shorts","16/1, New Jurain, Buriganga Setu Market, Dhaka, Postagola",Dhaka,Postagola,2007,"['Shirts', 'Trousers', 'Shorts']",1104000.0,Very Large,18,2.0342857142857143,3154.285714285714,3,0,0,0,0,0,0
BLP Warm Fashion Ltd.,Sweater,5.0,750.0,560,50000.0,"Sweaters ,Pullovers ,Cardigans","Rahman Tower, Sholoshahar, Rail Gate # 1, Chittagong, Muradpur",Chittagong,Muradpur,2004,"['Sweaters', 'Pullovers', 'Cardigans']",600000.0,Large,21,1.3392857142857142,1071.4285714285713,3,0,0,0,0,0,0
Blue Apparels Limited,Woven,1.0,2.0,300,1560000.0,"Shirt ,Pant ,Trouser ,T-Shirt","Chaira, Mushury Khola, Hemayetpur, Savar, Dhaka, Dhaka",Dhaka,Dhaka,2023,"['Shirt', 'Pant', 'Trouser', 'T-Shirt']",18720000.0,Very Large,2,0.006666666666666667,62400.0,4,1,1,0,0,0,0
Blue Cap Knit Fashion Ltd.,Knit,5.0,225.0,161,156000.0,"Panties ,Under Wears ,Bra","812, Mazid Tower, Baipail, Ashulia, Dhaka, Savar",Dhaka,Savar,2011,"['Panties', 'Under Wears', 'Bra']",1872000.0,Very Large,14,1.3975155279503106,11627.329192546584,3,0,0,0,0,0,0
Blue Planet Knitwear Ltd.,Knit,5.0,1350.0,520,423700.0,"T-Shirts ,Polo Shirts","Mulaid, Gazipur, Sreepur",Gazipur,Sreepur,2015,"['T-Shirts', 'Polo Shirts']",5084400.0,Very Large,10,2.5961538461538463,9777.692307692309,2,0,0,0,0,0,0
Blue Seal Textile Ltd.,Knit,5.0,975.0,242,397500.0,"T-Shirts ,Polo Shirts ,Tank Tops","Mulaid, Gazipur, Sreepur",Gazipur,Sreepur,2006,"['T-Shirts', 'Polo Shirts', 'Tank Tops']",4770000.0,Very Large,19,4.028925619834711,19710.743801652894,3,0,0,0,0,0,0
Blue Sky Fashion Ltd,Woven,1.0,5.0,130,130000.0,"Shirt ,Pant ,T-Shirt ,Polo Shirt","401 Nuruddin Chamber, Strand Road, Majhirghat, Sadarghat, Chattogram, Chittagong",Chittagong,Chittagong,2022,"['Shirt', 'Pant', 'T-Shirt', 'Polo Shirt']",1560000.0,Very Large,3,0.038461538461538464,12000.0,4,1,1,0,0,1,0
Blue-Bell Knitting & Processing Inds.Ltd,Knit,5.0,350.0,125,270000.0,"T-Shirts ,Socks ,Under Garments ,Polo Shirts","Sastapur, Narayanganj, Fatullah",Narayanganj,Fatullah,1992,"['T-Shirts', 'Socks', 'Under Garments', 'Polo Shirts']",3240000.0,Very Large,33,2.8,25920.0,4,0,0,0,0,0,0
Blueaglez Bangladesh Ltd.,Woven,1.0,213.0,165,100000.0,"Shirt ,Pant ,Top ,T-shirt","25, (Ground Floor-1St Floor), Haji Billat Ali School Road, Chalabon Hajipara, Dakkhin Khan, Dhaka, Dhaka",Dhaka,Dhaka,2016,"['Shirt', 'Pant', 'Top', 'T-shirt']",1200000.0,Very Large,9,1.290909090909091,7272.727272727273,4,0,1,0,0,0,0
Bodice Apparels Ltd.,Woven,1.0,450.0,250,160000.0,"Shirt ,Pant ,T-Shirt ,Polo shirt","Allai, Ward # 01, Amjur Hat, Patiya Pawroshova, Patiya, Chittagong, Chittagong",Chittagong,Chittagong,2022,"['Shirt', 'Pant', 'T-Shirt', 'Polo shirt']",1920000.0,Very Large,3,1.8,7680.0,4,1,1,0,0,0,0
Body Fashion (Pvt) Ltd.,Sweater,5.0,1110.0,630,120000.0,Sweaters,"Naojur, Kodda, Gazipur, Joydevpur",Gazipur,Joydevpur,2000,['Sweaters'],1440000.0,Very Large,25,1.7619047619047619,2285.714285714286,1,0,0,0,0,0,0
Body Link Sweater Ltd.,Sweater,5.0,1094.0,550,90000.0,Sweaters,"Naljani, Chandana, Chowrasta, Gazipur, Joydevpur",Gazipur,Joydevpur,2006,['Sweaters'],1080000.0,Very Large,19,1.989090909090909,1963.6363636363637,1,0,0,0,0,0,0
Bodystretch (BD) Ltd.,Knit,5.0,450.0,238,120000.0,"T-Shirts ,Polo Shirts ,Skirts","Plot # 80, Tengury, Zirani Bazar, Bksp, Ashulia, Dhaka, Savar",Dhaka,Savar,2012,"['T-Shirts', 'Polo Shirts', 'Skirts']",1440000.0,Very Large,13,1.8907563025210083,6050.420168067227,3,0,0,0,0,0,0
Bonded Fashion Ltd.,Knit,5.0,425.0,282,1000000.0,"T-Shirts ,Polo Shirts ,Vest ,Girls Tops","Shataish, Gazipura, Gazipur, Tongi",Gazipur,Tongi,2005,"['T-Shirts', 'Polo Shirts', 'Vest', 'Girls Tops']",12000000.0,Very Large,20,1.5070921985815602,42553.1914893617,4,0,0,0,0,0,0
Bonian Knit Fashions Ltd.,Knit,5.0,215.0,80,150000.0,Basic T-Shirts,"Latifpur, Shardaganj, Gazipur, B. Baria",Gazipur,B. Baria,2007,['Basic T-Shirts'],1800000.0,Very Large,18,2.6875,22500.0,1,0,0,0,0,0,0
Bonny & Bonny Apparels (Pvt) Ltd.,Knit,5.0,325.0,120,48000.0,"T-Shirts ,Night Gown ,Robe ,Pajama","1/2, Chowdhury Para, Dit Road, Dhaka, Rampura",Dhaka,Rampura,2007,"['T-Shirts', 'Night Gown', 'Robe', 'Pajama']",576000.0,Large,18,2.7083333333333335,4800.0,4,0,0,0,0,0,0
Bonny Apparels (Pvt) Ltd.,Knit,5.0,352.0,170,72000.0,"Night Gown ,Robe ,Pajama","13, D.I.T Road, Khilgaon Chowdhury Para, Dhaka, Khilgaon",Dhaka,Khilgaon,1993,"['Night Gown', 'Robe', 'Pajama']",864000.0,Large,32,2.070588235294118,5082.35294117647,3,0,0,0,0,0,0
Bonny Apparels (Pvt) Ltd.(U-2),Knit,5.0,320.0,200,84000.0,"Night Gown ,Knitwears ,Robe ,Pajama","1, Chowdhury Para, Dit Road, Dhaka","1, Chowdhury Para, Dit Road",Dhaka,2000,"['Night Gown', 'Knitwears', 'Robe', 'Pajama']",1008000.0,Very Large,25,1.6,5040.0,4,0,0,0,0,0,0
Boost Design Ltd.,Knit,1.0,300.0,130,82000.0,"T-Shirt ,Polo Shirt ,Trouser ,Tank Top","Yearpur, Zirabo, Ashulia, Savar, Dhaka, Dhaka",Dhaka,Dhaka,2021,"['T-Shirt', 'Polo Shirt', 'Trouser', 'Tank Top']",984000.0,Large,4,2.3076923076923075,7569.2307692307695,4,1,0,0,0,1,0
Borax Apparels Ltd.,Woven,5.0,260.0,140,36000.0,"Shirts ,Dresses ,Trousers ,Shorts","1/F, North-East Darussalam Road, (6Th - 8Th Floor), Section # 1, Dhaka, Mirpur",Dhaka,Mirpur,1993,"['Shirts', 'Dresses', 'Trousers', 'Shorts']",432000.0,Large,32,1.8571428571428572,3085.714285714286,4,0,0,0,0,0,0
Bottoms Gallery (Pvt.) Ltd.,Woven,5.0,990.0,620,140000.0,"Jackets ,Pants ,Girls Dress ,Skirts","Bulbul Tower, Dighir Chala, Gazipur, Gazipur",Gazipur,Gazipur,2011,"['Jackets', 'Pants', 'Girls Dress', 'Skirts']",1680000.0,Very Large,14,1.596774193548387,2709.6774193548385,4,0,0,1,0,0,0
Bovs Apparels Ltd.,Woven,5.0,825.0,530,204000.0,"Shirts ,Pants ,T-Shirts","Jamura, Muchipara, Hemayetpur, Dhaka, Savar",Dhaka,Savar,2013,"['Shirts', 'Pants', 'T-Shirts']",2448000.0,Very Large,12,1.5566037735849056,4618.867924528302,3,0,0,1,0,0,0
BP Wears (Pvt) Ltd.,Woven,5.0,440.0,193,100000.0,"Jackets ,Pants ,Trousers","Plot # B-189, Bscic Inds. Estate, Gazipur, Tongi",Gazipur,Tongi,2005,"['Jackets', 'Pants', 'Trousers']",1200000.0,Very Large,20,2.2797927461139897,6217.616580310881,3,0,0,1,0,0,0
Bramaks Limited,Knit,5.0,160.0,89,300000.0,Underwear,"Rahman Tower (2Nd Floor), 1, Railgate, Chittagong, Muradpur",Chittagong,Muradpur,2000,['Underwear'],3600000.0,Very Large,25,1.797752808988764,40449.43820224719,1,0,0,0,0,0,0
Brandix Casualwear Bangladesh Ltd.,Unknown,,0.0,0,200000.0,"Sweaters ,Pullovers ,Cardigans","Plot # 61 - 71, Comilla","Plot # 61 - 71,",Comilla,2017,"['Sweaters', 'Pullovers', 'Cardigans']",2400000.0,Very Large,8,0.0,0.0,3,0,0,0,0,0,0
Brands Apparel Ltd.,Woven,1.0,560.0,135,129999.0,"Shirt ,Denim Pant ,Jacket ,Trouser","121/3, Degerchala Road, National University, Gazipur Sadar, Gazipur, Gazipur",Gazipur,Gazipur,2021,"['Shirt', 'Denim Pant', 'Jacket', 'Trouser']",1559988.0,Very Large,4,4.148148148148148,11555.466666666667,4,0,1,0,1,0,0
Brannerson Apparel Ltd.,Woven,5.0,950.0,464,1440000.0,"Ladies Dress ,Ladies Swimwear ,Ladies Skirt ,Polo Shirts","Plo T# I/1, Gha Part, Rupnagar Industrial Area, Section:02, Pallabi, Mirpur, Dhaka, Dhaka, Dhaka",Dhaka,Dhaka,2016,"['Ladies Dress', 'Ladies Swimwear', 'Ladies Skirt', 'Polo Shirts']",17280000.0,Very Large,9,2.0474137931034484,37241.379310344826,4,0,0,0,0,0,0
Bravo Design Ltd.,Woven,1.0,130.0,469,55200.0,"Shirt ,Pant ,T-Shirt ,Polo Shirt","11/C/6, Moinertek, Uttarkhan, Dhaka, Dhaka",Dhaka,Dhaka,2022,"['Shirt', 'Pant', 'T-Shirt', 'Polo Shirt']",662400.0,Large,3,0.2771855010660981,1412.3667377398722,4,1,1,0,0,1,0
Brickland Composite Ltd.,Woven,1.0,200.0,141,0.0,"Shirt ,Pant ,Jacket ,T-Shirt","Borpa, Holding # 83, Rupganj, Narayangonj, Narayangonj, Narayangonj",Narayangonj,Narayangonj,2021,"['Shirt', 'Pant', 'Jacket', 'T-Shirt']",0.0,,4,1.4184397163120568,0.0,4,1,1,0,1,0,0
Bridgenet Apparels Ltd.,Woven,1.0,348.0,260,9000.0,"Chino ,Tops ,Trouser ,Hoody","Sha-74, Level-5Th , 6Th & 7Th, North Badda, Dhaka, Dhaka, Dhaka",Dhaka,Dhaka,2016,"['Chino', 'Tops', 'Trouser', 'Hoody']",108000.0,Large,9,1.3384615384615384,415.38461538461536,4,0,0,0,0,0,0
Bright Apparels Ltd.,Knit,5.0,350.0,180,75000.0,"MB T-Shirts ,Ladies T-Shirts ,Ladies Polo Shirts","B-24,(South), Bscic Shilponagari, Gazipur, Tongi",Gazipur,Tongi,1991,"['MB T-Shirts', 'Ladies T-Shirts', 'Ladies Polo Shirts']",900000.0,Large,34,1.9444444444444444,5000.0,3,0,0,0,0,0,0
Brightex Apparels Ltd.,Knit,5.0,300.0,155,50000.0,"Jackets ,Long Pants ,Denim Pants ,TShirts","1481/A, Roa D# 20, Chittagong, South Agrabad",Chittagong,South Agrabad,2011,"['Jackets', 'Long Pants', 'Denim Pants', 'TShirts']",600000.0,Large,14,1.935483870967742,3870.967741935484,4,0,0,0,0,0,0
Brilliane Sweater Limited,Sweater,5.0,700.0,316,60000.0,Sweaters,"Joyartek, Gazipur, Konabari",Gazipur,Konabari,2012,['Sweaters'],720000.0,Large,13,2.2151898734177213,2278.481012658228,1,0,0,0,0,0,0
Brishti Garments Ltd.,Woven,5.0,450.0,375,70000.0,"Denim 5 Pockets ,Trousers ,Shorts ,Skirts","4, Darussalam Road, Misko Super Market (1St & 2Nd Fl), Dhaka, Mirpur-1",Dhaka,Mirpur-1,1998,"['Denim 5 Pockets', 'Trousers', 'Shorts', 'Skirts']",840000.0,Large,27,1.2,2240.0,4,0,0,0,0,0,0
Britex Sportswear Limited,Knit,5.0,365.0,220,358000.0,"T-Shirts ,Polo Shirts","Parijat, Konabari, Gazipur, Gazipur",Gazipur,Gazipur,2012,"['T-Shirts', 'Polo Shirts']",4296000.0,Very Large,13,1.6590909090909092,19527.272727272728,2,0,0,0,0,0,0
Brooks (BD) Garments Co. Ltd.,Knit,5.0,300.0,100,80000.0,"Shirts ,T-Shirts ,Jogging Suits","Kunia, National University, Gazipur, K.B. Bazar",Gazipur,K.B. Bazar,1984,"['Shirts', 'T-Shirts', 'Jogging Suits']",960000.0,Large,41,3.0,9600.0,3,0,0,0,0,0,0
Brother Trade Wear,Knit,1.0,1.0,85,100000.0,"T-Shirt ,Polo Shirt","Plot # 14, Block # F, Eastern Housing, Pollabi 2Nd Part, Mirpur, Dhaka, Dhaka",Dhaka,Dhaka,2023,"['T-Shirt', 'Polo Shirt']",1200000.0,Very Large,2,0.011764705882352941,14117.64705882353,2,1,0,0,0,1,0
Brothers Apparels Ltd.,Woven,5.0,400.0,200,150000.0,"Jackets ,Pants ,Jogging Suits","21/27 Baizid Bostami Road, Nasirabad I/A, Chittagong","21/27 Baizid Bostami Road, Nasirabad I/A",Chittagong,1992,"['Jackets', 'Pants', 'Jogging Suits']",1800000.0,Very Large,33,2.0,9000.0,3,0,0,1,0,0,0
Brothers Fashion Limited,Woven,5.0,1000.0,750,150000.0,"Denim ,Casual Trousers ,Basic Chino ,Cargo","Redwan Tower, Holding # 1, Block-B, Ward # 15, Vogra, Gazipur, National University",Gazipur,National University,1986,"['Denim', 'Casual Trousers', 'Basic Chino', 'Cargo']",1800000.0,Very Large,39,1.3333333333333333,2400.0,4,0,0,0,0,0,0
BSA Apparels Ltd.,Woven,5.0,2400.0,850,240000.0,"Shirts ,Pants","Plot # D-9-12, Block - B, Bscic I/A, Fouzderhat, Chittagong, Pahartoli",Chittagong,Pahartoli,2008,"['Shirts', 'Pants']",2880000.0,Very Large,17,2.823529411764706,3388.235294117647,2,0,0,1,0,0,0
BSA Garment Industry (Pvt) Ltd. (U-2),Woven,5.0,558.0,148,60000.0,"Shirts ,Pants","56, Gosail Danga, Chittagong, Double Mooring",Chittagong,Double Mooring,1993,"['Shirts', 'Pants']",720000.0,Large,32,3.77027027027027,4864.864864864865,2,0,0,1,0,0,0
BSA Garments Inds. (Pvt) Ltd.,Woven,5.0,561.0,209,66000.0,"Shirts ,Pants","56, Gosaildanga, Chittagong, Double Mooring",Chittagong,Double Mooring,1985,"['Shirts', 'Pants']",792000.0,Large,40,2.6842105263157894,3789.4736842105262,2,0,0,1,0,0,0
BSA Garments Inds. (Pvt) Ltd.(H.U.),Sweater,5.0,250.0,90,30000.0,"Pullovers ,Cardigans","56, Gosaildanga, Chittagong, Double Mooring",Chittagong,Double Mooring,1989,"['Pullovers', 'Cardigans']",360000.0,Large,36,2.7777777777777777,4000.0,2,0,0,0,0,0,0
Buildex Knit Composite Ltd.,Knit,5.0,325.0,173,1900.0,"T-shirts ,Polo Shirts","Plot # 14, Simultola, Jamgora, Depz Road, Dhaka, Ashulia",Dhaka,Ashulia,2016,"['T-shirts', 'Polo Shirts']",22800.0,Medium,9,1.8786127167630058,131.79190751445086,2,0,0,0,0,0,0
Bulbul Knitting & Sewing Ltd.,Knit,5.0,260.0,150,167000.0,"T-Shirts ,Polo Shirts ,Tank Tops","228/7, Jamir Uddin Sarker Market, Dighirchala, Gazipur, Chandona",Gazipur,Chandona,2011,"['T-Shirts', 'Polo Shirts', 'Tank Tops']",2004000.0,Very Large,14,1.7333333333333334,13360.0,3,0,0,0,0,0,0
Bunon Knitwear Ltd.,Woven,5.0,320.0,158,250000.0,"Shirts ,Pants ,T-Shirts ,Polo Shirts","Mouchak, Kaliakoir, Gazipur, Gazipur",Gazipur,Gazipur,2014,"['Shirts', 'Pants', 'T-Shirts', 'Polo Shirts']",3000000.0,Very Large,11,2.0253164556962027,18987.3417721519,4,0,0,1,0,0,0
Byzid Apparels (Pvt) Ltd.,Knit,5.0,480.0,195,180000.0,"Boy's Shirts ,Girls Shirts ,Shorts","671/1, Sholakbahar, Abm Tower, Chittagong, Bahardarhat",Chittagong,Bahardarhat,1998,"['Boys Shirts', 'Girls Shirts', 'Shorts']",2160000.0,Very Large,27,2.4615384615384617,11076.923076923076,3,0,0,0,0,0,0
C & A Fashion Ltd.,Knit,5.0,450.0,280,100000.0,"Ladies Shirts ,Jackets ,Knit Tops","107/112, Chawk Bazar, Chittagong, Chawk Bazar",Chittagong,Chawk Bazar,1993,"['Ladies Shirts', 'Jackets', 'Knit Tops']",1200000.0,Very Large,32,1.6071428571428572,4285.714285714285,3,0,0,0,0,0,0
C & A Textiles Ltd.,Knit,5.0,737.0,233,1200000.0,"Shirts ,Pants ,T-Shirts ,Polo Shirts","Plot # 61, 62, 66, 67, 68, 72 & 73, Bscic I/E, Chittagong, Kalurghat",Chittagong,Kalurghat,2015,"['Shirts', 'Pants', 'T-Shirts', 'Polo Shirts']",14400000.0,Very Large,10,3.163090128755365,61802.575107296136,4,0,0,1,0,0,0
C & B Composite Ltd.,Knit,5.0,300.0,95,20833.0,"Shirts ,Pants ,T-Shirts ,Polo Shirts","House # 8, Lane # 24/1, Avenue # 5,, Section # 11, Modina Nagar, Pallabi, Dhaka, Mirpur",Dhaka,Mirpur,2014,"['Shirts', 'Pants', 'T-Shirts', 'Polo Shirts']",249996.0,Large,11,3.1578947368421053,2631.536842105263,4,0,0,1,0,0,0
C & R Sweater Ltd.,Sweater,1.0,650.0,254,110000.0,Unknown,"Votulia, Gazipur, Sreepur, Gazipur, Gazipur",Gazipur,Gazipur,2018,[],1320000.0,Very Large,7,2.559055118110236,5196.850393700787,0,0,0,0,0,0,0
C.B.M. International Ltd.,Woven,1.0,962.0,1039,60000.0,"T-Shirts ,Shorts","125/1, Senpara Parbata, Dhaka, Dhaka",Dhaka,Dhaka,1998,"['T-Shirts', 'Shorts']",720000.0,Large,27,0.9258902791145333,692.9740134744947,2,0,0,0,0,0,0
C.K. Sweaters Ltd.,Sweater,5.0,425.0,953,0.0,Sweaters,"Mahadani, Boideshirhat, Dinajpur, Chirirbander",Dinajpur,Chirirbander,2007,['Sweaters'],0.0,,18,0.4459601259181532,0.0,1,0,0,0,0,0,0
C2C Fashion Limited,Woven,1.0,2.0,122,1000000.0,"Shirt ,Pant ,T-Shirt ,Polo Shirt","Holding # G-92/1 (Old# 92), Word # 15, Hn Tower, Vogra, Bashon, Gazipur Sadar, Gazipur, Gazipur",Gazipur,Gazipur,2022,"['Shirt', 'Pant', 'T-Shirt', 'Polo Shirt']",12000000.0,Very Large,3,0.01639344262295082,98360.65573770492,4,1,1,0,0,1,0
CA Knitwear Ltd.,Knit,5.0,3025.0,1855,110000.0,"T-Shirt ,Polo Shirt ,Sweat Shirt ,Legging","House # 50, Road # 7, Block # A, Section-12, Dhaka, B. Baria",Dhaka,B. Baria,1994,"['T-Shirt', 'Polo Shirt', 'Sweat Shirt', 'Legging']",1320000.0,Very Large,31,1.6307277628032344,711.5902964959569,4,1,0,0,0,1,0
Cad Tex Garments Limited,Knit,5.0,1200.0,464,1000000.0,"T-Shirts ,Polo Shirts ,Tank Top","Kutubail, Narayanganj, Fatullah",Narayanganj,Fatullah,1996,"['T-Shirts', 'Polo Shirts', 'Tank Top']",12000000.0,Very Large,29,2.586206896551724,25862.068965517243,3,0,0,0,0,0,0
Caesar Apparels Ltd.,Woven,5.0,715.0,680,25000.0,"Dress ,Shirt ,Tunic ,Pant","82, Nasirabad I/A, Baisiz Bostami, Chittagong, Chittagong",Chittagong,Chittagong,2006,"['Dress', 'Shirt', 'Tunic', 'Pant']",300000.0,Large,19,1.0514705882352942,441.1764705882353,4,0,1,0,0,0,0
Calico Garments Ltd.,Knit,5.0,465.0,220,50000.0,"Jackets ,Trousers ,Denim Pants","755, Askarabad, D.T. Road, Chittagong","755, Askarabad, D.T. Road",Chittagong,1985,"['Jackets', 'Trousers', 'Denim Pants']",600000.0,Large,40,2.1136363636363638,2727.2727272727275,3,0,0,0,0,0,0
Calm Denims Ltd.,Woven,5.0,0.0,0,0.0,"Childrenwears ,Jackets ,Trousers","Kulgaon, Hathazari Road, Chittagong","Kulgaon, Hathazari Road",Chittagong,2003,"['Childrenwears', 'Jackets', 'Trousers']",0.0,,22,0.0,0.0,3,0,0,0,0,0,0
Calvin Fashion Ltd.,Woven,5.0,450.0,280,100000.0,"Shirts ,Ladies Tops ,Shorts ,Jackets","1014/A, Baizid Bostami Road, East Nasirabad, Chittagong","1014/A, Baizid Bostami Road, East Nasirabad",Chittagong,1995,"['Shirts', 'Ladies Tops', 'Shorts', 'Jackets']",1200000.0,Very Large,30,1.6071428571428572,4285.714285714285,4,0,0,0,0,0,0
Cambridge Garments Ltd.,Woven,5.0,505.0,300,100000.0,"Trousers ,Work Wears ,Jackets ,Long Pants","Feroza Complex (4Th Floor), 88, Kazi Najrul Islam Avenue, Dhaka, Farmgate",Dhaka,Farmgate,1985,"['Trousers', 'Work Wears', 'Jackets', 'Long Pants']",1200000.0,Very Large,40,1.6833333333333333,4000.0,4,0,0,0,0,0,0
Camellia Apparels Limited,Woven,5.0,240.0,110,25000.0,"Jackets ,Outer Wears ,Jeans","335, West Rampura, D.I.T Road, Dhaka, Rampura",Dhaka,Rampura,1993,"['Jackets', 'Outer Wears', 'Jeans']",300000.0,Large,32,2.1818181818181817,2727.2727272727275,3,0,0,0,0,0,0
Camio Knitwear Ltd.,Knit,5.0,830.0,345,390000.0,"T-Shirts ,Polo Shirts","Kadda Nandan, Kadda Bazar, Gazipur, Joydevpur",Gazipur,Joydevpur,2016,"['T-Shirts', 'Polo Shirts']",4680000.0,Very Large,9,2.4057971014492754,13565.217391304348,2,0,0,0,0,0,0
Camio USA Knitwear Ltd.,Knit,5.0,0.0,279,120000.0,"T-Shirts ,Polo Shirts ,Tank Tops","Kadda Nandun, Gazipur, Joydevpur",Gazipur,Joydevpur,2008,"['T-Shirts', 'Polo Shirts', 'Tank Tops']",1440000.0,Very Large,17,0.0,5161.290322580645,3,0,0,0,0,0,0
Camlet Fashions Ltd.,Knit,5.0,214.0,60,0.0,"T-Shirts ,Polo Shirts ,Boxer Shorts ,Basic Pants","24/Ka, Shahid Minar Road, Dhaka, Kallyanpur",Dhaka,Kallyanpur,2007,"['T-Shirts', 'Polo Shirts', 'Boxer Shorts', 'Basic Pants']",0.0,,18,3.566666666666667,0.0,4,0,0,0,0,0,0
Can-Am Garments (Pvt) Ltd.,Sweater,5.0,650.0,550,96000.0,Sweaters,"Fatullah, Narayanganj, Fatullah",Narayanganj,Fatullah,2004,['Sweaters'],1152000.0,Very Large,21,1.1818181818181819,2094.5454545454545,1,0,0,0,0,0,0
Canvas Clothings Ltd.,Woven,5.0,200.0,120,60000.0,T-Shirts,"301 (North) Nasirabad I/A, Baizid Bostami Road, Chittagong","301 (North) Nasirabad I/A, Baizid Bostami Road",Chittagong,2001,['T-Shirts'],720000.0,Large,24,1.6666666666666667,6000.0,1,0,0,0,0,0,0
Canvas Garments (Pvt) Ltd.,Knit,5.0,101.0,89,0.0,Unknown,"301 (North) Nasirabad I/A, Baizidbostami Road, Chittagong","301 (North) Nasirabad I/A, Baizidbostami Road",Chittagong,2002,[],0.0,,23,1.1348314606741574,0.0,0,0,0,0,0,0,0
Capital Designs Limited,Knit,5.0,394.0,250,130000.0,"Shirts ,Polo Shirts ,Blouses ,Tops","Dilan Complex, Dhaka Road, Chandona Chowrasta, Gazipur, Chandona",Gazipur,Chandona,1995,"['Shirts', 'Polo Shirts', 'Blouses', 'Tops']",1560000.0,Very Large,30,1.576,6240.0,4,0,0,0,0,0,0
Capital Fashions Limited,Woven,5.0,800.0,450,150000.0,"Jacket ,Pant ,T-Shirts ,Trouser","Dilan Complex, Dhaka Road, Chandona Chowrasta, Gazipur, Gazipur",Gazipur,Gazipur,1992,"['Jacket', 'Pant', 'T-Shirts', 'Trouser']",1800000.0,Very Large,33,1.7777777777777777,4000.0,4,0,0,0,1,0,0
Capital Garments Ltd.,Woven,5.0,800.0,400,60000.0,"Jackets ,Pants, Shorts ,Jogging Suits","Sotobali Mahar, Dhaka, Savar",Dhaka,Savar,1985,"['Jackets', 'Pants', 'Shorts', 'Jogging Suits']",720000.0,Large,40,2.0,1800.0,4,0,0,1,0,0,0
Capital Poshak Ltd.,Knit,5.0,616.0,287,100000.0,"Shirts ,Skirts ,Sweat Shirts ,Shorts","Engr Momtaz Uddin Complex, Sharifpur, Gazipur, National University",Gazipur,National University,1998,"['Shirts', 'Skirts', 'Sweat Shirts', 'Shorts']",1200000.0,Very Large,27,2.1463414634146343,4181.184668989547,4,0,0,0,0,0,0
Capri Apparels Ltd.,Woven,5.0,450.0,225,60000.0,"Jackets ,Pants ,Trousers","B-193, Bscic Inds. Estate, Gazipur, Tongi",Gazipur,Tongi,2000,"['Jackets', 'Pants', 'Trousers']",720000.0,Large,25,2.0,3200.0,3,0,0,1,0,0,0
Capri Garments Ltd.,Woven,5.0,450.0,225,60000.0,"Jackets ,Trousers ,Pants","B-193, Bscic I/A, Gazipur, Tongi",Gazipur,Tongi,1992,"['Jackets', 'Trousers', 'Pants']",720000.0,Large,33,2.0,3200.0,3,0,0,1,0,0,0
Cardinal Apparels Ltd.,Woven,5.0,200.0,0,8400.0,"Mens Woven Long Pant ,Mens Woven Boxer Short ,Mens Flannel Long Pant","514, Chotopool, Chittagong, Chittagong",Chittagong,Chittagong,2004,"['Mens Woven Long Pant', 'Mens Woven Boxer Short', 'Mens Flannel Long Pant']",100800.0,Large,21,0.0,0.0,3,0,0,0,0,0,0
Carlos Leather Fashion Ltd.,Woven,5.0,250.0,125,60000.0,"Jackets ,Trousers ,Sportwears","Taknogpara, Chandona, Gazipur, B. Baria",Gazipur,B. Baria,1998,"['Jackets', 'Trousers', 'Sportwears']",720000.0,Large,27,2.0,5760.0,3,0,0,0,0,0,0
Carnival Fashions (Pvt) Ltd.,Woven,5.0,180.0,120,60000.0,"Jackets ,Pants ,T-Shirts , Boxer Shorts","755, Askarabad (2Nd Floor), D.T. Road, Chittagong","755, Askarabad (2Nd Floor), D.T. Road",Chittagong,1998,"['Jackets', 'Pants', 'T-Shirts', 'Boxer Shorts']",720000.0,Large,27,1.5,6000.0,4,0,0,1,0,0,0
Cassiiopea Garments Ltd.,Woven,5.0,450.0,197,0.0,"Shirts ,T-Shirts ,Pants","L K Plaza Holding # 90, Dakhin Khan Bazar, Dhaka, Uttara",Dhaka,Uttara,2013,"['Shirts', 'T-Shirts', 'Pants']",0.0,,12,2.284263959390863,0.0,3,0,0,1,0,0,0
Cassiopea Apparels Ltd.,Woven,5.0,1000.0,570,400000.0,"Pants ,Overalls ,Skirts ,Shorts","Bokran Monipur, Vabanipur, Mirzapur Union, Gazipur, Joydevpur",Gazipur,Joydevpur,2004,"['Pants', 'Overalls', 'Skirts', 'Shorts']",4800000.0,Very Large,21,1.7543859649122806,8421.052631578947,4,0,0,1,0,0,0
Cassiopea Clothing Ltd.,Woven,5.0,900.0,752,120000.0,"Pants ,Trousers ,Shorts","Plot # 1098 (4Th & 5Th Fl), Ahalia, Turag, Dhaka, Turag",Dhaka,Turag,2012,"['Pants', 'Trousers', 'Shorts']",1440000.0,Very Large,13,1.196808510638298,1914.8936170212767,3,0,0,1,0,0,0
Cassiopea Fashion Ltd.,Woven,5.0,1200.0,1186,500000.0,"Pants ,Overalls ,Shorts ,Skirts","Borkan Monipur, Hotapara, Mirzapur Union, Gazipur, Joydevpur",Gazipur,Joydevpur,2008,"['Pants', 'Overalls', 'Shorts', 'Skirts']",6000000.0,Very Large,17,1.0118043844856661,5059.02192242833,4,0,0,1,0,0,0
Casual Garments Ltd.,Woven,1.0,3430.0,2778,750000.0,Shirt,"48/3, Kabi Jasim Uddin Road, Pagar, Tongi, Gazipur, Gazipur",Gazipur,Gazipur,2021,['Shirt'],9000000.0,Very Large,4,1.2347012239020878,3239.7408207343415,1,0,1,0,0,0,0
Cathay Apparels Ltd.,Knit,5.0,0.0,0,0.0,"T-Shirts ,Polo Shirts","East Norsinghapur, Ashulia, Dhaka, Savar",Dhaka,Savar,2009,"['T-Shirts', 'Polo Shirts']",0.0,,16,0.0,0.0,2,0,0,0,0,0,0
Cavron Limited,Woven,1.0,5.0,285,68000.0,"Shirt ,Pant ,T-Shirt ,Polo Shirt","23, S.M. Mozammel Haque Plaza, Chairman Bari, Dakkhin Khan, Dhaka, Dhaka",Dhaka,Dhaka,2023,"['Shirt', 'Pant', 'T-Shirt', 'Polo Shirt']",816000.0,Large,2,0.017543859649122806,2863.157894736842,4,1,1,0,0,1,0
CD Acrylic Bangladesh Ltd.,Sweater,5.0,750.0,400,750000.0,"Sweaters ,Pullovers ,Cardigans ,V-Neck Sweater","Chandul Miabazar, Comilla, Chowddahgram",Comilla,Chowddahgram,1995,"['Sweaters', 'Pullovers', 'Cardigans', 'V-Neck Sweater']",9000000.0,Very Large,30,1.875,22500.0,4,0,0,0,0,0,0
CD Spinning Mills Ltd.,Sweater,5.0,207.0,180,80000.0,"Sweaters ,Cardigans ,Pullovers","Chandul Miabazar, Comilla, Chowddahgram",Comilla,Chowddahgram,2003,"['Sweaters', 'Cardigans', 'Pullovers']",960000.0,Large,22,1.15,5333.333333333333,3,0,0,0,0,0,0
CDF Design (BD),Knit,5.0,522.0,214,120000.0,"Boy's Shirts ,Shorts ,Denim Trousers ,Polo Shirts","430/1/A, Tejgaon I/A, Dhaka, Tejgaon",Dhaka,Tejgaon,2007,"['Boys Shirts', 'Shorts', 'Denim Trousers', 'Polo Shirts']",1440000.0,Very Large,18,2.439252336448598,6728.971962616823,4,0,0,0,0,0,0
Celebrity Export Garments Ltd.,Woven,1.0,402.0,138,100000.0,"Jacket ,Shirt ,Pant ,Blazers","House # 04, Road # 02, Block # A, Chand Uddan, Mohammadpur, Dhaka, Dhaka",Dhaka,Dhaka,2017,"['Jacket', 'Shirt', 'Pant', 'Blazers']",1200000.0,Very Large,8,2.9130434782608696,8695.652173913044,4,0,1,0,1,0,0
Centex Fashions Ltd.,Woven,5.0,480.0,200,0.0,"Jackets ,Jogging Suits ,Pants","76, Ibrahimpur, Dhaka, B. Baria",Dhaka,B. Baria,2004,"['Jackets', 'Jogging Suits', 'Pants']",0.0,,21,2.4,0.0,3,0,0,1,0,0,0
Centex Textile & Apparels Ltd.,Woven,5.0,1000.0,500,90000.0,"Jackets ,Trousers ,Jogging Suits ,Shorts","C.B. 203/3, Kachukhet Puran Bazar, Dhaka, Cantonment",Dhaka,Cantonment,2004,"['Jackets', 'Trousers', 'Jogging Suits', 'Shorts']",1080000.0,Very Large,21,2.0,2160.0,4,0,0,0,0,0,0
Central Garments Industry Ltd.,Woven,5.0,150.0,100,35000.0,"Shirts ,Blouses ,Children Wears","67, Khilgaon Chowdhury Para, Dit Road, Haji Para, Dhaka, Rampura",Dhaka,Rampura,1985,"['Shirts', 'Blouses', 'Children Wears']",420000.0,Large,40,1.5,4200.0,3,0,0,0,0,0,0
Century Design & Fashion (Pvt) Ltd.,Knit,5.0,253.0,114,270000.0,"Jackets ,Trousers ,T-Shirts ,Polo Shirts","Kalma-1, Dhaka, Savar",Dhaka,Savar,2003,"['Jackets', 'Trousers', 'T-Shirts', 'Polo Shirts']",3240000.0,Very Large,22,2.219298245614035,28421.052631578947,4,0,0,0,0,0,0
Century Sweaters (Pvt) Ltd.,Sweater,5.0,240.0,159,30000.0,Pullovers,"4700/H, Terminal Connecting Road, Chandgaon, Chittagong","4700/H, Terminal Connecting Road, Chandgaon",Chittagong,2003,['Pullovers'],360000.0,Large,22,1.509433962264151,2264.1509433962265,1,0,0,0,0,0,0
CG Apparels Ltd.,Knit,5.0,267.0,59,100000.0,"T-Shirts ,Polo Shirts","Jhalkuri Purbopara, Narayanganj, Siddirgonj",Narayanganj,Siddirgonj,2014,"['T-Shirts', 'Polo Shirts']",1200000.0,Very Large,11,4.52542372881356,20338.98305084746,2,0,0,0,0,0,0
Chaity Apparels Ltd.,Woven,5.0,508.0,295,110000.0,"Jogging sets ,Casual Trousers ,Shorts ,Knit Tops","Ashique Complex, 43, Chalabon, Azimpur, Dhaka, Uttara",Dhaka,Uttara,1994,"['Jogging sets', 'Casual Trousers', 'Shorts', 'Knit Tops']",1320000.0,Very Large,31,1.7220338983050847,4474.576271186441,4,0,0,0,0,0,0
Chaity Classic Sportswear (MFG) Co. Ltd.,Woven,5.0,645.0,375,100000.0,"Dress Pants ,Casual Trousers","Ashique Complex, 43, Chalabon, Azampur, Dhaka, Uttara",Dhaka,Uttara,2002,"['Dress Pants', 'Casual Trousers']",1200000.0,Very Large,23,1.72,3200.0,2,0,0,0,0,0,0
Chaity Composite Ltd.,Knit,5.0,1950.0,798,650000.0,"T-Shirts ,Polo Shirts ,Tank Top","Choto Shilmondi, Tripordi, Narayanganj, Sonargaon",Narayanganj,Sonargaon,2010,"['T-Shirts', 'Polo Shirts', 'Tank Top']",7800000.0,Very Large,15,2.443609022556391,9774.436090225563,3,0,0,0,0,0,0
Chaity Garments Ltd.,Woven,5.0,490.0,285,100000.0,"Jackets ,Jogging suits ,Casual Trousers ,Knit Top","Ashique Complex, 43, Chalabon, Azampur, Dhaka, Uttara",Dhaka,Uttara,1992,"['Jackets', 'Jogging suits', 'Casual Trousers', 'Knit Top']",1200000.0,Very Large,33,1.719298245614035,4210.526315789473,4,0,0,0,0,0,0
Chaity Knit Composite Ltd.,Knit,5.0,1610.0,677,780000.0,"T-Shirts ,Polo Shirts ,Tank Tops","Chotto Shilmondi, Tripordi, Narayanganj, Sonargaon",Narayanganj,Sonargaon,2012,"['T-Shirts', 'Polo Shirts', 'Tank Tops']",9360000.0,Very Large,13,2.3781388478581977,13825.701624815361,3,0,0,0,0,0,0
Chancellor Garments Ltd.,Woven,5.0,522.0,248,12500.0,"Jackets ,Pant ,Shirt ,Short","295/Ja/4, Rayer Bazar, Dhaka, Dhaka",Dhaka,Dhaka,1993,"['Jackets', 'Pant', 'Shirt', 'Short']",150000.0,Large,32,2.1048387096774195,604.8387096774194,4,0,1,0,0,0,0
Chandrima Garments (Pvt) Ltd.,Knit,5.0,0.0,60,0.0,"T-Shirts ,Tanktop","33 West Malibagh, Dhaka, Malibagh",Dhaka,Malibagh,1997,"['T-Shirts', 'Tanktop']",0.0,,28,0.0,0.0,2,0,0,0,0,0,0
Chantik Apparels,Woven,5.0,490.0,196,110500.0,"Shirts ,Pants ,Jecket","Plot & Holding # 01, (5Th Floor), Turag Housing Ltd, Beribadh, Dhaka, Mohammadpur",Dhaka,Mohammadpur,2013,"['Shirts', 'Pants', 'Jecket']",1326000.0,Very Large,12,2.5,6765.306122448979,3,0,0,1,0,0,0
Chantik Garments Ltd.,Woven,5.0,2250.0,1601,750000.0,"Trouser ,Chino Pant ,Jegging ,Short","Kumkumary, Gouripur, Ashulia, Dhaka, Dhaka",Dhaka,Dhaka,2008,"['Trouser', 'Chino Pant', 'Jegging', 'Short']",9000000.0,Very Large,17,1.4053716427232978,5621.486570893192,4,0,0,0,0,0,0
Charm Fashion,Knit,5.0,438.0,205,600000.0,"T-Shirts ,Polo Shirts","2690/A, Hathajari Road, Chittagong, Narinda",Chittagong,Narinda,2015,"['T-Shirts', 'Polo Shirts']",7200000.0,Very Large,10,2.1365853658536587,35121.95121951219,2,0,0,0,0,0,0
Charming Knitwears Ltd.,Sweater,5.0,550.0,500,36000.0,"Sweaters ,Cardigans ,Pullovers","Adunagar, Chittagong, Lohagara",Chittagong,Lohagara,2000,"['Sweaters', 'Cardigans', 'Pullovers']",432000.0,Large,25,1.1,864.0,3,0,0,0,0,0,0
Chello of Bangladesh Ltd.,Woven,5.0,325.0,95,150000.0,"T-Shirts ,Polo Shirts ,Tank Top","234/1, Kachukhet Bazar Road, Abdullah Khan Mansion, Dhaka","234/1, Kachukhet Bazar Road, Abdullah Khan Mansion",Dhaka,2000,"['T-Shirts', 'Polo Shirts', 'Tank Top']",1800000.0,Very Large,25,3.4210526315789473,18947.36842105263,3,0,0,0,0,0,0
Cheng Yi Garments Inds. Ltd.,Knit,5.0,250.0,150,500000.0,"Shirts ,Pants ,Underwears","Zirabo, Ashulia, Dhaka, Savar",Dhaka,Savar,2008,"['Shirts', 'Pants', 'Underwears']",6000000.0,Very Large,17,1.6666666666666667,40000.0,3,0,0,1,0,0,0
Cherry (Pvt) Ltd.,Woven,5.0,325.0,161,60000.0,"Shirts ,Blouses","284, Ibrahimpur (1St Floor), Dhaka, Cantonment",Dhaka,Cantonment,1992,"['Shirts', 'Blouses']",720000.0,Large,33,2.018633540372671,4472.0496894409935,2,0,0,0,0,0,0
Cherry Knit Wear Ltd.,Knit,5.0,340.0,153,375000.0,"Trousers ,T-Shirts ,Polo Shirts ,Tank Tops","Sarabo, Gazipur, Kashimpur",Gazipur,Kashimpur,2008,"['Trousers', 'T-Shirts', 'Polo Shirts', 'Tank Tops']",4500000.0,Very Large,17,2.2222222222222223,29411.764705882353,4,0,0,0,0,0,0
Chestnut International Ltd.,Knit,5.0,300.0,140,300000.0,"Shirts ,Pants ,T-Shirts ,Polo Shirts","Hazi Azmot Ali Plaza, Degerchala, Hurricane Bus Stand, Gazipur, National University",Gazipur,National University,2015,"['Shirts', 'Pants', 'T-Shirts', 'Polo Shirts']",3600000.0,Very Large,10,2.142857142857143,25714.285714285714,4,0,0,1,0,0,0
Children Place Ltd.,Knit,5.0,400.0,180,200000.0,"T-Shirts ,Shirts ,Pants ,Jackets","136, Lalchand Road, Chittagong, Chawk Bazar",Chittagong,Chawk Bazar,2000,"['T-Shirts', 'Shirts', 'Pants', 'Jackets']",2400000.0,Very Large,25,2.2222222222222223,13333.333333333334,4,0,0,1,0,0,0
Chistytex apparels Ltd.,Woven,5.0,313.0,360,42000.0,"Shirts ,Pants","Paragaon, Ward # 3, 10 Hobirbari Union Porishad, Mymensingh, Valuka",Mymensingh,Valuka,2016,"['Shirts', 'Pants']",504000.0,Large,9,0.8694444444444445,1400.0,2,0,0,1,0,0,0
Chittagong Asian Apparels Ltd.,Knit,5.0,1505.0,600,420000.0,"Shirts ,Jackets ,T-Shirts","132, Nasirabad I/A, Chittagong","132, Nasirabad I/A,",Chittagong,2004,"['Shirts', 'Jackets', 'T-Shirts']",5040000.0,Very Large,21,2.5083333333333333,8400.0,3,0,0,0,0,0,0
Chittagong Fashion Speialised Tex. Ltd.,Woven,1.0,0.0,850,300000.0,"Shirts ,Tops ,Blouse ,Uniform","Plot # 26, Sector # 1, Road # 4, Cepz, Chittagong, Chittagong",Chittagong,Chittagong,2019,"['Shirts', 'Tops', 'Blouse', 'Uniform']",3600000.0,Very Large,6,0.0,4235.294117647059,4,0,0,0,0,0,0
Chittagong Fashion Wear Ltd.,Woven,5.0,500.0,265,120000.0,"Shirts ,Ladies Shirts ,BG School Wears ,Pyjamas","6606(P), South Halishahar, (Near E.P.Z.), Chittagong, Bondar",Chittagong,Bondar,1995,"['Shirts', 'Ladies Shirts', 'BG School Wears', 'Pyjamas']",1440000.0,Very Large,30,1.8867924528301887,5433.962264150943,4,0,0,0,0,0,0
Chittagong Knitwears (Pvt.) Ltd.,Sweater,5.0,1560.0,5056,12500000.0,"Sweaters ,Pullovers ,Cardigans","Plot # 17 & 18, Sector # 4, Chittagong, Cepz",Chittagong,Cepz,1996,"['Sweaters', 'Pullovers', 'Cardigans']",150000000.0,Very Large,29,0.30854430379746833,29667.721518987342,3,0,0,0,0,0,0
Choice Garments Ltd.,Woven,5.0,350.0,330,96000.0,"Shirts ,Jackets ,Pants ,Skirts","Fidc Road, Bscic I/A, Chittagong, Kalurghat",Chittagong,Kalurghat,1986,"['Shirts', 'Jackets', 'Pants', 'Skirts']",1152000.0,Very Large,39,1.0606060606060606,3490.909090909091,4,0,0,1,0,0,0
Chong Won Ars Sweaters Ltd.,Sweater,5.0,200.0,170,320000.0,Sweaters,"1, East Rampura, Dit Road, Dhaka, Rampura",Dhaka,Rampura,2001,['Sweaters'],3840000.0,Very Large,24,1.1764705882352942,22588.235294117647,1,0,0,0,0,0,0
Chorka Apparels Ltd.,Knit,1.0,7.0,138,1300000.0,"T-Shirt ,Polo Shirt ,Bra ,Pant","Kazir Char, Danga, Palash, Narsingdi, Narshingdi",Narsingdi,Narshingdi,2022,"['T-Shirt', 'Polo Shirt', 'Bra', 'Pant']",15600000.0,Very Large,3,0.050724637681159424,113043.47826086957,4,1,0,0,0,1,0
Chorka Textile Ltd.,Knit,5.0,3881.0,910,1900000.0,"T-Shirts ,Polo Shirts","Kazir Chor, Danga, Narsingdi, Palash",Narsingdi,Palash,2015,"['T-Shirts', 'Polo Shirts']",22800000.0,Very Large,10,4.264835164835165,25054.945054945056,2,0,0,0,0,0,0
Chorus Fashions Ltd.,Knit,5.0,180.0,57,150000.0,"T-Shirts, Polo Shirt","Plot # 1/3, Road # 6, Section # 7, Dhaka, Mirpur",Dhaka,Mirpur,2000,"['T-Shirts', 'Polo Shirt']",1800000.0,Very Large,25,3.1578947368421053,31578.947368421053,2,0,0,0,0,1,0
Choudhury Apparels (Pvt) Ltd.,Woven,5.0,386.0,163,60000.0,"Long Pants ,Short Pants ,Barmuda","Youth Tower, 822/2, Rokeya Sarani, Dhaka, Mirpur",Dhaka,Mirpur,1985,"['Long Pants', 'Short Pants', 'Barmuda']",720000.0,Large,40,2.3680981595092025,4417.17791411043,3,0,0,0,0,0,0
Chowdhury Apparel Inds.,Knit,5.0,800.0,200,600000.0,"Underwears ,T-Shirts ,Children Wears","82, Nasirabad Indistrial Area, Baizid Bostami Road, Chittagong","82, Nasirabad Indistrial Area, Baizid Bostami Road",Chittagong,1992,"['Underwears', 'T-Shirts', 'Children Wears']",7200000.0,Very Large,33,4.0,36000.0,3,0,0,0,0,0,0
Chowdhury Associates Ltd.,Knit,5.0,324.0,127,152083.0,"T-Shirts ,Polo Shirts ,Tank Top ,Fleece","1041, Shewrapara, Begum Rokeya Sarani, Dhaka, Mirpur",Dhaka,Mirpur,2000,"['T-Shirts', 'Polo Shirts', 'Tank Top', 'Fleece']",1824996.0,Very Large,25,2.5511811023622046,14370.047244094489,4,0,0,0,0,0,0
Chowdhury Composite Tex-Knit Ltd.,Knit,5.0,450.0,105,0.0,"Shirts ,Jackets ,Trousers","52/D, Baizid Bostami I/A, Chittagong, Nasirabad",Chittagong,Nasirabad,2006,"['Shirts', 'Jackets', 'Trousers']",0.0,,19,4.285714285714286,0.0,3,0,0,0,0,0,0
Chowdhury Fashion Wear Ltd.,Knit,5.0,400.0,200,150000.0,"Knit Items ,Underwears ,Children Wears","82, Nasirabad I/A, Baizid Bostami Road, Chittagong","82, Nasirabad I/A, Baizid Bostami Road",Chittagong,2000,"['Knit Items', 'Underwears', 'Children Wears']",1800000.0,Very Large,25,2.0,9000.0,3,0,0,0,0,0,0
Chowdhury Garments Ltd.,Sweater,5.0,250.0,366,115000.0,Sweaters,"Teknog Para, Chandona, Gazipur, Gazipur Sadar",Gazipur,Gazipur Sadar,1998,['Sweaters'],1380000.0,Very Large,27,0.6830601092896175,3770.4918032786886,1,0,0,0,0,0,0
Chowdhury Knitwears Ltd.,Knit,5.0,900.0,500,1200000.0,"T-Shirts ,Polo Shirts ,Tank Top","Bscic I/E, Narsingdi","Bscic I/E,",Narsingdi,2001,"['T-Shirts', 'Polo Shirts', 'Tank Top']",14400000.0,Very Large,24,1.8,28800.0,3,0,0,0,0,0,0
Chowgacha Fashions Ltd.,Knit,5.0,700.0,300,248000.0,"T-Shirts ,Pants","Koyerpara, Chowgacha, Jessore, Jessore, Jessore",Jessore,Jessore,2013,"['T-Shirts', 'Pants']",2976000.0,Very Large,12,2.3333333333333335,9920.0,2,0,0,1,0,0,0
Chumki Apparels Ltd.,Knit,5.0,650.0,380,200000.0,"Jackets ,Briefs ,Vest","590, Colonel Jhones Road, Uttar Kattali, Chittagong","590, Colonel Jhones Road, Uttar Kattali",Chittagong,1998,"['Jackets', 'Briefs', 'Vest']",2400000.0,Very Large,27,1.7105263157894737,6315.789473684211,3,0,0,0,0,0,0
Chumki Knitwears Ltd.,Knit,5.0,200.0,120,0.0,"T-Shirts ,Polo Shirts ,Tank Tops","590, Colonel Jhones Road, Uttar Kattali, Chittagong","590, Colonel Jhones Road, Uttar Kattali",Chittagong,2005,"['T-Shirts', 'Polo Shirts', 'Tank Tops']",0.0,,20,1.6666666666666667,0.0,3,0,0,0,0,0,0
Chun Ji Knit Ltd.,Sweater,5.0,2800.0,2000,170000.0,"Sweaters ,Pullovers ,Troyer ,Cardigans","Plot # 81-82, Shaturkul Road, Noth Badda, Dhaka, Badda",Dhaka,Badda,1997,"['Sweaters', 'Pullovers', 'Troyer', 'Cardigans']",2040000.0,Very Large,28,1.4,1020.0,4,0,0,0,0,0,0
Cidatex Apparel Ltd.,Knit,5.0,450.0,291,200000.0,"T-Shirts ,Polo Shirts","Ward # 7, Holding # J-10, Chandora, Gazipur, Kaliakoir",Gazipur,Kaliakoir,2010,"['T-Shirts', 'Polo Shirts']",2400000.0,Very Large,15,1.5463917525773196,8247.422680412372,2,0,0,0,0,0,0
Circular Fashion Industries Ltd.,Woven,1.0,604.0,659,300000.0,"Shirt ,Pant ,Jacket","Panchlakki, Bakterpur, Ward # 04, Kaliakair, Dhaka, Dhaka",Dhaka,Dhaka,2021,"['Shirt', 'Pant', 'Jacket']",3600000.0,Very Large,4,0.9165402124430956,5462.822458270106,3,0,1,0,1,0,0
Citadel Apparels Ltd.,Woven,5.0,0.0,188,100000.0,Unknown,"Joy Bangla Road, Bara Bari, Kunia, Gazipur, K.B. Bazar",Gazipur,K.B. Bazar,2002,[],1200000.0,Very Large,23,0.0,6382.978723404255,0,0,0,0,0,0,0
City Sweater Int'l Ltd.,Sweater,5.0,400.0,200,600000.0,Sweaters,"1290, O.R. Nizam Road, Chittagong","1290, O.R. Nizam Road,",Chittagong,1992,['Sweaters'],7200000.0,Very Large,33,2.0,36000.0,1,0,0,0,0,0,0
Civic Apparels Ltd.,Woven,5.0,1000.0,571,0.0,"Shirts ,Pants ,Jackets","Plot # 3, Factory Road, Shampur Kadamtoli I/A, Dhaka, Shampur",Dhaka,Shampur,2005,"['Shirts', 'Pants', 'Jackets']",0.0,,20,1.7513134851138354,0.0,3,0,0,1,0,0,0
Civic Fashion Limited,Woven,5.0,570.0,167,150000.0,"Shirts ,Blouses ,Nightwears","Plot # 17-18, Road # 4, Section # 7, Mirpur Indus.Area, Dhaka, Mirpur",Dhaka,Mirpur,1993,"['Shirts', 'Blouses', 'Nightwears']",1800000.0,Very Large,32,3.413173652694611,10778.443113772455,3,0,0,0,0,0,0
Clamoon Garments Ltd.,Woven,5.0,1000.0,620,377000.0,"Jackets ,Pants ,Overalls ,Trousers","Plot # 4, Block # 1, Road # 6, Sec # 7, Dhaka, Mirpur",Dhaka,Mirpur,1991,"['Jackets', 'Pants', 'Overalls', 'Trousers']",4524000.0,Very Large,34,1.6129032258064515,7296.774193548387,4,0,0,1,0,0,0
Classic Fashion Concept Ltd.,Woven,5.0,2500.0,1200,1200000.0,"Shirts ,Ladies Shirts ,Ladies Pants","62/2, Sataish, Primary School Road, Gazipur, Tongi",Gazipur,Tongi,2001,"['Shirts', 'Ladies Shirts', 'Ladies Pants']",14400000.0,Very Large,24,2.0833333333333335,12000.0,3,0,0,0,0,0,0
Classic Shirts Ltd.,Woven,5.0,850.0,250,60000.0,"Shirts ,Ladies Shirts ,Jogging Suits","Ka-76, Joar Shahara Bazar, Dhaka, Dhaka",Dhaka,Dhaka,1999,"['Shirts', 'Ladies Shirts', 'Jogging Suits']",720000.0,Large,26,3.4,2880.0,3,0,0,0,0,0,0
Classical Fashion Ltd.,Woven,1.0,122.0,96,250000.0,"Shirt ,Pant ,T-Shirt ,Polo Shirt","170, Baizid Industrial Area, Chittagong, Chittagong",Chittagong,Chittagong,2023,"['Shirt', 'Pant', 'T-Shirt', 'Polo Shirt']",3000000.0,Very Large,2,1.2708333333333333,31250.0,4,1,1,0,0,1,0
Classmark Dress Ltd.,Knit,1.0,0.0,110,150000.0,"T-Shirt ,Polo Shirt ,Short ,Pant","Andermanik (East), Mouchak, Kaliakoir, Gazipur, Gazipur",Gazipur,Gazipur,2022,"['T-Shirt', 'Polo Shirt', 'Short', 'Pant']",1800000.0,Very Large,3,0.0,16363.636363636364,4,1,0,0,0,1,0
Claxton Apparels and Textiles Ltd.,Sweater,5.0,1200.0,550,120000.0,Sweaters,"Tarabo, Hati Para, Narayanganj, Rupgonj",Narayanganj,Rupgonj,1995,['Sweaters'],1440000.0,Very Large,30,2.1818181818181817,2618.181818181818,1,0,0,0,0,0,0
Clear Tex Inds. Ltd.,Knit,5.0,850.0,472,70000.0,"Kids Items ,T-Shirts ,Ladies Pants ,Briefs","Nazir Saleh Complex, 314/358, Eidgah, Chittagong, D.T. Road",Chittagong,D.T. Road,2005,"['Kids Items', 'T-Shirts', 'Ladies Pants', 'Briefs']",840000.0,Large,20,1.8008474576271187,1779.6610169491526,4,0,0,0,0,0,0
Clifton Apparels Ltd.,Knit,5.0,1345.0,570,800000.0,"T-Shirts ,Polo Shirts ,Under Wears","179, Nasirabad I/A, Baizid Bostami Road, Chittagong, Baizid Bostami",Chittagong,Baizid Bostami,1999,"['T-Shirts', 'Polo Shirts', 'Under Wears']",9600000.0,Very Large,26,2.3596491228070176,16842.105263157893,3,0,0,0,0,0,0
Clifton Cotton Mills Ltd.,Knit,5.0,2120.0,700,1800000.0,"Ladies Panties ,Ladies Sleepwears ,Underwears ,T-Shirts","Cda Plot # P-28, 28/D/1, D/2, Kalurghat I/A, Chittagong, Kalurghat",Chittagong,Kalurghat,2007,"['Ladies Panties', 'Ladies Sleepwears', 'Underwears', 'T-Shirts']",21600000.0,Very Large,18,3.0285714285714285,30857.14285714286,4,0,0,0,0,0,0
Clifton Fashion Ltd.,Knit,5.0,652.0,130,450000.0,"T-Shirts ,Panties ,Bra","271, D.T. Road, Chittagong, Kadamtoli",Chittagong,Kadamtoli,1996,"['T-Shirts', 'Panties', 'Bra']",5400000.0,Very Large,29,5.015384615384615,41538.46153846154,3,0,0,0,0,0,0
Clifton Garments Ltd.,Knit,5.0,619.0,160,360000.0,"Under Wears ,T-Shirts","92, Batali Road, Enayet Bazar, Chittagong, Enayet Bazar",Chittagong,Enayet Bazar,1985,"['Under Wears', 'T-Shirts']",4320000.0,Very Large,40,3.86875,27000.0,2,0,0,0,0,0,0
Clifton Textile and Apparels Ltd.,Knit,5.0,2964.0,623,1500000.0,"T-Shirts ,Briefs ,Underwears ,Bra","180, Nasirabad I/A, Baizid Bostami Road, Chittagong, Baizid Bostami",Chittagong,Baizid Bostami,2004,"['T-Shirts', 'Briefs', 'Underwears', 'Bra']",18000000.0,Very Large,21,4.757624398073836,28892.455858747995,4,0,0,0,0,0,0
Climax Garb Ltd.,Woven,1.0,420.0,145,885000.0,"Shirt ,Pant ,Jacket ,T-Shirt","Plot # A-60, Bscic I/A, Shasongon, Enayetnagar, Fatullah, Narayangonj, Narayangonj",Narayangonj,Narayangonj,2022,"['Shirt', 'Pant', 'Jacket', 'T-Shirt']",10620000.0,Very Large,3,2.896551724137931,73241.37931034483,4,1,1,0,1,0,0
CN Knit Wears Ltd.,Woven,5.0,386.0,144,27000.0,"MB Shirts ,Ladies Bouses ,Ladies Shirts","Hossain Market (4Th & 5Th Fl), 671, Datta Para, Gazipur, Tongi",Gazipur,Tongi,2002,"['MB Shirts', 'Ladies Bouses', 'Ladies Shirts']",324000.0,Large,23,2.6805555555555554,2250.0,3,0,0,0,0,0,0
Coast To Coast (Pvt) Ltd.,Woven,5.0,850.0,365,48000.0,"Trousers ,Jogging suits ,Jackets ,Pants","Vill - Itahata, Bashan, 35, Chandana, Gazipur, Gazipur Sadar",Gazipur,Gazipur Sadar,1992,"['Trousers', 'Jogging suits', 'Jackets', 'Pants']",576000.0,Large,33,2.328767123287671,1578.0821917808219,4,0,0,1,0,0,0
Coast To Coast Apparels Ltd.,Woven,5.0,550.0,200,30000.0,"Jogging Suits ,Jackets ,Trousers ,Pants","Itahata, Bashon, Mouja-35, Gazipur, Gazipur Sadar",Gazipur,Gazipur Sadar,2000,"['Jogging Suits', 'Jackets', 'Trousers', 'Pants']",360000.0,Large,25,2.75,1800.0,4,0,0,1,0,0,0
Coast To Coast Fashion Ltd.,Woven,5.0,650.0,420,48000.0,"Jogging suits ,Jackets ,Trousers ,Pants","Itahata, Bashon, Mouja-35, Gazipur, Gazipur Sadar",Gazipur,Gazipur Sadar,1998,"['Jogging suits', 'Jackets', 'Trousers', 'Pants']",576000.0,Large,27,1.5476190476190477,1371.4285714285713,4,0,0,1,0,0,0
Coastalino Attires Ltd.,Woven,1.0,2.0,200,3600000.0,"Shirt ,Pant ,T-Shirt","60/2, Shataish Govt. Primary School Road, Khapara, Tongi, Gazipur, Gazipur",Gazipur,Gazipur,2022,"['Shirt', 'Pant', 'T-Shirt']",43200000.0,Very Large,3,0.01,216000.0,3,1,1,0,0,0,0
Coeval Textiles Ltd.,Knit,5.0,504.0,180,260000.0,"T-Shirts ,Polo Shirts","Barenda, Gazipur, Kashimpur",Gazipur,Kashimpur,2012,"['T-Shirts', 'Polo Shirts']",3120000.0,Very Large,13,2.8,17333.333333333332,2,0,0,0,0,0,0
Coit (Pvt.) Ltd.,Knit,5.0,70.0,100,35000.0,"Shirts ,Pants ,T-Shirts ,Polo Shirts","Chamurkhan, Dhaka, Uttarkhan",Dhaka,Uttarkhan,2015,"['Shirts', 'Pants', 'T-Shirts', 'Polo Shirts']",420000.0,Large,10,0.7,4200.0,4,0,0,1,0,0,0
Cold Asia Sweater Ltd.,Sweater,5.0,650.0,800,200000.0,"Sweaters ,Mens ,Ladies ,Boyes","238, Middle Gazirchat, Dhamsona, Dhaka, Dhaka",Dhaka,Dhaka,2003,"['Sweaters', 'Mens', 'Ladies', 'Boyes']",2400000.0,Very Large,22,0.8125,3000.0,4,0,0,0,0,0,0
Collar Knittings,Sweater,5.0,300.0,300,60000.0,Sweater,"Jamgara, Depz Road, Dhaka, Ashulia",Dhaka,Ashulia,2014,['Sweater'],720000.0,Large,11,1.0,2400.0,1,0,0,0,0,0,1
Colors & Stitches Ltd.,Knit,5.0,898.0,450,82000.0,"T-Shirts ,Polo Shirts ,Laggins ,Jacket","Dogry, Mirzapur, Gazipur, Gazipur",Gazipur,Gazipur,2016,"['T-Shirts', 'Polo Shirts', 'Laggins', 'Jacket']",984000.0,Large,9,1.9955555555555555,2186.6666666666665,4,0,0,0,1,0,0
Colour & Fashion Inds. Ltd.,Sweater,5.0,1000.0,440,75000.0,"Sweaters ,Cardigans","Madhakhola, Bairagirchala, Gazipur, Sreepur",Gazipur,Sreepur,2012,"['Sweaters', 'Cardigans']",900000.0,Large,13,2.272727272727273,2045.4545454545455,2,0,0,0,0,0,0
Colour Stitch Ltd.,Knit,5.0,550.0,286,550000.0,"Basic T-Shirts ,Polo Shirts ,Fleece Items","119, Ashkona Medical Road, Dhaka, Uttara",Dhaka,Uttara,2005,"['Basic T-Shirts', 'Polo Shirts', 'Fleece Items']",6600000.0,Very Large,20,1.9230769230769231,23076.923076923078,3,0,0,0,0,0,0
Columbia Apparels Ltd.,Woven,1.0,0.0,1340,454166.0,"Mens' Womens Long Pants ,Kids Wears ,Womens' Pants ,Shorts","228/1, Tin Sarak (2Nd & 3Rd Floor), Laxmipura, Gazipur","228/1, Tin Sarak (2Nd & 3Rd Floor), Laxmipura",Gazipur,2017,"['Mens Womens Long Pants', 'Kids Wears', 'Womens Pants', 'Shorts']",5449992.0,Very Large,8,0.0,4067.158208955224,4,0,0,0,0,0,0
Columbia Garments Ltd.,Woven,1.0,0.0,0,432000.0,"Mens' Womens Long Pants ,Womens Pants ,Shorts ,Kids Wears","Vogra, Gazipur","Vogra,",Gazipur,1989,"['Mens Womens Long Pants', 'Womens Pants', 'Shorts', 'Kids Wears']",5184000.0,Very Large,36,0.0,0.0,4,0,0,0,0,0,0
Combine Tex Ltd.,Knit,5.0,135.0,77,500000.0,"T-Shirts ,Polo Shirts","1/F, North East Darussalam Road, Section # 1, Dhaka, Mirpur",Dhaka,Mirpur,2012,"['T-Shirts', 'Polo Shirts']",6000000.0,Very Large,13,1.7532467532467533,77922.07792207792,2,0,0,0,0,0,0
Combined Apparels Ltd.,Knit,5.0,500.0,220,11250.0,"T-Shirts ,Panties ,Briefs","1670/2091, West Sholashahar, Chittagong, Aturar Depot",Chittagong,Aturar Depot,2001,"['T-Shirts', 'Panties', 'Briefs']",135000.0,Large,24,2.272727272727273,613.6363636363636,3,0,0,0,0,0,0
Combined Knitting Limited,Knit,5.0,192.0,152,150000.0,"T-Shirts ,Panties ,Boxers","1670/2091, West Sholashahar, Aturar Depot, Chittagong","1670/2091, West Sholashahar, Aturar Depot",Chittagong,1997,"['T-Shirts', 'Panties', 'Boxers']",1800000.0,Very Large,28,1.263157894736842,11842.105263157895,3,0,0,0,0,0,0
Comfit Composite Knit Ltd.,Knit,5.0,2845.0,850,1800000.0,"T-Shirts ,Polo Shirts ,Child Wears ,Tank Tops","Gorai, Tangail, Mirzapur",Tangail,Mirzapur,2006,"['T-Shirts', 'Polo Shirts', 'Child Wears', 'Tank Tops']",21600000.0,Very Large,19,3.347058823529412,25411.764705882353,4,0,0,0,0,0,0
Comfort Apparels (Pvt.) Ltd.,Knit,5.0,313.0,155,568000.0,"Shirts ,Jackets ,Pants ,Shorts","96, Darus Salam Road, Dhaka, Mirpur",Dhaka,Mirpur,1994,"['Shirts', 'Jackets', 'Pants', 'Shorts']",6816000.0,Very Large,31,2.0193548387096776,43974.1935483871,4,0,0,1,0,0,0
Comfort Knit Fashion Ltd.,Knit,5.0,181.0,70,50000.0,"Shirts ,Pants ,T-Shirts","96, Darus Salam Road, Dhaka, Mirpur",Dhaka,Mirpur,1998,"['Shirts', 'Pants', 'T-Shirts']",600000.0,Large,27,2.585714285714286,8571.42857142857,3,0,0,1,0,0,0
Comfort Socks Ltd.,Knit,5.0,45.0,21,180000.0,Socks,"Plot # 106, 108, Satpoa, Gazipur, Pubail",Gazipur,Pubail,2004,['Socks'],2160000.0,Very Large,21,2.142857142857143,102857.14285714286,1,0,0,0,0,0,0
Comilla Fashions Ltd.,Woven,5.0,400.0,160,78000.0,"Shirts ,Ladies Shirts ,Boy's Shirts","Hazi A Rahman Super Market (4Th Fl), Shimrail, Sanarpar, Narayanganj, Siddirganj",Narayanganj,Siddirganj,2009,"['Shirts', 'Ladies Shirts', 'Boys Shirts']",936000.0,Large,16,2.5,5850.0,3,0,0,0,0,0,0
Commitment Apparels Ltd.,Woven,5.0,250.0,98,36000.0,"Shirts ,Ladies Shirts ,Trousers","Mohakhali, Dhaka, Mohakhali",Dhaka,Mohakhali,2000,"['Shirts', 'Ladies Shirts', 'Trousers']",432000.0,Large,25,2.5510204081632653,4408.163265306122,3,0,0,0,0,0,0
Common Threads Ltd.,Woven,5.0,1332.0,700,1000000.0,"Shirts ,Pants ,Shorts","118, Sher-E-Bangla Road, Hazaribagh, Dhaka, Old Dhaka",Dhaka,Old Dhaka,2003,"['Shirts', 'Pants', 'Shorts']",12000000.0,Very Large,22,1.9028571428571428,17142.85714285714,3,0,0,1,0,0,0
Comptex Bangladesh Ltd.,Knit,5.0,1031.0,0,1152000.0,Knit Items,"Vulta, Narayanganj, Rupganj",Narayanganj,Rupganj,2003,['Knit Items'],13824000.0,Very Large,22,0.0,0.0,1,0,0,0,0,0,0
Concept Knitting Ltd.,Knit,5.0,1236.0,422,6720000.0,"T-Shirts ,Polo Shirts ,Tank Top","Tilargati, Sataish Bazar, Gazipur, Tongi",Gazipur,Tongi,2007,"['T-Shirts', 'Polo Shirts', 'Tank Top']",80640000.0,Very Large,18,2.928909952606635,191090.04739336492,3,0,0,0,0,0,0
Concord Creations Ltd.,Woven,5.0,230.0,200,50000.0,"Shirts ,Pants ,Trousers","640, United Commercial Complex, Hossain Market, Gazipur, Tongi",Gazipur,Tongi,2012,"['Shirts', 'Pants', 'Trousers']",600000.0,Large,13,1.15,3000.0,3,0,0,1,0,0,0
Concord Fashion Export Ltd.,Woven,5.0,410.0,109,150000.0,"Shirts ,Jackets ,Pants ,Shorts","South Shalna, Gazipur, Joydevpur",Gazipur,Joydevpur,1992,"['Shirts', 'Jackets', 'Pants', 'Shorts']",1800000.0,Very Large,33,3.761467889908257,16513.761467889908,4,0,0,1,0,0,0
Concord Raiment Wear Ltd.,Woven,5.0,610.0,390,150000.0,"Shirts ,Pants","640,United Shopping Complex (2Nd Floor), Hossain Market, Gazipur, Gazipur",Gazipur,Gazipur,2013,"['Shirts', 'Pants']",1800000.0,Very Large,12,1.564102564102564,4615.384615384615,2,0,0,1,0,0,0
Concorde Garments Ltd.,Woven,5.0,850.0,252,200000.0,"Shirts ,Blouses ,Children Wears","Plot # M/3, Road # 5, Section # 7, Dhaka, Mirpur",Dhaka,Mirpur,1982,"['Shirts', 'Blouses', 'Children Wears']",2400000.0,Very Large,43,3.373015873015873,9523.809523809523,3,0,0,0,0,0,0
Concordia Pacific Garments Ltd.,Woven,5.0,140.0,106,30000.0,"Shirts ,Pants","Jazor, National University, Gazipur, Gazipur Sadar",Gazipur,Gazipur Sadar,2014,"['Shirts', 'Pants']",360000.0,Large,11,1.320754716981132,3396.2264150943397,2,0,0,1,0,0,0
Connect Fashions Ltd.,Woven,5.0,150.0,140,40000.0,"Jackets ,Trousers ,Skirts ,Vest","Ka-11/5, Jagannathpur, Progati Sarani, Bashundhara, Dhaka, Baridhara",Dhaka,Baridhara,2002,"['Jackets', 'Trousers', 'Skirts', 'Vest']",480000.0,Large,23,1.0714285714285714,3428.5714285714284,4,0,0,0,0,0,0
Consort Garments Ltd.,Woven,5.0,400.0,303,5833.0,"Jackets ,T-Shirts ,Jogging Suits","539, Reazuddin Road, Chittagong, Reazuddin Road",Chittagong,Reazuddin Road,1985,"['Jackets', 'T-Shirts', 'Jogging Suits']",69996.0,Medium,40,1.3201320132013201,231.009900990099,3,0,0,0,0,0,0
Consumer Knitex Ltd.,Knit,5.0,1000.0,336,0.0,"T-Shirts ,Polo Shirts ,Underwears","158, Shantinagar, Dhaka, Shantinagar",Dhaka,Shantinagar,2007,"['T-Shirts', 'Polo Shirts', 'Underwears']",0.0,,18,2.9761904761904763,0.0,3,0,0,0,0,0,0
Consumer Products Limited,Woven,5.0,1000.0,750,120000.0,"Jackets ,Trousers ,Shorts ,Overalls","158, Dhaka, Shantinagar",Dhaka,Shantinagar,1984,"['Jackets', 'Trousers', 'Shorts', 'Overalls']",1440000.0,Very Large,41,1.3333333333333333,1920.0,4,0,0,0,0,0,0
Continental Apparels Ltd.,Woven,5.0,1207.0,691,200000.0,"Shirts ,Ladies Blouses","145, Monipuripara, Airport Road, Dhaka, Tejgaon",Dhaka,Tejgaon,1985,"['Shirts', 'Ladies Blouses']",2400000.0,Very Large,40,1.7467438494934877,3473.2272069464543,2,0,0,0,0,0,0
Continental Garments Industries (Pvt.) Limited,Woven,5.0,2100.0,1355,350000.0,"Shirts ,Dress ,Trouser ,Blouses","8, Dewan Idris Road, Boro Rangamatia, Ashulia, Savar, Dhaka, Dhaka, Dhaka",Dhaka,Dhaka,1985,"['Shirts', 'Dress', 'Trouser', 'Blouses']",4200000.0,Very Large,40,1.5498154981549817,3099.630996309963,4,0,0,0,0,0,0
Convince Apparels Ltd.,Unknown,,0.0,0,144000.0,"Sweaters ,Pullovers ,Cardigans","Plot # 68-71, Block-K, Section # 2, Rupnagar, Dhaka","Plot # 68-71, Block-K, Section # 2, Rupnagar",Dhaka,2018,"['Sweaters', 'Pullovers', 'Cardigans']",1728000.0,Very Large,7,0.0,0.0,3,0,0,0,0,0,0
Cordial Design Ltd.,Unknown,,0.0,0,68000.0,"Kids Jeans Pants ,Ladies Trousers","25/2, Shah Ali Bagh, Section # 1, Dhaka","25/2, Shah Ali Bagh, Section # 1",Dhaka,2019,"['Kids Jeans Pants', 'Ladies Trousers']",816000.0,Large,6,0.0,0.0,2,0,0,0,0,0,0
Core Spun Apparels Ltd.,Woven,5.0,656.0,226,150000.0,"Shirts ,Pants","189/A, Tejgaon I/A, Dhaka, Tejgaon",Dhaka,Tejgaon,2012,"['Shirts', 'Pants']",1800000.0,Very Large,13,2.9026548672566372,7964.601769911505,2,0,0,1,0,0,0
Corona Fashion Ltd.,Woven,5.0,600.0,315,120000.0,"Jackets ,Pajama Sets ,Pants ,Shorts","Ka-220/12, Khilkhet, Namapara, Dhaka","Ka-220/12, Khilkhet, Namapara",Dhaka,2003,"['Jackets', 'Pajama Sets', 'Pants', 'Shorts']",1440000.0,Very Large,22,1.9047619047619047,4571.428571428572,4,0,0,1,0,0,0
Cortz Apparels Ltd.,Knit,5.0,0.0,0,200000.0,"Shirts ,Jackets ,Pants ,Trousers","Banierchala, Bagher Bazar, Gazipur","Banierchala, Bagher Bazar",Gazipur,2018,"['Shirts', 'Jackets', 'Pants', 'Trousers']",2400000.0,Very Large,7,0.0,0.0,4,0,0,1,0,0,0
Cosmic Sweaters Ltd.,Sweater,5.0,1360.0,520,92000.0,"Bouses ,Pullovers ,Cardigans ,Pancho","Dagerchala, National University, Gazipur, Board Bazar",Gazipur,Board Bazar,2001,"['Bouses', 'Pullovers', 'Cardigans', 'Pancho']",1104000.0,Very Large,24,2.6153846153846154,2123.076923076923,4,0,0,0,0,0,0
Cosmo Sweaters Ltd.,Sweater,5.0,540.0,460,72000.0,Sweaters,"Mahona Bhabanipur, Member Bari, Gazipur","Mahona Bhabanipur, Member Bari",Gazipur,2003,['Sweaters'],864000.0,Large,22,1.173913043478261,1878.2608695652175,1,0,0,0,0,0,0
Cosmopolitan Apparels Ltd.,Woven,1.0,0.0,195,0.0,Unknown,"Sarabo, Kashimpur, Gazipur, Gazipur, Gazipur",Gazipur,Gazipur,2021,[],0.0,,4,0.0,0.0,0,0,0,0,0,0,0
Cosmopolitan Inds. (Pvt.) Ltd.,Woven,5.0,4744.0,2380,575000.0,"Pants ,Shorts","Khejur Bagan, Bara Ashulia, Dhaka, Savar",Dhaka,Savar,2006,"['Pants', 'Shorts']",6900000.0,Very Large,19,1.9932773109243698,2899.159663865546,2,0,0,1,0,0,0
Cosmos Sweaters Ltd.,Sweater,5.0,2200.0,1004,16000.0,"Sweaters ,Cardigans ,Pullovers ,Vest","Dhaka Road, Chandana Chowrasta, Gazipur, Gazipur Sadar",Gazipur,Gazipur Sadar,2001,"['Sweaters', 'Cardigans', 'Pullovers', 'Vest']",192000.0,Large,24,2.191235059760956,191.23505976095618,4,0,0,0,0,0,0
Cotton Clothing (BD) Ltd.,Knit,5.0,420.0,350,750000.0,"Shirts ,Pants ,T-Shirts","Kazi Tower, Shataish Road, Gazipura, Gazipur, Tongi",Gazipur,Tongi,2012,"['Shirts', 'Pants', 'T-Shirts']",9000000.0,Very Large,13,1.2,25714.285714285714,3,0,0,1,0,0,0
Cotton Clout (BD) Ltd.,Knit,5.0,558.0,378,1500000.0,"T-Shirts ,Polo Shirts ,Tank Tops","Jarun (South), Gazipur, Kashimpur",Gazipur,Kashimpur,2009,"['T-Shirts', 'Polo Shirts', 'Tank Tops']",18000000.0,Very Large,16,1.4761904761904763,47619.04761904762,3,0,0,0,0,0,0
Cotton Club (BD) Ltd.,Knit,5.0,2118.0,860,1000000.0,"T-Shirts ,Polo Shirts ,Pullovers","Jarun (South), Gazipur, Kashimpur",Gazipur,Kashimpur,2007,"['T-Shirts', 'Polo Shirts', 'Pullovers']",12000000.0,Very Large,18,2.4627906976744187,13953.488372093023,3,0,0,0,0,0,0
Cotton Dyeing & Finishing Mills Ltd.,Knit,5.0,1950.0,1400,1210000.0,"T-Shirts ,Polo Shirts ,Sweat Shirts","Amtoli, Habirbari, Seed Store Bazar, Mymensingh, Valuka",Mymensingh,Valuka,1995,"['T-Shirts', 'Polo Shirts', 'Sweat Shirts']",14520000.0,Very Large,30,1.3928571428571428,10371.42857142857,3,0,0,0,0,0,0
Cotton Farm Clothing Ltd.,Woven,1.0,65.0,63,160800.0,"shirt ,Pant ,T-shirt ,Hoodie","Aukpara, Ashulia, Savar, Dhaka, Dhaka",Dhaka,Dhaka,2018,"['shirt', 'Pant', 'T-shirt', 'Hoodie']",1929600.0,Very Large,7,1.0317460317460319,30628.571428571428,4,0,0,0,0,0,0
Cotton Field (BD) Ltd.,Knit,5.0,1156.0,360,450000.0,"T-Shirts ,Polo Shirts ,Jackets","Shima Complex, Plot # 23, Sataish Road, Gazipur, Tongi",Gazipur,Tongi,2004,"['T-Shirts', 'Polo Shirts', 'Jackets']",5400000.0,Very Large,21,3.2111111111111112,15000.0,3,0,0,0,0,0,0
Cotton Harvest Ltd.,Knit,5.0,400.0,170,2500000.0,"T-Shirts ,Polo Shirts","Plot # 4, Kadamtoli, Dhaka, Shampur",Dhaka,Shampur,2014,"['T-Shirts', 'Polo Shirts']",30000000.0,Very Large,11,2.3529411764705883,176470.58823529413,2,0,0,0,0,0,0
Cotton Line (BD) Ltd.,Knit,5.0,850.0,500,600000.0,"Sweat Shirts ,T-Shirts ,Trousers ,Tank Top","Amtoli, Habirbari, Seedstore Bazar, Mymensingh, Valuka",Mymensingh,Valuka,1994,"['Sweat Shirts', 'T-Shirts', 'Trousers', 'Tank Top']",7200000.0,Very Large,31,1.7,14400.0,4,0,0,0,0,0,0
Cotton N Cotton Garments Inds. Ltd.,Knit,5.0,500.0,400,565000.0,"T-Shirts ,Jackets ,Trousers","Amtoli, Habirbari, Seed Store Bazar, Mymensingh, Valuka",Mymensingh,Valuka,1990,"['T-Shirts', 'Jackets', 'Trousers']",6780000.0,Very Large,35,1.25,16950.0,3,0,0,0,0,0,0
Cotton Textile And Apparels Ltd.,Knit,5.0,600.0,1500,21500.0,"T-Shirts ,Polo Shirts ,Tank Tops","Plot # I/2, 3 & 4 (Grounf Floor), Road # 7, Section # 7, Dhaka, Mirpur",Dhaka,Mirpur,1996,"['T-Shirts', 'Polo Shirts', 'Tank Tops']",258000.0,Large,29,0.4,172.0,3,0,0,0,0,0,0
Cotton Zone Ltd.,Knit,5.0,330.0,245,150000.0,"T-Shirts ,Polo Shirts ,Trousers","Inds. Plot # 5, Road # 1, Section # 7, Dhaka, Dhaka",Dhaka,Dhaka,2007,"['T-Shirts', 'Polo Shirts', 'Trousers']",1800000.0,Very Large,18,1.346938775510204,7346.938775510204,3,0,0,0,0,0,0
Cozy Apparels Ltd.,Woven,1.0,600.0,188,9740000.0,"Shirt ,Pant ,T-Shirt ,Polo Shirt","Holding # 315, Sarabo, Kashimpur, Gazipur, Gazipur",Gazipur,Gazipur,2022,"['Shirt', 'Pant', 'T-Shirt', 'Polo Shirt']",116880000.0,Very Large,3,3.1914893617021276,621702.1276595745,4,1,1,0,0,1,0
Craft Apparels Ltd.,Woven,1.0,423.0,130,119583.0,"Shirt ,Pant ,T-Shirt ,Polo Shirt","Durgapur, Ashulia, Savar, Dhaka, Dhaka",Dhaka,Dhaka,2022,"['Shirt', 'Pant', 'T-Shirt', 'Polo Shirt']",1434996.0,Very Large,3,3.253846153846154,11038.430769230768,4,1,1,0,0,1,0
Crazy Fashions Ltd.,Woven,5.0,1068.0,160,55000.0,"Jackets ,Pants ,Shorts ,Shirts","Civil Engineers Towers, Inds. Plot # 1, Block - E, Avenue # 1, Section # 11, Dhaka, Mirpur",Dhaka,Mirpur,1994,"['Jackets', 'Pants', 'Shorts', 'Shirts']",660000.0,Large,31,6.675,4125.0,4,0,0,1,0,0,0
Create Design Ltd.,Woven,5.0,275.0,102,60000.0,"Shirts ,Pants","Plot#1981, Trimohoni Main Road,, Dasherkandi, Khilgaon, Dhaka, B. Baria",Dhaka,B. Baria,2015,"['Shirts', 'Pants']",720000.0,Large,10,2.696078431372549,7058.823529411765,2,0,0,1,0,0,0
Creative Collections Ltd.,Woven,5.0,330.0,578,200000.0,"Shirts ,Pants","69 & 107, Nishat Nagar, Gazipur, B. Baria",Gazipur,B. Baria,2013,"['Shirts', 'Pants']",2400000.0,Very Large,12,0.5709342560553633,4152.249134948097,2,0,0,1,0,0,0
Creative Designers Ltd.,Woven,5.0,600.0,381,100000.0,"Jackets ,Pants ,Trousers","Plot # 283 (6Th Floor), Ibrahimpur, Dhaka, Cantonment",Dhaka,Cantonment,2005,"['Jackets', 'Pants', 'Trousers']",1200000.0,Very Large,20,1.5748031496062993,3149.6062992125985,3,0,0,1,0,0,0
Creative Outerwear Ltd.,Woven,1.0,2.0,112,100000.0,"Shirt ,Pant ,T-Shirt ,Polo Shirt","Atifa Hights, Airpor Colony Road, 14, No East Patenga, 41 No Patenga Ward, Patenga, Chittagong, Chittagong",Chittagong,Chittagong,2022,"['Shirt', 'Pant', 'T-Shirt', 'Polo Shirt']",1200000.0,Very Large,3,0.017857142857142856,10714.285714285714,4,1,1,0,0,1,0
Creative Shirts House Ltd.,Sweater,5.0,0.0,193,0.0,Sweaters,"Bade Kalamshar, K.B. Bazar, Gazipur, K.B. Bazar",Gazipur,K.B. Bazar,2009,['Sweaters'],0.0,,16,0.0,0.0,1,0,0,0,0,0,0
Creative Shirts Ltd.,Woven,1.0,0.0,517,250000.0,"Shirts ,Jogger ,Tshirts ,Shorts","124-125, Darus Salam , Mirpur Road, Dhaka, Dhaka",Dhaka,Dhaka,1999,"['Shirts', 'Jogger', 'Tshirts', 'Shorts']",3000000.0,Very Large,26,0.0,5802.707930367505,4,0,0,0,0,0,0
Creative Shirts Ltd. (U-2),Woven,5.0,350.0,194,120000.0,"Shirts ,Pants","South Panishail, Gazipur, Kashimpur",Gazipur,Kashimpur,2012,"['Shirts', 'Pants']",1440000.0,Very Large,13,1.8041237113402062,7422.680412371134,2,0,0,1,0,0,0
Creative stylewear Ltd.,Knit,5.0,155.0,108,150000.0,"T-Shirts ,Polo Shirts","Kathgora Bazar, (Near Central Masque), Ashulia, Dhaka, Savar",Dhaka,Savar,2016,"['T-Shirts', 'Polo Shirts']",1800000.0,Very Large,9,1.4351851851851851,16666.666666666668,2,0,0,0,0,0,0
Creative Sweaters (Pvt.) Ltd.,Sweater,5.0,420.0,330,28800.0,"Sweaters ,Cardigans ,Pullovers ,Jersey","1/A, Shilpa Plot Darus Salam Road, Section # 1, Dhaka, Mirpur",Dhaka,Mirpur,1993,"['Sweaters', 'Cardigans', 'Pullovers', 'Jersey']",345600.0,Large,32,1.2727272727272727,1047.2727272727273,4,0,0,0,0,0,0
Creative Sweaters (Pvt) Ltd.(U-2),Sweater,5.0,628.0,365,43200.0,"Sweaters ,Cardigans ,Jersey ,Pullovers","1/A, Shilpa Plot Darus Salam Road, Section # 1, Dhaka, Mirpur",Dhaka,Mirpur,2001,"['Sweaters', 'Cardigans', 'Jersey', 'Pullovers']",518400.0,Large,24,1.7205479452054795,1420.2739726027398,4,0,0,0,0,0,0
Creative Tex Ltd.,Woven,5.0,350.0,225,150000.0,"Shirts ,Pants ,Trousers","Bade Kalmeshar, K.B. Bazar, Gazipur, K.B. Bazar",Gazipur,K.B. Bazar,2010,"['Shirts', 'Pants', 'Trousers']",1800000.0,Very Large,15,1.5555555555555556,8000.0,3,0,0,1,0,0,0
Creative Woolwear Ltd.,Sweater,5.0,1000.0,893,70000.0,Swearers,"3/3, Darussalam Road, Section # 1, Dhaka, Mirpur",Dhaka,Mirpur,2004,['Swearers'],840000.0,Large,21,1.1198208286674132,940.649496080627,1,0,0,0,0,0,0
Crescent Fashion And Design Ltd.,Woven,5.0,3946.0,1115,832000.0,"Mens Top & Bottoms ,Ladies Top & Bottoms ,KIds Top & Bottoms","Beximco Inds. Park, Sarabo, Gazipur, Gazipur",Gazipur,Gazipur,2004,"['Mens Top  Bottoms', 'Ladies Top  Bottoms', 'KIds Top  Bottoms']",9984000.0,Very Large,21,3.5390134529147983,8954.260089686099,3,0,0,0,0,0,0
Crescent Trade Intl. Ltd.,Woven,5.0,0.0,72,40000.0,Unknown,"12 Mohakhali C/A, Dhaka, Mohakhali",Dhaka,Mohakhali,1985,[],480000.0,Large,40,0.0,6666.666666666667,0,0,0,0,0,0,0
Crony Apparels Ltd.,Woven,5.0,0.0,0,0.0,Unknown,"32, B.B. Road, Narayanganj, Narayangonj",Narayanganj,Narayangonj,1991,[],0.0,,34,0.0,0.0,0,0,0,0,0,0,0
Crony Fashions Ltd.,Knit,5.0,300.0,113,280000.0,"T-Shirts ,Shirts ,Ladies Wears","Crony Complex, S.A. 646, Shashangaon, Enayetnagar, Narayanganj, Fatullah",Narayanganj,Fatullah,1998,"['T-Shirts', 'Shirts', 'Ladies Wears']",3360000.0,Very Large,27,2.6548672566371683,29734.513274336285,3,0,0,0,0,0,0
Crony Tex Sweater Ltd.,Sweater,5.0,2380.0,2032,50000.0,Sweater,"Plot # 190-193, 206-209, Block # B, Bscic I/E, Narayanganj, Fatullah",Narayanganj,Fatullah,2015,['Sweater'],600000.0,Large,10,1.171259842519685,295.2755905511811,1,0,0,0,0,0,1
Crossline Woven Apparels Ltd.,Woven,5.0,140.0,95,15000.0,"Shirts ,Pants ,T-Shirts ,Polo Shirts","Sharifpur, National University, Gazipur, Gazipur",Gazipur,Gazipur,2014,"['Shirts', 'Pants', 'T-Shirts', 'Polo Shirts']",180000.0,Large,11,1.4736842105263157,1894.7368421052631,4,0,0,1,0,0,0
Crossline Woven Gmts. Ltd.,Woven,5.0,578.0,298,75000.0,"Jackets ,Trousers","Road # 13, House # 16 (4Th, 8Th & 9Th Floor), Pallabi, Dhaka, Mirpur",Dhaka,Mirpur,2010,"['Jackets', 'Trousers']",900000.0,Large,15,1.9395973154362416,3020.1342281879197,2,0,0,0,0,0,0
Crosswear Industries Ltd.,Unknown,,0.0,0,400000.0,"T-Shirts ,Polo Shirts","Durgapur, Kathgara Bazar, Zirabo, Ashulia, Dhaka, Dhaka",Dhaka,Dhaka,2019,"['T-Shirts', 'Polo Shirts']",4800000.0,Very Large,6,0.0,0.0,2,0,0,0,0,0,0
Crown Easy Wear Ltd.,Sweater,5.0,250.0,60,60700.0,Sweater,"Gazipur, Gazipur, Gazipur, Sreepur",Gazipur,Sreepur,2016,['Sweater'],728400.0,Large,9,4.166666666666667,12140.0,1,0,0,0,0,0,1
Crown Exclusive Wears Ltd.,Sweater,5.0,2450.0,542,5000000.0,"Sweater ,Cardigan ,T-Shirt ,Dress","Mawna,Sreepur, Gazipur, Gazipur, Gazipur",Gazipur,Gazipur,2016,"['Sweater', 'Cardigan', 'T-Shirt', 'Dress']",60000000.0,Very Large,9,4.520295202952029,110701.10701107011,4,1,0,0,0,0,1
Crown Fashion & Sweater Ind. Ltd.,Sweater,5.0,2660.0,2000,4000000.0,"Sweaters ,Pullovers ,Cardigans ,Babies Dress","Plot # 781-782, Vogra, Gazipur, Gazipur",Gazipur,Gazipur,2001,"['Sweaters', 'Pullovers', 'Cardigans', 'Babies Dress']",48000000.0,Very Large,24,1.33,24000.0,4,0,0,0,0,0,0
Crown Fashion Apparels Limited,Woven,1.0,2.0,200,250000.0,"Shirt ,Pant","Jamirdia, Valuka, Mymensingh, Mymensingh",Mymensingh,Mymensingh,2023,"['Shirt', 'Pant']",3000000.0,Very Large,2,0.01,15000.0,2,0,1,0,0,0,0
Crown Knit Wear Ltd.,Sweater,5.0,1200.0,230,2150000.0,"Sweaters ,Pullovers ,Cardigans","Plot # 781 & 782, Vogra, Gazipur, Gazipur",Gazipur,Gazipur,2009,"['Sweaters', 'Pullovers', 'Cardigans']",25800000.0,Very Large,16,5.217391304347826,112173.91304347826,3,0,0,0,0,0,0
Crown Wears (Pvt) Ltd.,Sweater,5.0,0.0,500,0.0,Sweaters,"Jamirdia, Mymensingh, Valuka",Mymensingh,Valuka,2003,['Sweaters'],0.0,,22,0.0,0.0,1,0,0,0,0,0,0
Crystal Apparels Ltd.,Woven,5.0,475.0,199,70000.0,"Shirts ,Pants ,Uniforms ,Jackets","Ka-15/6, Rasulbagh (8Th Floor), Dhaka, Mohakhali",Dhaka,Mohakhali,1993,"['Shirts', 'Pants', 'Uniforms', 'Jackets']",840000.0,Large,32,2.386934673366834,4221.105527638191,4,0,0,1,0,0,0
Crystal Composite Ltd.,Knit,5.0,700.0,442,550000.0,"T-Shirts ,Polo Shirts","629, Khejur Bagan, Ashulia, Dhaka, Savar",Dhaka,Savar,2010,"['T-Shirts', 'Polo Shirts']",6600000.0,Very Large,15,1.583710407239819,14932.12669683258,2,0,0,0,0,0,0
Crystal Martin Apparel Bangladesh Ltd.,Unknown,,0.0,0,1560000.0,"T-Shirts ,Polo Shirts","Sa. Plot # 203, Hobir Bari, Seed Store Valuka Mymensingh, Mymensingh, Mymensingh",Mymensingh,Mymensingh,2020,"['T-Shirts', 'Polo Shirts']",18720000.0,Very Large,5,0.0,0.0,2,0,0,0,0,0,0
Crystal Martin Knitwear Bangladesh Ltd.,Sweater,5.0,580.0,750,110000.0,"Sweaters ,Cardigans","Halder Complex, Plot # 459 (New), Teknagpara, Gazipur, Chowrasta",Gazipur,Chowrasta,2009,"['Sweaters', 'Cardigans']",1320000.0,Very Large,16,0.7733333333333333,1760.0,2,0,0,0,0,0,0
Crystal Wears Ltd.,Knit,5.0,300.0,120,240000.0,"Knitted Garments ,T-Shirts, Polo Shirt","Sultan Mansion, 3, Sujat Nagar, Dhaka, Mirpur-12",Dhaka,Mirpur-12,1995,"['Knitted Garments', 'T-Shirts', 'Polo Shirt']",2880000.0,Very Large,30,2.5,24000.0,3,0,0,0,0,1,0
CS Lee Knit Composite Ltd.,Knit,1.0,2.0,106,330000.0,"T-Shirt ,Polo Shirt ,Trouser ,Hoody","Jamgora, Zirabo, Ashulia, Dhaka, Dhaka",Dhaka,Dhaka,2022,"['T-Shirt', 'Polo Shirt', 'Trouser', 'Hoody']",3960000.0,Very Large,3,0.018867924528301886,37358.49056603773,4,1,0,0,0,1,0
CSF Garments (Pvt) Ltd.,Knit,5.0,500.0,256,25000.0,"Shirts ,Pants","Deluxe House # 3 (3Rd-5Th Floor), 209/227 Kulgaon, Chittagong, Baluchara",Chittagong,Baluchara,2013,"['Shirts', 'Pants']",300000.0,Large,12,1.953125,1171.875,2,0,0,1,0,0,0
Cut N Sew Ltd.,Woven,5.0,2.0,672,67188.0,"Shorts ,Trousers ,Skirts ,Pants","A. M. Plaza (10Th Floor), 76, Dit Road, Malibagh, Dhaka, Dhaka",Dhaka,Dhaka,1998,"['Shorts', 'Trousers', 'Skirts', 'Pants']",806256.0,Large,27,0.002976190476190476,1199.7857142857142,4,0,0,1,0,0,0
Cute Dress Industry,Knit,5.0,350.0,197,100000.0,"T-Shirts ,Polo Shirts","B-489, 490, Bscic Hosiery I/A, Narayanganj, Fatullah",Narayanganj,Fatullah,2014,"['T-Shirts', 'Polo Shirts']",1200000.0,Very Large,11,1.7766497461928934,6091.370558375635,2,0,0,0,0,0,0
Cutting Edge Inds. Ltd.,Woven,5.0,0.0,1700,650000.0,"Bottoms: Trousers, Shorts ,Jackets, Kids Item ,Kids Item and Tops: Shirts,","1612, East Salma, Salma Bazar, Gazipur, B. Baria",Gazipur,B. Baria,2021,"['Bottoms Trousers', 'Shorts', 'Jackets', 'Kids Item', 'Kids Item and Tops Shirts', '']",7800000.0,Very Large,4,0.0,4588.235294117647,6,0,0,0,0,0,0
Cynosure Apparels Ltd.,Woven,5.0,270.0,100,12000.0,"Jackets ,Jogging Suits ,Pants","Shah Sritee Market (3Rd & 4Th Fl), 36/A, Avenue # 4, Block # D, Section # 1, Dhaka, Mirpur",Dhaka,Mirpur,1993,"['Jackets', 'Jogging Suits', 'Pants']",144000.0,Large,32,2.7,1440.0,3,0,0,1,0,0,0
D & S Pretty Fashions Ltd.,Knit,5.0,3324.0,1430,450000.0,Sweater,"Pretty Square, South Salna, Gazipur, Salna",Gazipur,Salna,2003,['Sweater'],5400000.0,Very Large,22,2.3244755244755244,3776.2237762237764,1,0,0,0,0,0,1
D-Tex Limited,Knit,5.0,272.0,109,0.0,"T-Shirts ,Polo Shirts","6, Bagar, East Mouchak, Gazipur, Kaliakoir",Gazipur,Kaliakoir,2012,"['T-Shirts', 'Polo Shirts']",0.0,,13,2.4954128440366974,0.0,2,0,0,0,0,0,0
D. H. Sweater Ltd.,Sweater,5.0,300.0,300,30000.0,Sweaters,"Mohammadia Mansion, 74, Jamgara Epz Road, Ashulia, Dhaka, Savar",Dhaka,Savar,2007,['Sweaters'],360000.0,Large,18,1.0,1200.0,1,0,0,0,0,0,0
D.A. Knit & Fashion Wear,Knit,5.0,0.0,101,100000.0,"T-Shirts ,Polo Shirts ,Tank Top","Tanvir Shopping Complex, Depz Road, Ashulia, Dhaka, Savar",Dhaka,Savar,2007,"['T-Shirts', 'Polo Shirts', 'Tank Top']",1200000.0,Very Large,18,0.0,11881.18811881188,3,0,0,0,0,0,0
D.G. Knitting Co.,Knit,5.0,1500.0,820,750000.0,"Sweat Shirts ,Polo Shirts ,Night Wears","Doel Complex, 9 Karnapara, Dhaka, Savar",Dhaka,Savar,2007,"['Sweat Shirts', 'Polo Shirts', 'Night Wears']",9000000.0,Very Large,18,1.829268292682927,10975.609756097561,3,0,0,0,0,0,0
D.K. Textile Ltd.,Knit,5.0,50.0,121,312500.0,"T-Shirts ,Polo Shirts ,Jacket ,Hoody","Zamgara Bazar, Yarpur, Savar, Dhaka, Dhaka",Dhaka,Dhaka,2004,"['T-Shirts', 'Polo Shirts', 'Jacket', 'Hoody']",3750000.0,Very Large,21,0.4132231404958678,30991.73553719008,4,0,0,0,1,0,0
D.S. Fashion Ltd.,Knit,5.0,280.0,116,200000.0,"T-Shirts ,Polo Shirts ,Trousers ,Shorts","94, Mohakhali C/A, (10Th & 11Th Floor), Dhaka, Mohakhali",Dhaka,Mohakhali,2004,"['T-Shirts', 'Polo Shirts', 'Trousers', 'Shorts']",2400000.0,Very Large,21,2.413793103448276,20689.655172413793,4,0,0,0,0,0,0
D.Z. Garments Ltd.,Woven,5.0,300.0,210,80000.0,"Jackets ,Pants ,Trousers ,Outer Wears","Plot # M-2/1, Road # 7, Section # 7, Pallabi, Dhaka, Mirpur",Dhaka,Mirpur,1992,"['Jackets', 'Pants', 'Trousers', 'Outer Wears']",960000.0,Large,33,1.4285714285714286,4571.428571428572,4,0,0,1,0,0,0
Daania Fashion Ltd.,Woven,5.0,500.0,300,60000.0,"Trousers ,Shorts ,Bermuda","2/C, Darussalam Road, Section # 1, Dhaka, Mirpur",Dhaka,Mirpur,2008,"['Trousers', 'Shorts', 'Bermuda']",720000.0,Large,17,1.6666666666666667,2400.0,3,0,0,0,0,0,0
Dada (Dhaka) Ltd.,Woven,5.0,2957.0,1084,150000.0,Hats & Caps,"Plot # 28,, Sector # 6, Dhaka, B. Baria",Dhaka,B. Baria,1991,['Hats  Caps'],1800000.0,Very Large,34,2.727859778597786,1660.5166051660517,1,0,0,0,0,0,0
Dae-Gu Product Development Co. (BD) Ltd.,Woven,1.0,145.0,293,125000.0,"Shirt ,Pant ,T-Shirt ,Polo Shirt","Plot # 9A, Korean Epz, Karnafully, Chittagong, Chittagong",Chittagong,Chittagong,2022,"['Shirt', 'Pant', 'T-Shirt', 'Polo Shirt']",1500000.0,Very Large,3,0.4948805460750853,5119.453924914676,4,1,1,0,0,1,0
Daelim Textile Ltd.,Woven,5.0,450.0,385,80000.0,"Pants ,Trousers ,Shorts ,Bermuda","1670/2091, West Sholashahar, Aturar, Chittagong, Baizid",Chittagong,Baizid,1995,"['Pants', 'Trousers', 'Shorts', 'Bermuda']",960000.0,Large,30,1.1688311688311688,2493.5064935064934,4,0,0,1,0,0,0
DAF Knitwears Ltd.,Knit,5.0,700.0,450,240000.0,"Blouses ,Jackets ,Shorts ,T-Shirts","132/142, Nasirabad I/A, Chittagong","132/142, Nasirabad I/A,",Chittagong,1995,"['Blouses', 'Jackets', 'Shorts', 'T-Shirts']",2880000.0,Very Large,30,1.5555555555555556,6400.0,4,0,0,0,0,0,0
Dah Yuan Bangladesh Ltd.,Knit,5.0,300.0,270,120000.0,"Swim Suits ,Active Wears ,Sportswear ,T-Shirts","Plot # 35, Sector # 4, Road # 4, Chittagong, Cepz",Chittagong,Cepz,1993,"['Swim Suits', 'Active Wears', 'Sportswear', 'T-Shirts']",1440000.0,Very Large,32,1.1111111111111112,5333.333333333333,4,0,0,0,0,0,0
Dana Bottoms Ltd.,Woven,5.0,350.0,197,45000.0,"Shirts ,Jackets","77/20, Dagormora, Crp Road, Dhaka, Savar",Dhaka,Savar,2013,"['Shirts', 'Jackets']",540000.0,Large,12,1.7766497461928934,2741.1167512690354,2,0,0,0,0,0,0
Dana Sweater Inds. Ltd.,Sweater,5.0,2200.0,1620,200000.0,"Sweaters ,Cardigans ,Scarf ,Vests","Gabindrabari, Sardaganj, Gazipur, Kashimpur",Gazipur,Kashimpur,2005,"['Sweaters', 'Cardigans', 'Scarf', 'Vests']",2400000.0,Very Large,20,1.3580246913580247,1481.4814814814815,4,0,0,0,0,0,0
Danny Dhaka Ltd.,Sweater,5.0,140.0,82,11000.0,"Sweaters ,Cardigans","House # 2, Road # 8, Block - C, Batoliea, Dhaka, Turag",Dhaka,Turag,2009,"['Sweaters', 'Cardigans']",132000.0,Large,16,1.7073170731707317,1609.7560975609756,2,0,0,0,0,0,0
Danys Knitwear Ltd.,Knit,5.0,200.0,118,25000.0,"T-Shirts ,Plo Shirts","Surabari, Gazipur, Gazipur Sadar",Gazipur,Gazipur Sadar,2013,"['T-Shirts', 'Plo Shirts']",300000.0,Large,12,1.694915254237288,2542.3728813559323,2,0,0,0,0,0,0
Darber Sweater Fashion Ltd.,Sweater,5.0,358.0,314,180000.0,Sweaters,"106, Digirchala, Maleker Bari, Gazipur, Gazipur Sadar",Gazipur,Gazipur Sadar,2012,['Sweaters'],2160000.0,Very Large,13,1.1401273885350318,6878.980891719745,1,0,0,0,0,0,0
Dardha Garments Ltd.,Woven,5.0,260.0,115,45000.0,"Jackets ,Pants ,Rompers","Plot # 11/1, Road # 1, Block - Kha, Section # 6, Dhaka, Mirpur",Dhaka,Mirpur,2000,"['Jackets', 'Pants', 'Rompers']",540000.0,Large,25,2.260869565217391,4695.652173913043,3,0,0,1,0,0,0
Das Industries Ltd.,Woven,1.0,3.0,170,196000.0,"Shirt ,Pant ,T-Shirt ,Polo Shirt","Vill # Shantiniketon, Ward # 6, Pourashava, Rangunia, Chittagong, Chittagong",Chittagong,Chittagong,2023,"['Shirt', 'Pant', 'T-Shirt', 'Polo Shirt']",2352000.0,Very Large,2,0.01764705882352941,13835.29411764706,4,1,1,0,0,1,0
Dastagir Apparels (Pvt.) Ltd.,Knit,5.0,300.0,97,150000.0,"T-Shirts ,Polo Shirts","Chaira Musuri Khola Bazar, Dhaka, Savar",Dhaka,Savar,2007,"['T-Shirts', 'Polo Shirts']",1800000.0,Very Large,18,3.0927835051546393,18556.701030927834,2,0,0,0,0,0,0
Data Fashion Ltd.,Sweater,5.0,660.0,300,62400.0,Sweaters,"1745/A, Uttar Molla Para, Uttar Khan, Dhaka, Uttara",Dhaka,Uttara,2009,['Sweaters'],748800.0,Large,16,2.2,2496.0,1,0,0,0,0,0,0
Dawn Garments And Textiles Ltd.,Woven,5.0,315.0,130,60000.0,"Pants ,Overall","1, Chandi Charan Bose Street, (Not Found), Dhaka, Wari",Dhaka,Wari,1985,"['Pants', 'Overall']",720000.0,Large,40,2.423076923076923,5538.461538461538,2,0,0,1,0,0,0
Dawn Garments Limited,Woven,5.0,400.0,278,10000.0,"Shirts ,Jackets ,Shorts","Shamir Plaza (7Th Floor), Jamgora, Epz Road, Ashulia, Dhaka, Savar",Dhaka,Savar,1986,"['Shirts', 'Jackets', 'Shorts']",120000.0,Large,39,1.4388489208633093,431.6546762589928,3,0,0,0,0,0,0
Day Apparels Ltd.,Knit,5.0,405.0,190,95000.0,"Shirts ,Blouses ,Pants ,Skirts","M.H. Tower, 21, Vogra, Gazipur, Gazipur Sadar",Gazipur,Gazipur Sadar,1995,"['Shirts', 'Blouses', 'Pants', 'Skirts']",1140000.0,Very Large,30,2.1315789473684212,6000.0,4,0,0,1,0,0,0
Day Fashions Ltd.,Knit,5.0,450.0,126,240000.0,"Shirts ,Children Wears ,Under Wears ,Knit Items","M.H. Tower, 21, Vogra, Gazipur, Gazipur Sadar",Gazipur,Gazipur Sadar,2000,"['Shirts', 'Children Wears', 'Under Wears', 'Knit Items']",2880000.0,Very Large,25,3.5714285714285716,22857.14285714286,4,0,0,0,0,0,0
Daylight Fashions Ltd.,Unknown,,0.0,0,20000.0,"T-Shirts ,Polo Shirts","587, Solemaeid (Hatibari), Dhaka, B. Baria",Dhaka,B. Baria,2012,"['T-Shirts', 'Polo Shirts']",240000.0,Large,13,0.0,0.0,2,0,0,0,0,0,0
Debonair Ltd.,Woven,5.0,3680.0,2300,29166.0,"Woven Jackets ,Top ,Bottom","Gorat, Ashulia, Savar, Dhaka, Dhaka",Dhaka,Dhaka,1992,"['Woven Jackets', 'Top', 'Bottom']",349992.0,Large,33,1.6,152.1704347826087,3,0,0,0,0,0,0
Decent Attire,Woven,5.0,260.0,177,30000.0,"Shirts ,Pants","Ka-63/1, Kuril Chowrasta, Dhaka, Badda",Dhaka,Badda,2015,"['Shirts', 'Pants']",360000.0,Large,10,1.4689265536723164,2033.8983050847457,2,0,0,1,0,0,0
Decency Fashion Ltd.,Woven,5.0,157.0,78,18000.0,"Shirts ,Pants","Afnan Plaza, Shaheed Latif Road, 202 (23 New), Mollartek, Dhaka, Dakkhin Khan",Dhaka,Dakkhin Khan,2015,"['Shirts', 'Pants']",216000.0,Large,10,2.0128205128205128,2769.230769230769,2,0,0,1,0,0,0
Decent Attire,Woven,5.0,260.0,177,30000.0,"Shirts ,Pants","Ka-63/1, Kuril Chowrasta, Dhaka, Badda",Dhaka,Badda,2015,"['Shirts', 'Pants']",360000.0,Large,10,1.4689265536723164,2033.8983050847457,2,0,0,1,0,0,0
Decent Outerwear Ltd.,Knit,5.0,300.0,350,100000.0,"Shirts ,T-Shirts ,Polo Shirts","Siddik Plaza, South Joypura Bazar, Dhaka, Dhamrai",Dhaka,Dhamrai,2012,"['Shirts', 'T-Shirts', 'Polo Shirts']",1200000.0,Very Large,13,0.8571428571428571,3428.5714285714284,3,0,0,0,0,0,0
Deen Fashions Ltd,Woven,1.0,2.0,127,300000.0,"Shirt ,Pant ,T-Shirt ,Polo Shirt","Plot # C5-C7, Bscic Industrial Area, Kalurghat, Chattogram, Chittagong",Chittagong,Chittagong,2022,"['Shirt', 'Pant', 'T-Shirt', 'Polo Shirt']",3600000.0,Very Large,3,0.015748031496062992,28346.456692913387,4,1,1,0,0,1,0
Deer Fashions Ltd.,Sweater,5.0,180.0,122,10000.0,Sweaters,"Plot # 39 & 40, Kuturia Dewan Bari, Dhaka, Savar",Dhaka,Savar,1998,['Sweaters'],120000.0,Large,27,1.4754098360655739,983.6065573770492,1,0,0,0,0,0,0
Defoin Design (Pvt) Ltd.,Woven,5.0,350.0,370,90000.0,"Shirts ,Pants ,Overalls ,Trousers","Plot # 677, Ashulia, Dhaka, Savar",Dhaka,Savar,1997,"['Shirts', 'Pants', 'Overalls', 'Trousers']",1080000.0,Very Large,28,0.9459459459459459,2918.9189189189187,4,0,0,1,0,0,0
Dekko Apparels Ltd.,Woven,5.0,529.0,261,90000.0,"Shirts ,Blouses ,Jackets ,Skirts","Plot # M-4, Road # 7, Section # 7, Mirpur Housing Estate, Dhaka, Mirpur",Dhaka,Mirpur,1992,"['Shirts', 'Blouses', 'Jackets', 'Skirts']",1080000.0,Very Large,33,2.0268199233716473,4137.931034482759,4,0,0,0,0,0,0
Dekko Designs Ltd.,Woven,5.0,800.0,294,450000.0,"Shirts ,Jackets ,Pants ,Trousers","Naroshinghapur, Ashulia, Dhaka, Savar",Dhaka,Savar,2009,"['Shirts', 'Jackets', 'Pants', 'Trousers']",5400000.0,Very Large,16,2.7210884353741496,18367.34693877551,4,0,0,1,0,0,0
Dekko Fashions Ltd.,Woven,5.0,986.0,501,160000.0,"Shirts ,Blouses ,Skirts","C-35, Section # 7, Mirpur Super Market, Dhaka, Mirpur",Dhaka,Mirpur,1993,"['Shirts', 'Blouses', 'Skirts']",1920000.0,Very Large,32,1.968063872255489,3832.3353293413174,3,0,0,0,0,0,0
Dekko Garments Ltd.,Woven,5.0,644.0,270,100000.0,"Shirts ,Blouses ,Skirts","C/35, Section # 7, Mirpur Super Market, Dhaka, Mirpur",Dhaka,Mirpur,1984,"['Shirts', 'Blouses', 'Skirts']",1200000.0,Very Large,41,2.3851851851851853,4444.444444444444,3,0,0,0,0,0,0
Dekko Knitwears Limited,Knit,5.0,375.0,90,365000.0,"Kids Wears ,T-shirts ,Polo Shirts ,Tank Tops","Plot # M/2-1, Road # 7, Section # 7, Dhaka, Mirpur",Dhaka,Mirpur,1993,"['Kids Wears', 'T-shirts', 'Polo Shirts', 'Tank Tops']",4380000.0,Very Large,32,4.166666666666667,48666.666666666664,4,0,0,0,0,0,0
Dekko Knitwears Ltd. (Unit-2),Knit,5.0,340.0,94,500000.0,"T-Shirts ,Polo Shirts ,Kids Wears ,Tank Tops","Plot # M/2-1, Road # 7, Section # 7, Dhaka, Mirpur",Dhaka,Mirpur,2001,"['T-Shirts', 'Polo Shirts', 'Kids Wears', 'Tank Tops']",6000000.0,Very Large,24,3.617021276595745,63829.78723404255,4,0,0,0,0,0,0
Dekko Readywears Ltd.,Woven,5.0,1245.0,799,200000.0,"Shirts ,Jackets ,Trousers","Plot # M-1 (2Nd & 5Th-8Th Fl), Road # 7, Section # 7, Dhaka, Mirpur",Dhaka,Mirpur,2006,"['Shirts', 'Jackets', 'Trousers']",2400000.0,Very Large,19,1.55819774718398,3003.7546933667086,3,0,0,0,0,0,0
Delicate Garments Ltd.,Woven,5.0,800.0,566,480000.0,Shirts,"Raja Ghat, Rajfulbaria, Dhaka, Savar",Dhaka,Savar,2012,['Shirts'],5760000.0,Very Large,13,1.4134275618374559,10176.678445229682,1,0,0,0,0,0,0
Delicate Knitwears Ltd.,Woven,5.0,370.0,120,75000.0,"Ladies Shirts ,Blouses ,Paint Jackets ,Pajama Sets","Rajaghat, Rajfulbaria, Dhaka, Savar",Dhaka,Savar,2008,"['Ladies Shirts', 'Blouses', 'Paint Jackets', 'Pajama Sets']",900000.0,Large,17,3.0833333333333335,7500.0,4,0,0,0,0,0,0
Delmas Apparels (Pvt.) Ltd.,Woven,5.0,820.0,676,50000.0,"Pants ,T-Shirts ,Jacket ,Shirt","Plot # 5, Sector # 2/A, Chittagong, Chittagong",Chittagong,Chittagong,2010,"['Pants', 'T-Shirts', 'Jacket', 'Shirt']",600000.0,Large,15,1.21301775147929,887.5739644970414,4,0,1,1,1,0,0
Delmas Garments (Pvt) Ltd.,Woven,5.0,510.0,540,180000.0,"Jackets ,Padding Jacket ,Jogging Suits ,Denim","1142, Askasrlead, Chittagong, Chittagong",Chittagong,Chittagong,1984,"['Jackets', 'Padding Jacket', 'Jogging Suits', 'Denim']",2160000.0,Very Large,41,0.9444444444444444,4000.0,4,0,0,0,0,0,0
Delta Fashions Ltd.,Woven,5.0,933.0,867,170016.0,"Bottom ,Fleece Jackets ,Shirts","Fleet Club Shopping Complex, Stand Road, Chittagong, Double Mooring",Chittagong,Double Mooring,1995,"['Bottom', 'Fleece Jackets', 'Shirts']",2040192.0,Very Large,30,1.0761245674740485,2353.1626297577855,3,0,0,0,0,0,0
Delta Socks Ltd.,Knit,5.0,120.0,57,100000.0,Socks,"141-142, Nayarhat, Dhaka, Savar",Dhaka,Savar,2011,['Socks'],1200000.0,Very Large,14,2.1052631578947367,21052.63157894737,1,0,0,0,0,0,0
Delta Ties Limited,Woven,5.0,30.0,22,50000.0,"Ties, Neck ties etc.","Plot # 36, Road # 6/6, Dhaka, Gulshan-2",Dhaka,Gulshan-2,1997,"['Ties', 'Neck ties etc']",600000.0,Large,28,1.3636363636363635,27272.727272727272,2,0,0,0,0,0,0
Deluxe Apparels Ltd.,Woven,5.0,260.0,140,20000.0,"Trousers ,Jackets ,Jogging Suits","14/Ka, Ring Road, Dhaka, Shamoli",Dhaka,Shamoli,1992,"['Trousers', 'Jackets', 'Jogging Suits']",240000.0,Large,33,1.8571428571428572,1714.2857142857142,3,0,0,0,0,0,0
Deluxe Fashions Ltd.,Knit,5.0,1588.0,520,1200000.0,"Boxers ,Briefs ,T-Shirts","178/179, Nasirabad I/A, Bayezid Bostami Road, Chittagong, Baizid Bostami",Chittagong,Baizid Bostami,1993,"['Boxers', 'Briefs', 'T-Shirts']",14400000.0,Very Large,32,3.0538461538461537,27692.30769230769,3,0,0,0,0,0,0
Denim Attires Ltd.,Woven,5.0,300.0,295,60000.0,"Trousers ,Pants","Nimtoli, Shilmon, Gazipur, Tongi",Gazipur,Tongi,2012,"['Trousers', 'Pants']",720000.0,Large,13,1.0169491525423728,2440.677966101695,2,0,0,1,0,0,0
Denim Expert Ltd.,Woven,5.0,1005.0,748,833000.0,"Long Pants ,Cargo ,Shorts ,Skirts","Plot # 96-100, Sector # 3, Karnaphuli Epz, Chittagong, Patenga",Chittagong,Patenga,2010,"['Long Pants', 'Cargo', 'Shorts', 'Skirts']",9996000.0,Very Large,15,1.3435828877005347,13363.636363636364,4,0,0,0,0,0,0
Denim Fashions Ltd.,Woven,5.0,300.0,350,25000.0,"Sharts ,Pants","Shataish, Gazipur, Tongi",Gazipur,Tongi,2014,"['Sharts', 'Pants']",300000.0,Large,11,0.8571428571428571,857.1428571428571,2,0,0,1,0,0,0
Denim Plus (BD) Ltd.,Woven,5.0,1260.0,811,250000.0,"Jackets ,Ladies Pants ,Skirts","Plot # 3-8, Sector # 7, Chittagong, Cepz",Chittagong,Cepz,1998,"['Jackets', 'Ladies Pants', 'Skirts']",3000000.0,Very Large,27,1.5536374845869296,3699.1368680641185,3,0,0,0,0,0,0
Denimach Ltd.,Woven,5.0,5000.0,2000,900000.0,"Shirts ,Pants ,Shorts ,Skirts","Kewa Mouja, Ward # 5, Master Bari, Gazipur, Sreepur",Gazipur,Sreepur,2007,"['Shirts', 'Pants', 'Shorts', 'Skirts']",10800000.0,Very Large,18,2.5,5400.0,4,0,0,1,0,0,0
Denimic Industry Limited,Woven,1.0,125.0,81,25000.0,"Shirt ,Pant ,T-Shirt ,Polo Shirt","Holding # 20/B, Ward # 46, Chamurkhan, Gobindopur, Uttarkhan, Dhaka, Dhaka",Dhaka,Dhaka,2022,"['Shirt', 'Pant', 'T-Shirt', 'Polo Shirt']",300000.0,Large,3,1.5432098765432098,3703.703703703704,4,1,1,0,0,1,0
Denison Attires Ltd.,Knit,5.0,600.0,350,416000.0,"T-Shirts ,Polo Shirts","West Isdair, Police Line, Narayanganj, Fatullah",Narayanganj,Fatullah,2014,"['T-Shirts', 'Polo Shirts']",4992000.0,Very Large,11,1.7142857142857142,14262.857142857143,2,0,0,0,0,0,0
Denitex Ltd.,Woven,5.0,5000.0,2250,600000.0,"Shirts ,Pants ,Shorts ,Skirt","9/1, Karna Para, Dhaka, Dhaka",Dhaka,Dhaka,2014,"['Shirts', 'Pants', 'Shorts', 'Skirt']",7200000.0,Very Large,11,2.2222222222222223,3200.0,4,0,0,1,0,0,0
Deoti Fashion Ltd.,Woven,5.0,300.0,160,50000.0,"Jackets ,Long Trousers ,Shorts","26/1, Shataish Road, Rafi Fahim Complex, Gazipura, Gazipur, Tongi",Gazipur,Tongi,2009,"['Jackets', 'Long Trousers', 'Shorts']",600000.0,Large,16,1.875,3750.0,3,0,0,0,0,0,0
Desh Bangla Fashions Ltd.,Woven,5.0,265.0,150,50000.0,"Shirts ,Blouses ,Trousers ,Shorts","65, Lower Jessore Road, Khulna","65, Lower Jessore Road,",Khulna,1985,"['Shirts', 'Blouses', 'Trousers', 'Shorts']",600000.0,Large,40,1.7666666666666666,4000.0,4,0,0,0,0,0,0
Desh Fashion,Woven,1.0,1.0,151,0.0,"Shirt ,Pant","78/A, South Bisil, Mirpur-1, Dhaka, Dhaka",Dhaka,Dhaka,2022,"['Shirt', 'Pant']",0.0,,3,0.006622516556291391,0.0,2,0,1,0,0,0,0
Desh Garments Ltd.,Woven,5.0,930.0,753,300000.0,"Woven Shirt ,Uniforms ,Casual Shirt ,Blouse","53/A, Kalurghat Heavy Industrial Area, Chittagong, Chittagong",Chittagong,Chittagong,1985,"['Woven Shirt', 'Uniforms', 'Casual Shirt', 'Blouse']",3600000.0,Very Large,40,1.2350597609561753,4780.876494023904,4,0,0,0,0,0,0
Desh Lanka Ltd.,Woven,5.0,350.0,170,20000.0,"Leather Jackets ,Trousers ,Jogging Suits","Fatema Complex, Ford Nagar, Manikganj, Singaire",Manikganj,Singaire,2000,"['Leather Jackets', 'Trousers', 'Jogging Suits']",240000.0,Large,25,2.0588235294117645,1411.764705882353,3,0,0,0,0,0,0
Desh Sweater Ltd.,Sweater,5.0,600.0,409,40000.0,"Sweaters ,Pullovers ,Cardigans","Sonda Sarak, Maleker Bari, Sharfipur, Gazipur, Gazipur Sadar",Gazipur,Gazipur Sadar,2009,"['Sweaters', 'Pullovers', 'Cardigans']",480000.0,Large,16,1.466992665036675,1173.5941320293398,3,0,0,0,0,0,0
Deshbandhu Textile Mills Ltd.,Woven,1.0,2.0,1753,0.0,Unknown,"Mssfb # 1 & 2, Uttara Epz, Shongalshi, Nilphamari, Nilphamari, Dhaka",Nilphamari,Dhaka,2019,[],0.0,,6,0.0011409013120365088,0.0,0,0,0,0,0,0,0
Deshone Apparels Ltd.,Knit,5.0,250.0,141,234000.0,"Shirts ,Pants ,T-Shirts ,Polo Shirts","T. H. Bhabon (2Nd & 3Rd Floor), 71, Borobagh, Dhaka, Mirpur-2",Dhaka,Mirpur-2,2014,"['Shirts', 'Pants', 'T-Shirts', 'Polo Shirts']",2808000.0,Very Large,11,1.7730496453900708,19914.893617021276,4,0,0,1,0,0,0
Design & Fashion Ltd.,Woven,5.0,564.0,219,125000.0,"Shirts ,Boxers ,Payjama","Nimertak, Rajfulbaria, Dhaka, Savar",Dhaka,Savar,1993,"['Shirts', 'Boxers', 'Payjama']",1500000.0,Very Large,32,2.5753424657534247,6849.315068493151,3,0,0,0,0,0,0
Design & Source Ltd.,Woven,5.0,900.0,400,100000.0,"Shirts ,Pants ,Skirts ,Shorts","30, Kawran Bazar, Dhaka, Kawran Bazar",Dhaka,Kawran Bazar,2000,"['Shirts', 'Pants', 'Skirts', 'Shorts']",1200000.0,Very Large,25,2.25,3000.0,4,0,0,1,0,0,0
Design Apparels (Pvt) Ltd.,Woven,5.0,280.0,193,300000.0,"Underwears ,T-Shirts ,Knit Shorts","Plot # B4, Block - B, Sholashahar, Bscic, Chittagong, Nasirabad",Chittagong,Nasirabad,2004,"['Underwears', 'T-Shirts', 'Knit Shorts']",3600000.0,Very Large,21,1.450777202072539,18652.84974093264,3,0,0,0,0,0,0
Design Destination Ltd.,Knit,5.0,240.0,140,300000.0,"T-Shirts ,Polo Shirts","Sayed M Hossain Road, West Isdair, Tagarpar, Narayanganj, Fatullah",Narayanganj,Fatullah,2014,"['T-Shirts', 'Polo Shirts']",3600000.0,Very Large,11,1.7142857142857142,25714.285714285714,2,0,0,0,0,0,0
Design Express Ltd.,Knit,5.0,400.0,170,84000.0,"Shirts ,Pants ,T-Shirts ,Polo Shirts","Bhogra, Gazipur, Chandana",Gazipur,Chandana,2006,"['Shirts', 'Pants', 'T-Shirts', 'Polo Shirts']",1008000.0,Very Large,19,2.3529411764705883,5929.411764705882,4,0,0,1,0,0,0
Design Gallery (PVt) Ltd.,Knit,5.0,300.0,234,75000.0,"Shirts ,Pants ,T-Shirts ,Polo Shirts","Plot # 322/B, Medical Road, Helal Market, Dhaka, Uttarkhan",Dhaka,Uttarkhan,2016,"['Shirts', 'Pants', 'T-Shirts', 'Polo Shirts']",900000.0,Large,9,1.2820512820512822,3846.153846153846,4,0,0,1,0,0,0
Design Makers Ltd.,Knit,5.0,800.0,500,80000.0,"Swim Tranks ,Cargo Pants ,Trousers","Cda Plot # C-49, Sagarika Road, Fouzdarhat I/A, Chittagong","Cda Plot # C-49, Sagarika Road, Fouzdarhat I/A",Chittagong,2001,"['Swim Tranks', 'Cargo Pants', 'Trousers']",960000.0,Large,24,1.6,1920.0,3,0,0,0,0,0,0
Designer Fashion Ltd.,Unknown,,0.0,0,1800000.0,"Shirts ,Panth","Gohailbari, Ashulia, Dhaka, Dhaka",Dhaka,Dhaka,2020,"['Shirts', 'Panth']",21600000.0,Very Large,5,0.0,0.0,2,0,0,0,0,0,0
Designer Jeans Ltd.,Woven,5.0,2100.0,1600,350000.0,"Trousers ,Trousers ,Bermuda ,Skirts","87, Beron, Ashulia, Dhaka, Savar",Dhaka,Savar,2006,"['Trousers', 'Trousers', 'Bermuda', 'Skirts']",4200000.0,Very Large,19,1.3125,2625.0,4,0,0,0,0,0,0
Designer Line (Pvt) Ltd.,Woven,5.0,500.0,200,60000.0,"Polo Shirts ,Dresses ,T-Shirts","16/1, New Jurain, Setu Market, Dhaka, Postogola",Dhaka,Postogola,1998,"['Polo Shirts', 'Dresses', 'T-Shirts']",720000.0,Large,27,2.5,3600.0,3,0,0,0,0,0,0
Designtex Fashions Ltd.,Knit,5.0,950.0,366,400000.0,"T-Shirts ,Skirts ,Tops","Zirabo, Dhaka, Savar",Dhaka,Savar,2005,"['T-Shirts', 'Skirts', 'Tops']",4800000.0,Very Large,20,2.5956284153005464,13114.754098360656,3,0,0,0,0,0,0
Designtex Knitwear Ltd.,Sweater,5.0,2200.0,1500,383333.0,Sweater,"Beraider Chala, Gazipur, Sreepur",Gazipur,Sreepur,2016,['Sweater'],4599996.0,Very Large,9,1.4666666666666666,3066.664,1,0,0,0,0,0,1
Designtex Sweaters Ltd.,Sweater,5.0,3200.0,1700,450000.0,"Sweaters ,Cardigans ,Pullovers","Plot # 255, Nilnagar, Gazipur, Konabari",Gazipur,Konabari,2002,"['Sweaters', 'Cardigans', 'Pullovers']",5400000.0,Very Large,23,1.8823529411764706,3176.470588235294,3,0,0,0,0,0,0
Dessin Wears Ltd.,Sweater,5.0,400.0,322,42000.0,"Sweaters ,Cardigans ,Pullovers","84, Kalmeshwar Road, Gazipur, Board Bazar",Gazipur,Board Bazar,2002,"['Sweaters', 'Cardigans', 'Pullovers']",504000.0,Large,23,1.2422360248447204,1565.2173913043478,3,0,0,0,0,0,0
Desun Garments Ltd.,Woven,5.0,500.0,335,25000.0,"Jackets ,Coveralls ,Overalls ,Swimwears","89/1, Birulia Road, Dhaka, Savar",Dhaka,Savar,1998,"['Jackets', 'Coveralls', 'Overalls', 'Swimwears']",300000.0,Large,27,1.492537313432836,895.5223880597015,4,0,0,0,0,0,0
Deva Limited,Knit,5.0,800.0,600,420000.0,"T-Shirts ,Polo Shirts ,Fleece Jackets","Tea Garden Road, Mouchak, Kaliakoir, Gazipur, Gazipur",Gazipur,Gazipur,2003,"['T-Shirts', 'Polo Shirts', 'Fleece Jackets']",5040000.0,Very Large,22,1.3333333333333333,8400.0,3,0,0,0,0,0,0
Dew Fashion Ltd.,Knit,5.0,220.0,171,334000.0,"T-Shirts ,Polo Shirts","Sharifpur, Gazipur, National University",Gazipur,National University,2011,"['T-Shirts', 'Polo Shirts']",4008000.0,Very Large,14,1.286549707602339,23438.59649122807,2,0,0,0,0,0,0
Dew-Drops Apparels Ltd.,Woven,5.0,125.0,85,20000.0,"Shorts ,Panties","Momin Road, 8, Cda C/A, Chittagong","Momin Road, 8, Cda C/A",Chittagong,1995,"['Shorts', 'Panties']",240000.0,Large,30,1.4705882352941178,2823.529411764706,2,0,0,0,0,0,0
Deys Sweaters Ind. Ltd.,Sweater,5.0,120.0,600,100000.0,"Sweaters ,Pullovers ,Cardigans","Burir Bazar, North Gazirchat, Ashulia, Dhaka, Savar",Dhaka,Savar,2010,"['Sweaters', 'Pullovers', 'Cardigans']",1200000.0,Very Large,15,0.2,2000.0,3,0,0,0,0,0,0
Dhaka Garments & Washing Limited,Unknown,,26.0,308,2500000.0,Unknown,"Dakkhin Vangnahati, Sreepur, Gazipur, Bangladesh, Gazipur, Gazipur",Gazipur,Gazipur,2019,[],30000000.0,Very Large,6,0.08441558441558442,97402.5974025974,0,0,0,0,0,0,0
Dhaka Knitting Ltd.,Knit,5.0,400.0,175,150000.0,"T-Shirts ,Polo Shirts ,Tank Tops ,Sweat Shirts","Plot # 14, Block - C, Avenue -2, Section # 12, Dhaka, Mirpur",Dhaka,Mirpur,1990,"['T-Shirts', 'Polo Shirts', 'Tank Tops', 'Sweat Shirts']",1800000.0,Very Large,35,2.2857142857142856,10285.714285714286,4,0,0,0,0,0,0
Dhaka Nikk Apparels Limited,Knit,1.0,2.0,76,385000.0,"T-Shirt ,Polo Shirt","Holding # 01, Road # 01, Block # D, Diabari, Nishat Nagar, Turag, Dhaka, Dhaka",Dhaka,Dhaka,2023,"['T-Shirt', 'Polo Shirt']",4620000.0,Very Large,2,0.02631578947368421,60789.47368421053,2,1,0,0,0,1,0
Dhaka Pullovers Ltd.,Sweater,5.0,185.0,330,45000.0,"Sweaters ,Pullover ,Cardigan","63, Golartak, Mirpur, Dhaka, Dhaka",Dhaka,Dhaka,2004,"['Sweaters', 'Pullover', 'Cardigan']",540000.0,Large,21,0.5606060606060606,1636.3636363636363,3,0,0,0,0,0,0
Dhakarea Ltd.,Knit,5.0,1726.0,925,600000.0,Caps & Hats,"Plot # 56-60 & 73-77 (New 23-27), Depz, Ganakbari, Ashuilia, Dhaka, Savar",Dhaka,Savar,2008,['Caps  Hats'],7200000.0,Very Large,17,1.865945945945946,7783.783783783784,1,0,0,0,0,0,0
Dharla Fashion Ltd.,Woven,5.0,370.0,223,65000.0,"Swim Trunks ,Trousers ,Shorts","698/699, Sharifpur (3Rd Floor), National University, Gazipur","698/699, Sharifpur (3Rd Floor), National University",Gazipur,2008,"['Swim Trunks', 'Trousers', 'Shorts']",780000.0,Large,17,1.6591928251121075,3497.7578475336322,3,0,0,0,0,0,0
Diamond Attires Ltd.,Knit,5.0,363.0,152,216000.0,"T-Shirts ,Polo Shirts","269 Tilargati, Kakil Shatish, Gazipur, Tongi",Gazipur,Tongi,2015,"['T-Shirts', 'Polo Shirts']",2592000.0,Very Large,10,2.388157894736842,17052.63157894737,2,0,0,0,0,0,0
Diamond Fashion Wear (Pvt) Ltd.,Woven,5.0,350.0,200,60000.0,"Shirts ,Jeans ,Shortalls","150, Iqbal Road, Chittagong, Patherghata",Chittagong,Patherghata,1986,"['Shirts', 'Jeans', 'Shortalls']",720000.0,Large,39,1.75,3600.0,3,0,0,0,0,0,0
Diamond Knitwear Ltd.,Sweater,5.0,390.0,110,25000.0,Sweaters,"2058, Moti Market, Bahir Signal, Arakan Road, Chittagong, Chandgaon",Chittagong,Chandgaon,1998,['Sweaters'],300000.0,Large,27,3.5454545454545454,2727.2727272727275,1,0,0,0,0,0,0
Diamond Sweater Industries Ltd.,Sweater,5.0,498.0,300,5000000.0,Sweaters,"B.N. Pallabi Tower, Block# 02, Plot # 13, Pallabi, Mirpur-11, Dhaka, Dhaka, Dhaka",Dhaka,Dhaka,2001,['Sweaters'],60000000.0,Very Large,24,1.66,200000.0,1,0,0,0,0,0,0
Diamond Wooltex Ltd.,Sweater,5.0,494.0,136,30000.0,Sweater,"B.N. Pallabi Tower, Block # 2, Plot # 13, Pallabi, Dhaka, Mirpur",Dhaka,Mirpur,2016,['Sweater'],360000.0,Large,9,3.6323529411764706,2647.0588235294117,1,0,0,0,0,0,1
Diana Garments (Pvt.) Ltd.,Woven,5.0,405.0,130,60000.0,"Overalls ,Skirts, Trousers","Mill Supper Market, 199, Ibrahimpur, Dhaka, Cantonment",Dhaka,Cantonment,1991,"['Overalls', 'Skirts', 'Trousers']",720000.0,Large,34,3.1153846153846154,5538.461538461538,3,0,0,0,0,0,0
Dibbo Fashions Ltd.,Sweater,5.0,803.0,500,100000.0,Sweater,"Plot # 193, Jamgora S.S. Ind. Park, Ashulia Epz Road, Dhaka, Savar",Dhaka,Savar,2016,['Sweater'],1200000.0,Very Large,9,1.606,2400.0,1,0,0,0,0,0,1
Diganta Sweaters Ltd.,Sweater,5.0,14000.0,6788,1050000.0,"Sweaters ,Pullovers ,Cardigans","Naoujoor, Tangail Road, Chandana Chowrasta, Gazipur, Chandona",Gazipur,Chandona,2006,"['Sweaters', 'Pullovers', 'Cardigans']",12600000.0,Very Large,19,2.0624631703005303,1856.2168532704773,3,0,0,0,0,0,0
Digital Sweater & Composite Ltd.,Sweater,5.0,450.0,350,5500.0,Sweater,"North Kanchanpur, Baraipara, Gazipur, Kaliakoir",Gazipur,Kaliakoir,2013,['Sweater'],66000.0,Medium,12,1.2857142857142858,188.57142857142858,1,0,0,0,0,0,1
Dignity Textile Mills Ltd.,Knit,5.0,850.0,387,30000.0,"T-Shirts ,Polo Shirts ,Shorts","Betjuri, Boiragirchala, Gazipur, Sreepur",Gazipur,Sreepur,2003,"['T-Shirts', 'Polo Shirts', 'Shorts']",360000.0,Large,22,2.1963824289405687,930.2325581395348,3,0,0,0,0,0,0
Din Apparels Ltd.,Sweater,5.0,345.0,300,24000.0,"Pullovers ,Cardigans ,Dresses","74, East Kazipara, Dhaka, Mirpur",Dhaka,Mirpur,1999,"['Pullovers', 'Cardigans', 'Dresses']",288000.0,Large,26,1.15,960.0,3,0,0,0,0,0,0
Dinatex Int'l Limited,Woven,5.0,834.0,588,500000.0,"Denim Shirts ,Denim Pants ,Shorts","Landmark Complex, Sadhur Para, Baro Ashulia, Dhaka, Savar",Dhaka,Savar,2011,"['Denim Shirts', 'Denim Pants', 'Shorts']",6000000.0,Very Large,14,1.4183673469387754,10204.081632653062,3,0,0,0,0,0,0
Dip Knitwear Limited,Woven,1.0,0.0,835,1216666.67,"T-Shirts ,Polo Shirts, Payjama, Trouser ,Knitted Sweater, Ladies Dress ,Babies Dress, Tanktops, Jacket, Pant","Hamid Plaza, Degerchala Road, Holding No:14 National University, Gazipur Sadar, Gazipur, Gazipur",Gazipur,Gazipur,2005,"['T-Shirts', 'Polo Shirts', 'Payjama', 'Trouser', 'Knitted Sweater', 'Ladies Dress', 'Babies Dress', 'Tanktops', 'Jacket', 'Pant']",14600000.04,Very Large,20,0.0,17485.02998802395,10,0,0,0,1,0,0
Dipa Sweater Ltd.,Sweater,5.0,383.0,1350,300000.0,"Sweaters ,Cardigans ,Pullovers","Landmark Complex, Sadhur Para, Baro Ashulia, Dhaka, Savar",Dhaka,Savar,2005,"['Sweaters', 'Cardigans', 'Pullovers']",3600000.0,Very Large,20,0.2837037037037037,2666.6666666666665,3,0,0,0,0,0,0
Diplomat Apparels (Pvt.) Ltd.,Woven,5.0,360.0,160,60000.0,"Shirts ,Pant","Salna, Gazipur, Salna Bazar",Gazipur,Salna Bazar,2013,"['Shirts', 'Pant']",720000.0,Large,12,2.25,4500.0,2,0,0,0,0,0,0
Diplomat Garments (Pvt) Ltd.,Woven,5.0,350.0,190,65000.0,"Jackets ,Coveralls ,Pants ,Trousers","12, Shashi Bhushan Chatterjee Lane, Gandaria, Dhaka, Sutrapur",Dhaka,Sutrapur,1990,"['Jackets', 'Coveralls', 'Pants', 'Trousers']",780000.0,Large,35,1.8421052631578947,4105.263157894737,4,0,0,1,0,0,0
DIPS Apparel Ltd.,Woven,5.0,620.0,344,80000.0,"Shirts ,Pants","79/349, Hazera Mansion, Jamgora, Ashulia, Savar, Dhaka, Dhaka",Dhaka,Dhaka,2012,"['Shirts', 'Pants']",960000.0,Large,13,1.802325581395349,2790.6976744186045,2,0,0,1,0,0,0
Dipta Apparels Ltd.,Woven,5.0,4600.0,2829,1172600.0,"Shirts ,Pants ,Skirt ,Bermuda","South Sympur, Rajfulbaria, Dhaka, Dhaka",Dhaka,Dhaka,2015,"['Shirts', 'Pants', 'Skirt', 'Bermuda']",14071200.0,Very Large,10,1.6260162601626016,4973.913043478261,4,0,0,1,0,0,0
Dipta Garments Ltd.,Knit,5.0,1604.0,892,185000.0,"T-Shirt ,Polo Shirt ,Shorts ,Trouser","Nagarchar, Rajfulbaria, Dhaka, Dhaka",Dhaka,Dhaka,1993,"['T-Shirt', 'Polo Shirt', 'Shorts', 'Trouser']",2220000.0,Very Large,32,1.798206278026906,2488.7892376681616,4,1,0,0,0,1,0
Dird Composite Textiles Ltd.,Knit,5.0,9886.0,5481,333333.0,"T-Shirts ,Polo Shirts ,Tank Tops ,Sweat Shirt","Shatiabari, Dhaladia, Gazipur, Gazipur",Gazipur,Gazipur,2006,"['T-Shirts', 'Polo Shirts', 'Tank Tops', 'Sweat Shirt']",3999996.0,Very Large,19,1.8036854588578726,729.7931034482758,4,0,0,0,0,0,0
Dird Garments Ltd.,Woven,5.0,969.0,664,20000.0,"Jackets ,Pant ,Overalls ,Bermudas","Nagarchar, Rajfulbaria, Dhaka, Dhaka",Dhaka,Dhaka,1985,"['Jackets', 'Pant', 'Overalls', 'Bermudas']",240000.0,Large,40,1.4593373493975903,361.4457831325301,4,0,0,0,0,0,0
Direct Sports & Leisure Wear (BD) Ltd.,Knit,5.0,575.0,250,560000.0,"T-Shirts ,Polo Shirts ,Sweat Shirts ,Knit Tops","Plot # Sa-07,08, R.S, 11, 12, 13, Karamtola, Gazipur, Gazipur",Gazipur,Gazipur,2002,"['T-Shirts', 'Polo Shirts', 'Sweat Shirts', 'Knit Tops']",6720000.0,Very Large,23,2.3,26880.0,4,0,0,0,0,0,0
Disari Apparels (Pvt) Ltd.,Woven,5.0,480.0,216,48000.0,"Shirts ,Jackets ,Pants ,Ladies Dresses","B-193, Bscic I/E, Gazipur, B. Baria",Gazipur,B. Baria,2003,"['Shirts', 'Jackets', 'Pants', 'Ladies Dresses']",576000.0,Large,22,2.2222222222222223,2666.6666666666665,4,0,0,1,0,0,0
Disari Industries (Pvt) Ltd.,Woven,5.0,430.0,216,48000.0,"Shirts ,Ladies Dresses ,Pants ,Jackets","B-193, Bscic I/E, Gazipur, B. Baria",Gazipur,B. Baria,1998,"['Shirts', 'Ladies Dresses', 'Pants', 'Jackets']",576000.0,Large,27,1.9907407407407407,2666.6666666666665,4,0,0,1,0,0,0
Dishang Sweater Ltd.,Sweater,5.0,1003.0,779,0.0,Sweaters,"Dhonyed (Yousuf Market), Zirabo, Ashulia, Dhaka, Savar",Dhaka,Savar,2012,['Sweaters'],0.0,,13,1.287548138639281,0.0,1,0,0,0,0,0,0
Disney Sweater Ltd.,Sweater,5.0,195.0,100,350000.0,Unknown,"Barpa, Narayanganj, Rupganj",Narayanganj,Rupganj,2015,[],4200000.0,Very Large,10,1.95,42000.0,0,0,0,0,0,0,0
Divergent Knitex Ltd.,Knit,5.0,286.0,110,150000.0,"T-Shirts ,Polo Shirts","Teknagopara, Chandona, Gazipur, Joydevpur",Gazipur,Joydevpur,2015,"['T-Shirts', 'Polo Shirts']",1800000.0,Very Large,10,2.6,16363.636363636364,2,0,0,0,0,0,0
Divine Design Ltd.,Knit,5.0,830.0,192,960000.0,"Panties ,Briefs ,Bikini","12/13, Bscic I/A, Chittagong, Kalurghat",Chittagong,Kalurghat,2011,"['Panties', 'Briefs', 'Bikini']",11520000.0,Very Large,14,4.322916666666667,60000.0,3,0,0,0,0,0,0
Divine Fabrics Ltd.,Knit,5.0,1250.0,258,516000.0,"T-Shirts ,Jackets ,Sweat Shirts ,Pants","Chandra, Gazipur, Kaliakoir",Gazipur,Kaliakoir,2008,"['T-Shirts', 'Jackets', 'Sweat Shirts', 'Pants']",6192000.0,Very Large,17,4.844961240310077,24000.0,4,0,0,1,0,0,0
Divine Fashion (Pvt.) Ltd.,Knit,5.0,600.0,300,300000.0,"T-Shirts ,Polo Shirts ,Shorts","West Shoildubi, Gazipur, Kashimpur",Gazipur,Kashimpur,2009,"['T-Shirts', 'Polo Shirts', 'Shorts']",3600000.0,Very Large,16,2.0,12000.0,3,0,0,0,0,0,0
Divine Garments Ltd.,Knit,5.0,1141.0,467,494400.0,"T-Shirts ,Pant ,Sweat shirt ,Jacket","Kayerpara, Chowgacha, Jessore, Jessore",Jessore,Jessore,2015,"['T-Shirts', 'Pant', 'Sweat shirt', 'Jacket']",5932800.0,Very Large,10,2.443254817987152,12704.06852248394,4,0,0,0,1,0,0
Divine Textile Ltd.,Knit,5.0,731.0,469,348000.0,"T-Shirts ,Pants ,Jackets","Chandra, Gazipur, Kaliakoir",Gazipur,Kaliakoir,1997,"['T-Shirts', 'Pants', 'Jackets']",4176000.0,Very Large,28,1.55863539445629,8904.051172707888,3,0,0,1,0,0,0
Divine Textile Ltd. (Unit-2),Knit,5.0,2583.0,676,852000.0,"T-Shirts ,Jackets ,Pants ,Sweat Shirts","Chandra, Gazipur, Kaliakoir",Gazipur,Kaliakoir,2001,"['T-Shirts', 'Jackets', 'Pants', 'Sweat Shirts']",10224000.0,Very Large,24,3.8210059171597632,15124.260355029586,4,0,0,1,0,0,0
DK Apparels Ltd.,Woven,5.0,760.0,365,30000.0,"Jackets ,Basic Pants ,Cargo Pants","32/1, Cda Heavy I/A, Fidc Road, Chittagong, Kalurghat",Chittagong,Kalurghat,2010,"['Jackets', 'Basic Pants', 'Cargo Pants']",360000.0,Large,15,2.0821917808219177,986.3013698630137,3,0,0,0,0,0,0
DK Global Fashion Wear Ltd.,Woven,5.0,300.0,189,150000.0,"Shirts ,Pants ,T-Shirts ,Polo Shirts","Holding # 01/22/1, Road # 06,, Block # V, Beron, Dhaka, Dhaka",Dhaka,Dhaka,2014,"['Shirts', 'Pants', 'T-Shirts', 'Polo Shirts']",1800000.0,Very Large,11,1.5873015873015872,9523.809523809523,4,0,0,1,0,0,0
DK Sweater Ltd.,Sweater,5.0,360.0,104,72000.0,"Sweaters ,Cardigans ,Pullovers ,Vests","South Salna, Salna Bazar, Joydebpur, Gazipur, Gazipur",Gazipur,Gazipur,2002,"['Sweaters', 'Cardigans', 'Pullovers', 'Vests']",864000.0,Large,23,3.4615384615384617,8307.692307692309,4,0,0,0,0,0,0
DM Sourcing,Knit,1.0,100.0,60,120000.0,"T-Shirt ,Polo Shirt","Zirabo, Doctor Bari, Ashulia, Dhaka, Dhaka",Dhaka,Dhaka,2022,"['T-Shirt', 'Polo Shirt']",1440000.0,Very Large,3,1.6666666666666667,24000.0,2,1,0,0,0,1,0
DMC Apparels Ltd.,Woven,5.0,1212.0,672,7800000.0,"Tops ,Bottom","Dewan Idris Road, Zirabo, Ashulia, Dhaka, Dhaka",Dhaka,Dhaka,2001,"['Tops', 'Bottom']",93600000.0,Very Large,24,1.8035714285714286,139285.7142857143,2,0,0,0,0,0,0
DND Fashion Wear,Knit,1.0,135.0,95,335000.0,"T-Shirt ,Polo Shirt ,Jacket ,Payjama","Mouchak, Kaliakair, Gazipur, Gazipur",Gazipur,Gazipur,2022,"['T-Shirt', 'Polo Shirt', 'Jacket', 'Payjama']",4020000.0,Very Large,3,1.4210526315789473,42315.78947368421,4,1,0,0,1,1,0
DNM Apparel Limited,Woven,1.0,500.0,119,156000.0,"Shirt ,Pant ,Trouser ,Jacket","04, Degherchala, Gacha, National University, Gazipur, Gazipur",Gazipur,Gazipur,2022,"['Shirt', 'Pant', 'Trouser', 'Jacket']",1872000.0,Very Large,3,4.201680672268908,15731.09243697479,4,0,1,0,1,0,0
DNV Clothing Ltd.,Woven,5.0,1200.0,580,350000.0,"Blouses ,Ladies Pants ,Skirts","Plot # 100 & 101, Narayanganj, Adamjee Epz",Narayanganj,Adamjee Epz,2007,"['Blouses', 'Ladies Pants', 'Skirts']",4200000.0,Very Large,18,2.0689655172413794,7241.379310344828,3,0,0,0,0,0,0
Dody Export Wear Ltd.,Sweater,5.0,1600.0,750,250000.0,"Sweaters ,Pullovers ,Cardigans","Sattar Tower, Kunia, National University, Gazipur, National University",Gazipur,National University,2010,"['Sweaters', 'Pullovers', 'Cardigans']",3000000.0,Very Large,15,2.1333333333333333,4000.0,3,0,0,0,0,0,0
Dominant Knit Fashion Industries Ltd.,Knit,5.0,150.0,150,404000.0,"T-Shirt ,Polo Shirt","474, South Baipail, Ashulia, Dhaka, Savar",Dhaka,Savar,2016,"['T-Shirt', 'Polo Shirt']",4848000.0,Very Large,9,1.0,32320.0,2,1,0,0,0,1,0
Dominion Apparels Limited,Woven,1.0,195.0,210,182500.0,"Shirt ,Pant ,T-Shirt ,Polo Shirt","2-B / 17, Pallabi, Mirpur, Dhaka, Dhaka",Dhaka,Dhaka,2023,"['Shirt', 'Pant', 'T-Shirt', 'Polo Shirt']",2190000.0,Very Large,2,0.9285714285714286,10428.57142857143,4,1,1,0,0,1,0
Dong Bang Facilities (BD) Ltd.,Woven,5.0,1063.0,750,125000.0,"Blouses ,Jackets ,Student Bags ,Vests","Plot # 74-76, Depz, Dhaka, Savar",Dhaka,Savar,2008,"['Blouses', 'Jackets', 'Student Bags', 'Vests']",1500000.0,Very Large,17,1.4173333333333333,2000.0,4,0,0,0,0,0,0
Doreen Apparels Ltd.,Woven,5.0,1750.0,963,33333.0,"Denim Pant ,Jacket ,Short ,Kids Bottom","Dakkhin Panishail, N.K. Link Road, Gazipur, Gazipur",Gazipur,Gazipur,1994,"['Denim Pant', 'Jacket', 'Short', 'Kids Bottom']",399996.0,Large,31,1.8172377985462098,415.3644859813084,4,0,0,0,1,0,0
Doreen Fashion Limited,Woven,5.0,750.0,350,87000.0,"Shirts ,Ladies Blouses ,Jackets ,Skirts","Dakkhin Panishail, N.K. Link Road, Gazipur, Kashimpur",Gazipur,Kashimpur,1992,"['Shirts', 'Ladies Blouses', 'Jackets', 'Skirts']",1044000.0,Very Large,33,2.142857142857143,2982.8571428571427,4,0,0,0,0,0,0
Doreen Garments Ltd.,Woven,5.0,2500.0,1303,600000.0,"Shirts ,Jackets ,Pants ,Shorts","Dakkhin Panishail, N.K. Link Road, Gazipur, Dhaka",Gazipur,Dhaka,1985,"['Shirts', 'Jackets', 'Pants', 'Shorts']",7200000.0,Very Large,40,1.918649270913277,5525.7099002302375,4,0,0,1,0,0,0
Dornick Apparels Ltd.,Woven,5.0,310.0,165,72000.0,"Shirts ,Blouses ,Jackets","54, Shantinagar, Dhaka, Shantinagar",Dhaka,Shantinagar,1998,"['Shirts', 'Blouses', 'Jackets']",864000.0,Large,27,1.878787878787879,5236.363636363636,3,0,0,0,0,0,0
Dotcom Sweater Ltd.,Sweater,5.0,1490.0,939,120000.0,Sweaters,"92, Nowzar, Codda Bazar, Gazipur, Gazipur Sadar",Gazipur,Gazipur Sadar,2003,['Sweaters'],1440000.0,Very Large,22,1.5867944621938233,1533.5463258785942,1,0,0,0,0,0,0
Dote Fashion Ltd.,Knit,5.0,220.0,124,250000.0,"Shirts ,Pants ,T-Shirts ,Polo Shirts","48, Hasan Lane, Dattapara, Gazipur, Tongi",Gazipur,Tongi,2014,"['Shirts', 'Pants', 'T-Shirts', 'Polo Shirts']",3000000.0,Very Large,11,1.7741935483870968,24193.548387096773,4,0,0,1,0,0,0
Dowas-Land Apparels Ltd.,Knit,5.0,330.0,180,300000.0,"Pants ,Trousers ,T-Shirts ,Polo Shirts","Horiharpara, Panchboti, Narayanganj, Fatullah",Narayanganj,Fatullah,2012,"['Pants', 'Trousers', 'T-Shirts', 'Polo Shirts']",3600000.0,Very Large,13,1.8333333333333333,20000.0,4,0,0,1,0,0,0
Dragon Sweater (BD) Ltd.,Sweater,5.0,3830.0,2830,400000.0,"Sweaters ,Pullovers ,Cardigans","25/2, Dit Road, Malibagh Chowdhury Para, Dhaka, Malibagh",Dhaka,Malibagh,1991,"['Sweaters', 'Pullovers', 'Cardigans']",4800000.0,Very Large,34,1.353356890459364,1696.113074204947,3,0,0,0,0,0,0
Dragon Sweater & Spinning Ltd.,Sweater,5.0,2000.0,1000,200000.0,"Sweaters ,Cardigans ,Pullovers","25/2, Dit Road, Malibagh Chowdhury Para, Dhaka, Malibagh",Dhaka,Malibagh,1999,"['Sweaters', 'Cardigans', 'Pullovers']",2400000.0,Very Large,26,2.0,2400.0,3,0,0,0,0,0,0
Dragoni Fashions Ltd.,Woven,5.0,1128.0,1385,120000.0,"Shirts ,Jackets ,Pants","Kulgaon, Baluchara, Chittagong, Hathazari",Chittagong,Hathazari,1992,"['Shirts', 'Jackets', 'Pants']",1440000.0,Very Large,33,0.8144404332129964,1039.71119133574,3,0,0,1,0,0,0
Dream Bengal Garments Ltd.,Knit,5.0,315.0,255,7200000.0,"Knit Item ,Brassiers","Sector # 5, Plot # 25 & 26, Export Processing Zone, S. Halishahar, Chittagong, Cepz",Chittagong,Cepz,1995,"['Knit Item', 'Brassiers']",86400000.0,Very Large,30,1.2352941176470589,338823.5294117647,2,0,0,0,0,0,0
Dream Dress Ltd.,Woven,5.0,450.0,277,60000.0,"T-Shirts ,Pants ,Knit Items ,Swim Wears","68/X (Iii) Sagarika Road, Fauzdarhat, Chittagong, Pahartoli",Chittagong,Pahartoli,2001,"['T-Shirts', 'Pants', 'Knit Items', 'Swim Wears']",720000.0,Large,24,1.6245487364620939,2599.2779783393503,4,0,0,1,0,0,0
Dream Yard Attires Ltd.,Knit,5.0,350.0,120,2000000.0,"T-Shirts ,Polo Shirts","Chanmary, Narayanganj, Fatullah",Narayanganj,Fatullah,2014,"['T-Shirts', 'Polo Shirts']",24000000.0,Very Large,11,2.9166666666666665,200000.0,2,0,0,0,0,0,0
Dreamwears Limited,Woven,1.0,1550.0,1250,120000.0,"Jackets ,Outwear ,Windbreker","Plot # M-17 (Ground -2Nd Floor), Senpara Parbata, Section # 14, Mirpur, Dhaka, Dhaka",Dhaka,Dhaka,1992,"['Jackets', 'Outwear', 'Windbreker']",1440000.0,Very Large,33,1.24,1152.0,3,0,0,0,0,0,0
Dresden Textiles Ltd.,Unknown,,0.0,0,187000.0,"T-Shirts ,Polo Shirts ,Tank Tops","Kashimpur Bazar, Konabari, Gazipur, Bangladesh., Gazipur, Gazipur",Gazipur,Gazipur,2020,"['T-Shirts', 'Polo Shirts', 'Tank Tops']",2244000.0,Very Large,5,0.0,0.0,3,0,0,0,0,0,0
Dress & Dismatic (Pvt) Ltd.,Woven,5.0,630.0,290,6000.0,"Outerwear ,Trouser ,shirt ,Pant","1101, Dit Road, Malibagh Chowdhury Para, Dhaka, Dhaka",Dhaka,Dhaka,2000,"['Outerwear', 'Trouser', 'shirt', 'Pant']",72000.0,Medium,25,2.1724137931034484,248.27586206896552,4,0,0,0,0,0,0
Dress All Ltd.,Woven,1.0,2.0,300,25000.0,"Shirt ,Pant ,T-Shirt ,Polo Shirt","South Krishnapur, Dhorenda, Birulia Road, Savar, Dhaka, Dhaka",Dhaka,Dhaka,2023,"['Shirt', 'Pant', 'T-Shirt', 'Polo Shirt']",300000.0,Large,2,0.006666666666666667,1000.0,4,1,1,0,0,1,0
Dress Designers Ltd.,Knit,5.0,500.0,425,60000.0,"Swim Tranks ,Cargo Pants ,Trousers","1364/A, Askarabad, D.T. Road, Chittagong, Munsurabad",Chittagong,Munsurabad,1997,"['Swim Tranks', 'Cargo Pants', 'Trousers']",720000.0,Large,28,1.1764705882352942,1694.1176470588234,3,0,0,0,0,0,0
Dress Knig Ltd.,Knit,5.0,185.0,150,10000000.0,"Shirts ,Pants ,T-Shirts ,Polo Shirts","Boktear Complex, South Hazipara, (Aturardepot), Wazedia, Chittagong, Baizid",Chittagong,Baizid,2016,"['Shirts', 'Pants', 'T-Shirts', 'Polo Shirts']",120000000.0,Very Large,9,1.2333333333333334,800000.0,4,0,0,1,0,0,0
Dress Pants Ltd.,Woven,5.0,750.0,400,150000.0,"Shirts ,Pants","Dhorenda, South Krishnopur, Birulia Road, Dhaka, Savar",Dhaka,Savar,2015,"['Shirts', 'Pants']",1800000.0,Very Large,10,1.875,4500.0,2,0,0,1,0,0,0
Dress Shirts Ltd.,Woven,5.0,1400.0,900,240000.0,"Shirts ,Jackets ,Trousers","49 (Np) 4Th Floor, Kalurghat, Chandgaon, Chittagong","49 (Np) 4Th Floor, Kalurghat, Chandgaon",Chittagong,2004,"['Shirts', 'Jackets', 'Trousers']",2880000.0,Very Large,21,1.5555555555555556,3200.0,3,0,0,0,0,0,0
Dress UP Limited,Knit,5.0,1100.0,475,425000.0,"T-Shirts ,Polo Shirts ,Jogging Suits","Nigar Plaza, Epz Road, Zamgora, Dhaka, Savar",Dhaka,Savar,2006,"['T-Shirts', 'Polo Shirts', 'Jogging Suits']",5100000.0,Very Large,19,2.3157894736842106,10736.842105263158,3,0,0,0,0,0,0
Dress World Ltd.,Woven,5.0,1265.0,748,300000.0,"Shirts ,Uniforms ,Payjama Sets ,Trousers","Varari, Rajphulbaria, Tetuljhora, Dhaka, Savar",Dhaka,Savar,1999,"['Shirts', 'Uniforms', 'Payjama Sets', 'Trousers']",3600000.0,Very Large,26,1.6911764705882353,4812.834224598931,4,0,0,0,0,0,0
Dressmen Apparels Ltd.,Woven,5.0,529.0,262,130000.0,"Dress Shirts ,School Girl Shirts ,Boxer Shorts ,Blouses","Pallirant, Savar-Tangail Connecting Road, Shahbajpur, Gazipur, Kaliakoir",Gazipur,Kaliakoir,1999,"['Dress Shirts', 'School Girl Shirts', 'Boxer Shorts', 'Blouses']",1560000.0,Very Large,26,2.019083969465649,5954.198473282443,4,0,0,0,0,0,0
Dressmen Fashion Wear Ltd.,Woven,5.0,450.0,250,140000.0,"Dress Shirts ,GB School Shirts ,Pajama Sets ,Boxer Shorts","Khan Tower (4Th & 5Th Floor), 17, Sataish Main Sarak, Gazipur, Tongi",Gazipur,Tongi,2008,"['Dress Shirts', 'GB School Shirts', 'Pajama Sets', 'Boxer Shorts']",1680000.0,Very Large,17,1.8,6720.0,4,0,0,0,0,0,0
Dressmen Garments Ltd.,Woven,5.0,1173.0,464,170000.0,"Dress Shirts ,GB School Shirts ,Pajama Sets ,Boxer Shorts","Pallirant, Savar-Tangail Connecting Road, Shahbajpur, Gazipur, Kaliakoir",Gazipur,Kaliakoir,2003,"['Dress Shirts', 'GB School Shirts', 'Pajama Sets', 'Boxer Shorts']",2040000.0,Very Large,22,2.5280172413793105,4396.551724137931,4,0,0,0,0,0,0
Dressmen Ltd.,Woven,5.0,769.0,425,150000.0,"Dress Shirts ,School Boys Shirts ,Boxer Shorts ,Pajamas","Pallirant, Savar-Tangial Connecting Road, Shahbajpur, Gazipur, Kaliakoir",Gazipur,Kaliakoir,1984,"['Dress Shirts', 'School Boys Shirts', 'Boxer Shorts', 'Pajamas']",1800000.0,Very Large,41,1.8094117647058823,4235.294117647059,4,0,0,0,0,0,0
DSL Sportwear Ltd.,Woven,5.0,1150.0,473,150000.0,"Sports & Casual Wear ,Trousers ,Skirts ,Pants","Sena Kalyan Comm. Complex (3Rd Floor), Plot # 9, Block-F, Gazipur, Tongi",Gazipur,Tongi,2005,"['Sports  Casual Wear', 'Trousers', 'Skirts', 'Pants']",1800000.0,Very Large,20,2.431289640591966,3805.4968287526426,4,0,0,1,0,0,0
DSL Sweater Ltd.,Sweater,5.0,594.0,650,72000.0,"Sweaters ,Pullovers ,Cardigans","450, Kalmeshwar, National University, Gazipur, Board Bazar",Gazipur,Board Bazar,2005,"['Sweaters', 'Pullovers', 'Cardigans']",864000.0,Large,20,0.9138461538461539,1329.2307692307693,3,0,0,0,0,0,0
Ducati Apparels Ltd.,Woven,1.0,800.0,550,80000.0,Sweaters,"Kathgara, Ashulia, Dhaka, Dhaka",Dhaka,Dhaka,2003,['Sweaters'],960000.0,Large,22,1.4545454545454546,1745.4545454545455,1,0,0,0,0,0,0
Duke Garments Limited,Unknown,,0.0,0,40000.0,"Jackets ,Pants ,Trousers ,Shorts","146-148, Anupom Super Market, Out Para, Joydevpur Chowrasta, Gazipur","146-148, Anupom Super Market, Out Para, Joydevpur Chowrasta",Gazipur,1985,"['Jackets', 'Pants', 'Trousers', 'Shorts']",480000.0,Large,40,0.0,0.0,4,0,0,1,0,0,0
Dulal Brothers Ltd.,Knit,5.0,11.0,106,150000.0,"T-Shirts ,Polo Shirts ,Trousers","Sardaganj, Kashimpur, Gazipur, Dhaka, Dhaka",Dhaka,Dhaka,1992,"['T-Shirts', 'Polo Shirts', 'Trousers']",1800000.0,Very Large,33,0.10377358490566038,16981.132075471698,3,0,0,0,0,0,0
Duranto Knit Composite Ltd.,Knit,5.0,150.0,171,4500000.0,"T-Shirts ,Polo Shirts","A/64 (Part), 65 & 66, Bscic I/E, Gazipur, Konabari",Gazipur,Konabari,2012,"['T-Shirts', 'Polo Shirts']",54000000.0,Very Large,13,0.8771929824561403,315789.4736842105,2,0,0,0,0,0,0
Dwell Fashions Ltd.,Woven,5.0,550.0,286,80000.0,"Shirts ,Denim Pants ,Trousers ,Fleece Jackets","94, Mohakhali C/A, (4Th, 5Th & 6Th Floor), Dhaka, Gulshan",Dhaka,Gulshan,1993,"['Shirts', 'Denim Pants', 'Trousers', 'Fleece Jackets']",960000.0,Large,32,1.9230769230769231,3356.6433566433566,4,0,0,0,0,0,0
Dynamic 5 Knit Wear Ltd.,Woven,1.0,5.0,175,2800000.0,"Shirt ,Pant ,T-Shirt ,Polo Shirt","River City 18/G/A Shah Ahmed Bridge Link Road, Bakalia, Chittagong, Chittagong",Chittagong,Chittagong,2023,"['Shirt', 'Pant', 'T-Shirt', 'Polo Shirt']",33600000.0,Very Large,2,0.02857142857142857,192000.0,4,1,1,0,0,1,0
Dynamic Export Zone Ltd.,Woven,1.0,2.0,52,6000.0,"Sweater ,Shirt ,T-Shirt ,Trouser","110/3, Adaboi, Payarabagan, Joydevpur, Gazipur, Gazipur",Gazipur,Gazipur,2021,"['Sweater', 'Shirt', 'T-Shirt', 'Trouser']",72000.0,Medium,4,0.038461538461538464,1384.6153846153845,4,1,1,0,0,0,1
Dynamic Fashions Ltd.,Woven,5.0,200.0,100,60000.0,"Shirts ,Blouses ,Trousers ,Pajama Sets","1/1, Ring Road, Dhaka, Shamoli",Dhaka,Shamoli,1996,"['Shirts', 'Blouses', 'Trousers', 'Pajama Sets']",720000.0,Large,29,2.0,7200.0,4,0,0,0,0,0,0
Dynamic Sweater Inds. Ltd.,Sweater,5.0,1500.0,546,400000.0,"Ladies ,Men's ,Kids","10, Ganda, Dhaka, Dhaka",Dhaka,Dhaka,2002,"['Ladies', 'Mens', 'Kids']",4800000.0,Very Large,23,2.7472527472527473,8791.208791208792,3,0,0,0,0,0,0
Dynasty Knit Fashions Ltd.,Sweater,5.0,762.0,220,31680.0,"Sweaters ,Pullovers ,Cardigans","Aukpara, Ashulia, Dhaka, Savar",Dhaka,Savar,1995,"['Sweaters', 'Pullovers', 'Cardigans']",380160.0,Large,30,3.463636363636364,1728.0,3,0,0,0,0,0,0
Dynasty Sweater (BD) Ltd.,Sweater,5.0,2269.0,2011,289584.0,"Sweaters ,Pullovers ,Cardigans","Aukpara, Ashulia, Dhaka, Savar",Dhaka,Savar,2004,"['Sweaters', 'Pullovers', 'Cardigans']",3475008.0,Very Large,21,1.1282943809050223,1728.0,3,0,0,0,0,0,0
E-M.N.S. Fashions Ltd.,Woven,1.0,3.0,500,1250000.0,"Shirt ,Pant ,Jacket ,T-Shirt","1/1187, South Salna, Ward # 19, Gazipur City Corporation, Gazipur, Gazipur",Gazipur,Gazipur,2022,"['Shirt', 'Pant', 'Jacket', 'T-Shirt']",15000000.0,Very Large,3,0.006,30000.0,4,1,1,0,1,0,0
E.H. Fabrics Ltd.,Woven,5.0,1600.0,615,220000.0,"Shirts ,Trousers ,Blouses","221-225, Sataish Road, Khortoli, Gazipur, Gazipura",Gazipur,Gazipura,2007,"['Shirts', 'Trousers', 'Blouses']",2640000.0,Very Large,18,2.6016260162601625,4292.682926829269,3,0,0,0,0,0,0
Earl Fashion Ltd.,Sweater,5.0,500.0,350,75000.0,"Pullovers ,Jursey","Ojhar Para, National University, Gazipur, National University",Gazipur,National University,2010,"['Pullovers', 'Jursey']",900000.0,Large,15,1.4285714285714286,2571.4285714285716,2,0,0,0,0,0,0
Earthee Wear Ltd.,Knit,5.0,450.0,250,130000.0,"T-Shirts ,Polo Shirts ,Trousers ,Sweat Shirts","House # 1, Road # 9, Block - A, Section # 12, Dhaka, Mirpur",Dhaka,Mirpur,2006,"['T-Shirts', 'Polo Shirts', 'Trousers', 'Sweat Shirts']",1560000.0,Very Large,19,1.8,6240.0,4,0,0,0,0,0,0
East West Dress Pant Ltd.,Woven,5.0,474.0,279,35100.0,"Jackets ,Shorts","Chaydana, Gazipur, K.B. Bazar",Gazipur,K.B. Bazar,1994,"['Jackets', 'Shorts']",421200.0,Large,31,1.6989247311827957,1509.6774193548388,2,0,0,0,0,0,0
East West Fashion Garments Ltd.,Woven,5.0,483.0,304,35100.0,"Shorts ,Trousers ,Skirts","Chaydana, Gazipur, Gazipur",Gazipur,Gazipur,1985,"['Shorts', 'Trousers', 'Skirts']",421200.0,Large,40,1.5888157894736843,1385.5263157894738,3,0,0,0,0,0,0
East West Services Ltd.,Woven,5.0,950.0,500,120000.0,"Shirts ,Pants ,Shorts ,Skirts","232-234, Tejgaon I/A, Dhaka, Tejgaon",Dhaka,Tejgaon,1992,"['Shirts', 'Pants', 'Shorts', 'Skirts']",1440000.0,Very Large,33,1.9,2880.0,4,0,0,1,0,0,0
Eastbourne Garments Ltd.,Woven,1.0,0.0,155,0.0,Unknown,"Molla Market, Idris Road, Zirabo, Ashulia, Dhaka, Dhaka, Dhaka",Dhaka,Dhaka,2021,[],0.0,,4,0.0,0.0,0,0,0,0,0,0,0
Eastern Apparels Ltd.,Knit,5.0,450.0,200,564000.0,"Babys Wears ,T-Shirts ,Long Pants","Noor Arcade (5Th Floor), 9/A, Jubulee Road, Chittagong","Noor Arcade (5Th Floor), 9/A, Jubulee Road",Chittagong,1991,"['Babys Wears', 'T-Shirts', 'Long Pants']",6768000.0,Very Large,34,2.25,33840.0,3,0,0,0,0,0,0
Eastern Dresses Ltd.,Knit,5.0,480.0,298,564000.0,"Babys Wears ,T-Shirts ,Long Pants","Auto Complex, 221, Dewanhat, Chittagong","Auto Complex, 221, Dewanhat",Chittagong,1995,"['Babys Wears', 'T-Shirts', 'Long Pants']",6768000.0,Very Large,30,1.610738255033557,22711.409395973154,3,0,0,0,0,0,0
Eastern Garments Ltd.,Woven,5.0,0.0,0,0.0,Unknown,"M-16,Senpara Parbata Section 14, Dhaka, Mirpur",Dhaka,Mirpur,1992,[],0.0,,33,0.0,0.0,0,0,0,0,0,0,0
Eastern Knit Wear Ltd.,Woven,5.0,10000.0,500,255000.0,"Long Pants ,Short Pants ,Trousers","1670/2091, West Sholoshahar, Aturar Depot, Chittagong","1670/2091, West Sholoshahar, Aturar Depot",Chittagong,2000,"['Long Pants', 'Short Pants', 'Trousers']",3060000.0,Very Large,25,20.0,6120.0,3,0,0,0,0,0,0
Eatern Garments,Knit,5.0,120.0,120,150000.0,"Shirts ,T-Shirts ,Polo Shirts","287, Alirmore, North Badda, Dhaka, North Badda",Dhaka,North Badda,2011,"['Shirts', 'T-Shirts', 'Polo Shirts']",1800000.0,Very Large,14,1.0,15000.0,3,0,0,0,0,0,0
Echoknits Ltd.,Sweater,5.0,1000.0,826,90000.0,"Sweaters ,Pullovers ,Cardigans","A-99/1, Uttorboktarpur, Gazipur, B. Baria",Gazipur,B. Baria,1993,"['Sweaters', 'Pullovers', 'Cardigans']",1080000.0,Very Large,32,1.2106537530266344,1307.506053268765,3,0,0,0,0,0,0
Echotex Ltd.,Knit,5.0,4332.0,2420,2000000.0,"Knit Tops ,Knit Bottoms","Chandra (Palli Buddut), Mouckak, Gazipur, B. Baria",Gazipur,B. Baria,2008,"['Knit Tops', 'Knit Bottoms']",24000000.0,Very Large,17,1.790082644628099,9917.355371900827,2,0,0,0,0,0,0
Eco Couture Ltd.,Knit,5.0,3327.0,952,580000.0,"T-Shirts ,Plo Shirts","447-450, N-105, Dhaka Bi-Pass Road, Mogorkhal, P.O. National University, Gazipur, Joydebpur",Gazipur,Joydebpur,2013,"['T-Shirts', 'Plo Shirts']",6960000.0,Very Large,12,3.494747899159664,7310.924369747899,2,0,0,0,0,0,0
Eco Intimates Ltd.,Woven,1.0,200.0,592,125000.0,"Shirt ,Pant ,T-Shirt ,Polo Shirt","Baniarchala, Bhabanipur, Gazipur Sadar, Gazipur, Gazipur",Gazipur,Gazipur,2022,"['Shirt', 'Pant', 'T-Shirt', 'Polo Shirt']",1500000.0,Very Large,3,0.33783783783783783,2533.7837837837837,4,1,1,0,0,1,0
Ecofab Ltd.,Woven,5.0,3327.0,1956,550000.0,Shirts,"148-149, N-105, Dhaka Bi-Pass Road, Jogitala,, Brri,Gazipur Sadar, Gazipur, Gazipur Sadar",Gazipur,Gazipur Sadar,2013,['Shirts'],6600000.0,Very Large,12,1.700920245398773,3374.2331288343557,1,0,0,0,0,0,0
Ecomax Limited,Sweater,5.0,280.0,130,25000.0,Sweaters,"Zakaria Mansion, South Kalmeshwar, National University, Gazipur, Board Bazar",Gazipur,Board Bazar,2012,['Sweaters'],300000.0,Large,13,2.1538461538461537,2307.6923076923076,1,0,0,0,0,0,0
ECTA Dhaka Ltd.,Woven,5.0,1927.0,950,2808000.0,"Caps ,Hats","Subondi (Natun Nagor), Ashulia, Dhaka, Savar",Dhaka,Savar,2012,"['Caps', 'Hats']",33696000.0,Very Large,13,2.028421052631579,35469.47368421053,2,0,0,0,0,0,0
Eden Apparels Ltd.,Woven,5.0,600.0,300,60000.0,"Shirts ,Shorts ,Trousers ,Pants","Plot # Ka - 58, Joar Shahara Bazar, Dhaka, Catonment",Dhaka,Catonment,1994,"['Shirts', 'Shorts', 'Trousers', 'Pants']",720000.0,Large,31,2.0,2400.0,4,0,0,1,0,0,0
Eden Fashions Ltd.,Woven,5.0,270.0,226,70000.0,"Jackets ,Swim Trunks ,Trousers ,Denim Items","1142, Askarabad, Mistri Para, Sk. Mujib Road, Chittagong, Chittagong",Chittagong,Chittagong,1998,"['Jackets', 'Swim Trunks', 'Trousers', 'Denim Items']",840000.0,Large,27,1.1946902654867257,3716.8141592920356,4,0,0,0,0,0,0
EFA Apparels Ltd.,Woven,5.0,350.0,170,50000.0,"Trousers ,Pants ,Cappri ,Shorts","Jahan Building No. 4 (5Th Floor), 76, Agrabad C/A, Chittagong","Jahan Building No. 4 (5Th Floor), 76, Agrabad C/A",Chittagong,1993,"['Trousers', 'Pants', 'Cappri', 'Shorts']",600000.0,Large,32,2.0588235294117645,3529.4117647058824,4,0,0,1,0,0,0
EFE Textile Ltd.,Knit,5.0,332.0,300,58450.0,"Shirts ,Pants ,T-Shirts","Tonga Bari, Ashulia, Dhaka, Savar",Dhaka,Savar,2009,"['Shirts', 'Pants', 'T-Shirts']",701400.0,Large,16,1.1066666666666667,2338.0,3,0,0,1,0,0,0
Efte Knit Composite,Woven,1.0,3.0,242,250000.0,"Shirt ,Pant ,T-Shirt ,Trouser","171, Kuturia, Ashulia, Savar, Dhaka, Dhaka",Dhaka,Dhaka,2023,"['Shirt', 'Pant', 'T-Shirt', 'Trouser']",3000000.0,Very Large,2,0.012396694214876033,12396.694214876034,4,1,1,0,0,0,0
EGT Textiles Ltd.,Unknown,,0.0,0,30910.0,"Mattress ,Cover Bed Linen ,Window Cover ,Ticking Fabric","Gilarchalar, Mouza & Keowa, Sreepur, Gazipur","Gilarchalar, Mouza & Keowa, Sreepur",Gazipur,2017,"['Mattress', 'Cover Bed Linen', 'Window Cover', 'Ticking Fabric']",370920.0,Large,8,0.0,0.0,4,0,0,0,0,0,0
Ehsan Fashions Ltd.,Sweater,5.0,600.0,740,72000.0,"Sweaters ,Cardigans ,Jumpers ,Pullovers","B-40, Bscic Inds Estate, Gazipur, Tongi",Gazipur,Tongi,2002,"['Sweaters', 'Cardigans', 'Jumpers', 'Pullovers']",864000.0,Large,23,0.8108108108108109,1167.5675675675675,4,0,0,0,0,0,0
Ehsan Garments Ltd.,Unknown,,0.0,0,80000.0,"Shirts ,Trousers ,Blouses","Kunia, K.B. Bazar, Gazipur, Gazipur",Gazipur,Gazipur,1985,"['Shirts', 'Trousers', 'Blouses']",960000.0,Large,40,0.0,0.0,3,0,0,0,0,0,0
Eian Apparels Ltd.,Woven,5.0,300.0,120,49400.0,"Shirts ,Pants ,Jackets ,Shorts","Jaks Shopping Complex, 316, Sk. Mujub Road, Chittagong","Jaks Shopping Complex, 316, Sk. Mujub Road",Chittagong,1999,"['Shirts', 'Pants', 'Jackets', 'Shorts']",592800.0,Large,26,2.5,4940.0,4,0,0,1,0,0,0
Ekram Sweaters Ltd.,Sweater,5.0,2500.0,3200,300000.0,"Cardigans ,Pullovers ,Dress ,Skirts","Kathali, Mymensingh, Valuka",Mymensingh,Valuka,2003,"['Cardigans', 'Pullovers', 'Dress', 'Skirts']",3600000.0,Very Large,22,0.78125,1125.0,4,0,0,0,0,0,0
Elahi Garments Ltd.,Woven,5.0,250.0,166,48000.0,"Shirts ,Pants","40, Agrabad C/A, Chittagong, Agrabad",Chittagong,Agrabad,1992,"['Shirts', 'Pants']",576000.0,Large,33,1.5060240963855422,3469.879518072289,2,0,0,1,0,0,0
Elaine Apparels Ltd.,Knit,5.0,290.0,90,150000.0,"Fleece Jackets ,Polo Shirts ,Ladies Items","Charabagh, Amtala, Ashulia, Dhaka, B. Baria",Dhaka,B. Baria,1994,"['Fleece Jackets', 'Polo Shirts', 'Ladies Items']",1800000.0,Very Large,31,3.2222222222222223,20000.0,3,0,0,0,0,0,0
Elate Fashion Ltd.,Woven,5.0,350.0,254,46800.0,"Jogging Sets ,Jackets ,Pants","A934/6-7, Khilgaon, Dhaka, Khilgaon",Dhaka,Khilgaon,1997,"['Jogging Sets', 'Jackets', 'Pants']",561600.0,Large,28,1.3779527559055118,2211.0236220472443,3,0,0,1,0,0,0
Elegance Orientale Ltd.,Sweater,5.0,500.0,650,1500000.0,Sweaters,"Jangaliapara, Vawal, Gazipur, Gazipur",Gazipur,Gazipur,1993,['Sweaters'],18000000.0,Very Large,32,0.7692307692307693,27692.30769230769,1,0,0,0,0,0,0
Elham Fashion Ltd.,Knit,5.0,394.0,160,700000.0,",Polo Shirts","466, Uttar Khailkoir, Bat Tala, Bord Bazar, Gazipur, B. Baria",Gazipur,B. Baria,2016,"['', 'Polo Shirts']",8400000.0,Very Large,9,2.4625,52500.0,2,0,0,0,0,0,0
Elham International Ltd.,Knit,1.0,4.0,210,1000000.0,"T-Shirt ,Polo Shirt","Plot # 69, Road # 3, Nayanichala, Taltola, Turag, Dhaka, Dhaka",Dhaka,Dhaka,2023,"['T-Shirt', 'Polo Shirt']",12000000.0,Very Large,2,0.01904761904761905,57142.857142857145,2,1,0,0,0,1,0
Elite Garments Inds. Ltd.,Woven,5.0,2950.0,1800,0.0,"Shirts ,Ladies Tops ,Boys Shirts ,Light Outwear","Bade Kalmeswar, Board Bazar, Gazipur, Gazipur, Gazipur",Gazipur,Gazipur,1981,"['Shirts', 'Ladies Tops', 'Boys Shirts', 'Light Outwear']",0.0,,44,1.6388888888888888,0.0,4,0,0,0,0,0,0
Emaz Fashion Wear Ltd.,Knit,5.0,357.0,259,478400.0,"t-Shirts ,Polo Shirts","Holding # 119, Ward # 03, Block # D, Ashulia Main Road, Dhaka, Turag",Dhaka,Turag,2014,"['t-Shirts', 'Polo Shirts']",5740800.0,Very Large,11,1.3783783783783783,22165.250965250965,2,0,0,0,0,0,0
Emerald Dresses Ltd.,Knit,5.0,800.0,100,35000.0,"T-Shirts ,Polo Shirts","Haji Adam Ali Complex, Deger Chala, Gazipur, National University",Gazipur,National University,2013,"['T-Shirts', 'Polo Shirts']",420000.0,Large,12,8.0,4200.0,2,0,0,0,0,0,0
Emerging Apparels & Fashions Limited,Woven,1.0,2.0,137,125000.0,"Shirt ,Pant ,T-Shirt ,Polo Shirt","812, Mojid Tower(2Nd Floor), Depz Road, Uttar Gazirchat, Baipail, Ashulia, Savar, Dhaka, Dhaka",Dhaka,Dhaka,2023,"['Shirt', 'Pant', 'T-Shirt', 'Polo Shirt']",1500000.0,Very Large,2,0.014598540145985401,10948.905109489051,4,1,1,0,0,1,0
EMP Dhaka Co. Ltd.,Knit,5.0,280.0,200,80000.0,"T-Shirts ,Polo Shirts","Islampur, Kaddabazar, Word-14, Gazipur, Gazipur Sadar",Gazipur,Gazipur Sadar,2014,"['T-Shirts', 'Polo Shirts']",960000.0,Large,11,1.4,4800.0,2,0,0,0,0,0,0
Empiric Attires Ltd.,Knit,5.0,248.0,107,250000.0,"T-Shirts ,Polo Shirts","Plot # B-404-405, Bscic Hosiery I/E,, Shashongaon, Narayanganj, Fatullah",Narayanganj,Fatullah,2014,"['T-Shirts', 'Polo Shirts']",3000000.0,Very Large,11,2.317757009345794,28037.383177570093,2,0,0,0,0,0,0
Enayet Garments Ltd.,Woven,5.0,100.0,50,120000.0,"T-Shirts/Polo Shirts ,Tank Top","Road # 19, House # 2, Section # 10, Block # C, Dhaka, Mirpur",Dhaka,Mirpur,1992,"['T-ShirtsPolo Shirts', 'Tank Top']",1440000.0,Very Large,33,2.0,28800.0,2,0,0,0,0,0,0
Endeavour Clothing Ltd.,Knit,1.0,3.0,380,500000.0,"T-Shirt ,Polo Shirt","94, Degerchala, National University, Gazipur, Gazipur",Gazipur,Gazipur,2022,"['T-Shirt', 'Polo Shirt']",6000000.0,Very Large,3,0.007894736842105263,15789.473684210527,2,1,0,0,0,1,0
Endora Sweater Ltd.,Sweater,5.0,650.0,300,75000.0,"Sweaters ,Pullovers ,Cardigans","Sundorbon Complex, Chamurkhan, Dhaka, Uttara",Dhaka,Uttara,2002,"['Sweaters', 'Pullovers', 'Cardigans']",900000.0,Large,23,2.1666666666666665,3000.0,3,0,0,0,0,0,0
Energypac Fashions Ltd.,Woven,5.0,1005.0,600,118000.0,"Shirts ,Pants","Hotapara, Bokran Monipur, Gazipur, Bhabanipur",Gazipur,Bhabanipur,2007,"['Shirts', 'Pants']",1416000.0,Very Large,18,1.675,2360.0,2,0,0,1,0,0,0
Enigma Tech Ltd.,Knit,5.0,75.0,55,2400000.0,Socks,"Plot # 109, Adamjee Epz, Narayanganj, Siddirgonj",Narayanganj,Siddirgonj,2012,['Socks'],28800000.0,Very Large,13,1.3636363636363635,523636.36363636365,1,0,0,0,0,0,0
ENM Apparels,Knit,1.0,1.0,200,150000000.0,"T-Shirt ,Polo Shirt","Post Office Road, Rail Line, Bottola, Fatullah, Narayanganj, Narayangonj",Narayanganj,Narayangonj,2023,"['T-Shirt', 'Polo Shirt']",1800000000.0,Very Large,2,0.005,9000000.0,2,1,0,0,0,1,0
Enoka Apparels Ltd.,Knit,5.0,115.0,149,300000.0,"Shirts ,T-Shirts ,Polo Shirts","House # 41/18, Road # 4,, Ghaterchor, Shantinagar, Dhaka, Keraniganj",Dhaka,Keraniganj,2014,"['Shirts', 'T-Shirts', 'Polo Shirts']",3600000.0,Very Large,11,0.7718120805369127,24161.073825503358,3,0,0,0,0,0,0
Enrich Ltd.,Sweater,5.0,750.0,498,144000.0,"Sweaters ,Pullover ,Cardigan ,Jumper","East Kolmesore, National University, Gazipur, Gazipur",Gazipur,Gazipur,2009,"['Sweaters', 'Pullover', 'Cardigan', 'Jumper']",1728000.0,Very Large,16,1.5060240963855422,3469.879518072289,4,0,0,0,0,0,0
Entrust Fashions Ltd.,Woven,1.0,1124.0,618,33333.0,"Long Pant ,Short ,Jacket ,Shirt","46/1, Nayanagar Main Road, Chairmanbari Mor, Nayanagar, Turag, Dhaka, Dhaka",Dhaka,Dhaka,2016,"['Long Pant', 'Short', 'Jacket', 'Shirt']",399996.0,Large,9,1.8187702265372168,647.242718446602,4,0,1,0,1,0,0
Envoy Design Ltd.,Woven,5.0,1150.0,470,200000.0,"Shirts ,Jackets ,Pants","Zamgora, Yearpur, Dhaka, Savar",Dhaka,Savar,2005,"['Shirts', 'Jackets', 'Pants']",2400000.0,Very Large,20,2.4468085106382977,5106.382978723404,3,0,0,1,0,0,0
Envoy Fashions Ltd.,Woven,5.0,2200.0,940,420000.0,"Shirts ,Jackets ,Cargo Pants","Zamgora, Yearpur, Dhaka, Dhaka",Dhaka,Dhaka,2005,"['Shirts', 'Jackets', 'Cargo Pants']",5040000.0,Very Large,20,2.3404255319148937,5361.702127659574,3,0,0,0,0,0,0
Envoy Garments Ltd.,Woven,5.0,295.0,195,83330.0,"Shirts ,Blouses","380/13/1, East Rampura, Dhaka, East Rampura",Dhaka,East Rampura,1985,"['Shirts', 'Blouses']",999960.0,Large,40,1.5128205128205128,5128.0,2,0,0,0,0,0,0
Eon Attires Ltd.,Knit,5.0,600.0,168,500000.0,"T-Shirts ,Polo Shirts ,Tank Tops","228/7, Dighirchala, Chandona Chowrasta, Gazipur, Joydevpur",Gazipur,Joydevpur,2009,"['T-Shirts', 'Polo Shirts', 'Tank Tops']",6000000.0,Very Large,16,3.5714285714285716,35714.28571428572,3,0,0,0,0,0,0
Epcot Apparels Ltd.,Woven,5.0,750.0,332,144000.0,"Jackets ,Overalls ,Pants ,Skirts","Chandona, Gazipur, Joydevpur",Gazipur,Joydevpur,2003,"['Jackets', 'Overalls', 'Pants', 'Skirts']",1728000.0,Very Large,22,2.2590361445783134,5204.819277108434,4,0,0,1,0,0,0
Epcot International Ltd.,Woven,5.0,547.0,282,120000.0,"Shirts ,Overalls ,Pants ,Skirts","Mokka Tower (1St-2Nd Floor), Plot # 110-72,Holding # 61/A, Mastarpara, Dhaka, Uttara",Dhaka,Uttara,1993,"['Shirts', 'Overalls', 'Pants', 'Skirts']",1440000.0,Very Large,32,1.9397163120567376,5106.382978723404,4,0,0,1,0,0,0
Epcot Jeans Ltd.,Woven,5.0,450.0,332,144000.0,"Shirts ,Jackets ,Pants ,Overalls","Epcot Building (1St Floor), Chandana, Gazipur, Joydevpur",Gazipur,Joydevpur,2006,"['Shirts', 'Jackets', 'Pants', 'Overalls']",1728000.0,Very Large,19,1.355421686746988,5204.819277108434,4,0,0,1,0,0,0
Epic Garments Mafg. Co. Ltd.(U-2),Woven,5.0,480.0,281,93600.0,"Shirts ,Ladies Shirts","Sfb # 8,, Depz (Extension Area), Gonak Bari, Dhaka, Savar",Dhaka,Savar,2008,"['Shirts', 'Ladies Shirts']",1123200.0,Very Large,17,1.708185053380783,3997.153024911032,2,0,0,0,0,0,0
Epic Garments Manf. Co. Ltd.,Woven,5.0,2370.0,1423,500000.0,"Bottom Pants ,Denim Jeans ,Bottom Shorts ,Bermuda","Plot # 11-17, 32-34, Adamjee Epz, Narayanganj, Adamjee Nagar",Narayanganj,Adamjee Nagar,2008,"['Bottom Pants', 'Denim Jeans', 'Bottom Shorts', 'Bermuda']",6000000.0,Very Large,17,1.6654954321855235,4216.44413211525,4,0,0,0,0,0,0
Epoch Garments Ltd.,Woven,5.0,375.0,193,60000.0,"Shirts ,Jackets ,Jogging Suits","54, Shantinagar, Dhaka, Shantinagar",Dhaka,Shantinagar,1991,"['Shirts', 'Jackets', 'Jogging Suits']",720000.0,Large,34,1.9430051813471503,3730.5699481865286,3,0,0,0,0,0,0
Epyllion Knitwears Ltd.,Knit,5.0,900.0,239,3120000.0,"T-Shirts ,Polo Shirts ,Tank Tops","Plot # I/8 & I/10, Road # 6, Section # 7, Dhaka, Mirpur",Dhaka,Mirpur,2003,"['T-Shirts', 'Polo Shirts', 'Tank Tops']",37440000.0,Very Large,22,3.7656903765690375,156652.71966527196,3,0,0,0,0,0,0
Epyllion Style Ltd.,Knit,5.0,1782.0,659,1000000.0,"T-Shirts ,Polo Shirts ,Kids Items","Bahadurpur, P.O.-Bhawal, Mirzapur, Gazipur Sadar, Gazipur, Mirzapur",Gazipur,Mirzapur,2007,"['T-Shirts', 'Polo Shirts', 'Kids Items']",12000000.0,Very Large,18,2.7040971168437027,18209.40819423369,3,0,0,0,0,0,0
Escorp Apparels Ltd.,Woven,5.0,6115.0,1575,832000.0,"Mens Top & Bottoms ,Ladies Top & Bottoms ,KIds Top & Bottoms","Sarabo, Gazipur, Gazipur",Gazipur,Gazipur,1984,"['Mens Top  Bottoms', 'Ladies Top  Bottoms', 'KIds Top  Bottoms']",9984000.0,Very Large,41,3.8825396825396825,6339.047619047619,3,0,0,0,0,0,0
ESE Knitwear Ltd.,Sweater,5.0,1500.0,1200,150000.0,"Sweaters ,Cardigans ,Pullovers","Plot # 1147, Khejur Bagan, Baro Ashula, Dhaka, B. Baria",Dhaka,B. Baria,2004,"['Sweaters', 'Cardigans', 'Pullovers']",1800000.0,Very Large,21,1.25,1500.0,3,0,0,0,0,0,0
Esex Limited,Woven,5.0,260.0,141,270000.0,Hats & Caps,"384, East Rampura, Dhaka, Rampura",Dhaka,Rampura,1998,['Hats  Caps'],3240000.0,Very Large,27,1.8439716312056738,22978.72340425532,1,0,0,0,0,0,0
ESKE Clothing Ltd.,Woven,5.0,2465.0,77,425000.0,"Shirts ,Pants","Berun, Jamgora, Ashulia, Dhaka, Savar",Dhaka,Savar,2016,"['Shirts', 'Pants']",5100000.0,Very Large,9,32.01298701298701,66233.76623376623,2,0,0,1,0,0,0
Eslite Garments (Bangladesh) Co. Ltd.,Woven,1.0,0.0,3256,500000.0,Unknown,"Jamirdia, Habirbari, Valuka, Mymensingh, Mymensingh, Mymensingh",Mymensingh,Mymensingh,2021,[],6000000.0,Very Large,4,0.0,1842.7518427518428,0,0,0,0,0,0,0
Esprit Apparels Ltd.,Woven,5.0,950.0,565,1920000.0,"Trousers ,Work Wears ,Jogging Suits ,Shorts","Luna Complex (1St, 2Nd & 3Rd Floor), Joy Bangla Road, Khailkur, Gazipur, National University",Gazipur,National University,2006,"['Trousers', 'Work Wears', 'Jogging Suits', 'Shorts']",23040000.0,Very Large,19,1.6814159292035398,40778.761061946905,4,0,0,0,0,0,0
Esquire Knit Composite Ltd.,Knit,5.0,0.0,0,0.0,Knit Garments,"Kanchpur, Narayanganj, Sonargaon",Narayanganj,Sonargaon,2001,['Knit Garments'],0.0,,24,0.0,0.0,1,0,0,0,0,0,0
Esquire Sweaters Ltd.,Sweater,5.0,825.0,400,75000.0,"Sweaters ,Pullovers ,Cardigans","Hossain Ahmed Road, Narayanganj, Fatullah",Narayanganj,Fatullah,1999,"['Sweaters', 'Pullovers', 'Cardigans']",900000.0,Large,26,2.0625,2250.0,3,0,0,0,0,0,0
Essential Apparel Ltd.,Woven,1.0,260.0,107,1060000.0,"T-Shirt ,Polo Shirt ,Trouser ,Shirt","120/5, Karnapara, Savar, Dhaka, Dhaka",Dhaka,Dhaka,2022,"['T-Shirt', 'Polo Shirt', 'Trouser', 'Shirt']",12720000.0,Very Large,3,2.4299065420560746,118878.5046728972,4,1,1,0,0,1,0
Essential Clothing Ltd.,Knit,1.0,897.0,489,60000.0,"T-Shirt ,Legging ,Ladies Dress","Akulichala, Sakashor, Maddha Para, Gazipur, Gazipur",Gazipur,Gazipur,2021,"['T-Shirt', 'Legging', 'Ladies Dress']",720000.0,Large,4,1.834355828220859,1472.3926380368098,3,1,0,0,0,0,0
Esses Fashions Ltd.,Knit,5.0,1398.0,515,525000.0,"Ladies Top/Bottom ,Ladies Top & Bottoms ,KIds Top & Bottoms","Beximco Inds. Park, Sarabo, Gazipur, Gazipur",Gazipur,Gazipur,2005,"['Ladies TopBottom', 'Ladies Top  Bottoms', 'KIds Top  Bottoms']",6300000.0,Very Large,20,2.7145631067961165,12233.009708737864,3,0,0,0,0,0,0
Ethical Garments Ltd.,Woven,5.0,600.0,210,90000.0,"Polar Jackets ,Fleece Jackets ,CVC Cotton Jackets","East Norshinghpur, Ashulia, Savar, Dhaka, Dhaka, Dhaka",Dhaka,Dhaka,1998,"['Polar Jackets', 'Fleece Jackets', 'CVC Cotton Jackets']",1080000.0,Very Large,27,2.857142857142857,5142.857142857143,3,0,0,0,0,0,0
Eton Fashions Ltd.,Woven,5.0,450.0,215,66000.0,"Shirts ,Blouses ,Trousers","64/A, Purana Paltan Lane, Dhaka, Paltan",Dhaka,Paltan,1999,"['Shirts', 'Blouses', 'Trousers']",792000.0,Large,26,2.0930232558139537,3683.720930232558,3,0,0,0,0,0,0
Ettadee Jeans Ltd.,Woven,5.0,1720.0,930,360000.0,"Pants ,Trousers ,Bermuda ,Shorts","1670/2091, West Sholashahar, Building # 3, Chittagong, Baizid",Chittagong,Baizid,2007,"['Pants', 'Trousers', 'Bermuda', 'Shorts']",4320000.0,Very Large,18,1.8494623655913978,4645.1612903225805,4,0,0,1,0,0,0
Euro Apparels Ltd.,Woven,5.0,320.0,214,42000.0,"Jackets ,Ladies Items ,Jogging Suits ,Trousers","923, K.B. Dovash Lane, Chittagong, Goshaildanga",Chittagong,Goshaildanga,1993,"['Jackets', 'Ladies Items', 'Jogging Suits', 'Trousers']",504000.0,Large,32,1.4953271028037383,2355.1401869158876,4,0,0,0,0,0,0
Euro Arte Apparels Ltd.,Woven,5.0,600.0,319,124800.0,"Shirts ,Pants ,Jacket","Plot # 346, Kabirpur, Ashulia, Dhaka, Savar",Dhaka,Savar,2013,"['Shirts', 'Pants', 'Jacket']",1497600.0,Very Large,12,1.8808777429467085,4694.670846394984,3,0,0,1,1,0,0
Euro Jeans Ltd.,Woven,5.0,600.0,240,104000.0,"Shirts ,Jackets ,Pants","Chowdhury Bari, Gazipur, Vogra",Gazipur,Vogra,2007,"['Shirts', 'Jackets', 'Pants']",1248000.0,Very Large,18,2.5,5200.0,3,0,0,1,0,0,0
Euro Knit Wear Ltd.,Knit,5.0,596.0,254,550000.0,"Shirts ,Pants ,T-Shirts ,Polo Shirts","Chowdhury Bari, Gazipur, Vogra",Gazipur,Vogra,2016,"['Shirts', 'Pants', 'T-Shirts', 'Polo Shirts']",6600000.0,Very Large,9,2.3464566929133857,25984.251968503937,4,0,0,1,0,0,0
Euro-Mart Apparels Ltd.,Knit,5.0,110.0,65,72000.0,"Fleece Jackets ,T-Shirts ,Polo Shirts","House # 1 (4Th & 5Th Floor), Road # 1, Block- B, Section # 12, Dhaka, Mirpur",Dhaka,Mirpur,1998,"['Fleece Jackets', 'T-Shirts', 'Polo Shirts']",864000.0,Large,27,1.6923076923076923,13292.307692307691,3,0,0,0,0,0,0
Euroasia felt Industries Ltd.,Woven,5.0,180.0,40,8000.0,"Shirts ,Pants","Gobindabari, Sardagonj, Gazipur, Kashimpur",Gazipur,Kashimpur,2016,"['Shirts', 'Pants']",96000.0,Medium,9,4.5,2400.0,2,0,0,1,0,0,0
European Pantalon Fashion Ltd.,Woven,5.0,250.0,52,26000.0,"Shirts ,Pants","Chaydana, K.B. Bazar, National University, Gazipur, National University",Gazipur,National University,2012,"['Shirts', 'Pants']",312000.0,Large,13,4.8076923076923075,6000.0,2,0,0,1,0,0,0
Eurotex Knitwear Ltd.,Knit,5.0,640.0,194,390000.0,"Shirts ,Pants ,T-Shirts ,Polo Shirts","Nayamati, Kutubpur, Narayanganj, Fatullah",Narayanganj,Fatullah,2014,"['Shirts', 'Pants', 'T-Shirts', 'Polo Shirts']",4680000.0,Very Large,11,3.2989690721649483,24123.711340206184,4,0,0,1,0,0,0
Eurozone Fashion Ltd.,Woven,5.0,2200.0,723,150000.0,"Jackets ,Pants ,Trousers ,Cargo","Ka-189/3, Jamaz Road, Joar Shahara, Dhaka, Dhaka",Dhaka,Dhaka,2006,"['Jackets', 'Pants', 'Trousers', 'Cargo']",1800000.0,Very Large,19,3.0428769017980635,2489.6265560165975,4,0,0,1,0,0,0
Eutex Fashion Limited,Woven,1.0,2.0,60,1200000.0,"Shirt ,Pant ,T-Shirt ,Polo Shirt","Khagan, Birulia, Savar, Dhaka, Dhaka",Dhaka,Dhaka,2023,"['Shirt', 'Pant', 'T-Shirt', 'Polo Shirt']",14400000.0,Very Large,2,0.03333333333333333,240000.0,4,1,1,0,0,1,0
Eva Sweater Ltd.,Sweater,5.0,3000.0,1250,120000.0,"Sweaters ,Jumpers ,Pullovers ,Cardigans","Plot # 269, Gazipur, Choydana",Gazipur,Choydana,2002,"['Sweaters', 'Jumpers', 'Pullovers', 'Cardigans']",1440000.0,Very Large,23,2.4,1152.0,4,0,0,0,0,0,0
Evana Garments Ltd.,Woven,5.0,190.0,110,288000.0,"Padded Jackets ,Long Pants ,Tousers","House # 4, Road # 132, Gulshan South C/A, Dhaka, Gulshan-1",Dhaka,Gulshan-1,1985,"['Padded Jackets', 'Long Pants', 'Tousers']",3456000.0,Very Large,40,1.7272727272727273,31418.18181818182,3,0,0,0,0,0,0
Eve Dress-Shirts Ltd.,Woven,5.0,784.0,364,156000.0,"Shirts ,Ladies Shirts ,Children Wears","Ashulia, Dhaka, Savar",Dhaka,Savar,2005,"['Shirts', 'Ladies Shirts', 'Children Wears']",1872000.0,Very Large,20,2.1538461538461537,5142.857142857143,3,0,0,0,0,0,0
Eve Garments Ltd.,Woven,5.0,490.0,269,156000.0,"Shirts ,Ladies Blouses","House # 7, Road # 20, Dhaka, Gulshan-1",Dhaka,Gulshan-1,1985,"['Shirts', 'Ladies Blouses']",1872000.0,Very Large,40,1.821561338289963,6959.10780669145,2,0,0,0,0,0,0
Ever Fashion Ltd.,Knit,5.0,255.0,201,2196000.0,"Mans T-Shirts ,Girls Rib Vest ,Boys Tight Boxer","Fuji Trade Centre (9Th & 10Th Floor), Cha-87/C & 87/2, Pragati Sarani, Dhaka, Dhaka",Dhaka,Dhaka,1993,"['Mans T-Shirts', 'Girls Rib Vest', 'Boys Tight Boxer']",26352000.0,Very Large,32,1.2686567164179106,131104.4776119403,3,0,0,0,0,0,0
Ever Fashion Tongi Ltd.,Knit,5.0,1857.0,792,28800000.0,"Ladies Underwear ,Girls Crops Bra ,Girls Cami","Plot # D-204, 205 & 206, Bscic I/A, Gazipur, B. Baria",Gazipur,B. Baria,2012,"['Ladies Underwear', 'Girls Crops Bra', 'Girls Cami']",345600000.0,Very Large,13,2.3446969696969697,436363.63636363635,3,0,0,0,0,0,0
Everbright Sweater Ltd.,Sweater,1.0,1400.0,600,420000.0,"Sweaters ,Pullovers ,Cardigans","Kathgora Bazar, Zirabo, Dhaka, Dhaka",Dhaka,Dhaka,2019,"['Sweaters', 'Pullovers', 'Cardigans']",5040000.0,Very Large,6,2.3333333333333335,8400.0,3,0,0,0,0,0,0
Everest Sweaters Ltd.,Sweater,5.0,580.0,445,54000.0,"Sweaters ,Pullovers ,Cardigans ,Jumpers","M.H. Building, 15, Strand Road, Chittagong","M.H. Building, 15, Strand Road",Chittagong,1998,"['Sweaters', 'Pullovers', 'Cardigans', 'Jumpers']",648000.0,Large,27,1.303370786516854,1456.1797752808989,4,0,0,0,0,0,0
Evergreen Sweaters Ltd.,Sweater,5.0,800.0,480,72000.0,Sweaters,"Choydana, Gazipur, Joydevpur",Gazipur,Joydevpur,1998,['Sweaters'],864000.0,Large,27,1.6666666666666667,1800.0,1,0,0,0,0,0,0
Evernal Industry Ltd.,Sweater,5.0,1280.0,750,1200000.0,Sweaters,"3/4-A, Darail, Sharaish, Gazipur, Tongi",Gazipur,Tongi,2005,['Sweaters'],14400000.0,Very Large,20,1.7066666666666668,19200.0,1,0,0,0,0,0,0
Evertop Product Development Co. Ltd.,Woven,1.0,570.0,1984,160000.0,"Shirt ,Pant ,T-Shirt ,Polo Shirt","Plot # 6B, Korean Epz, Karnafully, Chittagong, Chittagong",Chittagong,Chittagong,2022,"['Shirt', 'Pant', 'T-Shirt', 'Polo Shirt']",1920000.0,Very Large,3,0.2872983870967742,967.741935483871,4,1,1,0,0,1,0
Evince Dress Shirts Ltd.,Woven,5.0,647.0,356,150000.0,Shirts,"Plot # 33, Section # 7, Dhaka, Mirpur",Dhaka,Mirpur,2000,['Shirts'],1800000.0,Very Large,25,1.8174157303370786,5056.179775280899,1,0,0,0,0,0,0
Evince Garments Ltd.,Woven,5.0,861.0,511,185000.0,"Shirts ,Boy's Shirts","Plot # 33, Section # 7, Dhaka, Mirpur",Dhaka,Mirpur,1985,"['Shirts', 'Boys Shirts']",2220000.0,Very Large,40,1.6849315068493151,4344.422700587084,2,0,0,0,0,0,0
Evince Limited.,Woven,5.0,175.0,250,78000.0,Shirts,"Plot # 33, Section # 7, Dhaka, Mirpur",Dhaka,Mirpur,1992,['Shirts'],936000.0,Large,33,0.7,3744.0,1,0,0,0,0,0,0
Evitex Apparels Ltd.,Woven,5.0,824.0,480,234000.0,Shirts,"Shirir Chala, Bhabanipur, Gazipur, Joydevpur",Gazipur,Joydevpur,2006,['Shirts'],2808000.0,Very Large,19,1.7166666666666666,5850.0,1,0,0,0,0,0,0
Evitex Dress Shirt Ltd.,Woven,5.0,500.0,386,70000.0,"Shirts ,Pants","Shirir Chala, Bhabanipur, Gazipur, Joydevpur",Gazipur,Joydevpur,2013,"['Shirts', 'Pants']",840000.0,Large,12,1.2953367875647668,2176.165803108808,2,0,0,1,0,0,0
Evitex Fashions Ltd.,Woven,5.0,750.0,379,182000.0,Shirts,"Shirir Chala, Bhabanipur, Gazipur, Joydevpur",Gazipur,Joydevpur,2004,['Shirts'],2184000.0,Very Large,21,1.9788918205804749,5762.532981530343,1,0,0,0,0,0,0
Ewings Garments & Textiles Ltd.,Knit,5.0,122.0,55,450000.0,"T-Shirts ,Polo Shirts ,Tank Tops","Plot # 101/102 (2Nd Floor), Bscic I/E, Gazipur, Konabari",Gazipur,Konabari,2008,"['T-Shirts', 'Polo Shirts', 'Tank Tops']",5400000.0,Very Large,17,2.2181818181818183,98181.81818181818,3,0,0,0,0,0,0
Excel Apparels Ltd.,Woven,5.0,450.0,200,78000.0,"Shirts ,Blouses","91, Tongi I/A (1St & 2Nd Floor), Gazipur, Tongi",Gazipur,Tongi,1985,"['Shirts', 'Blouses']",936000.0,Large,40,2.25,4680.0,2,0,0,0,0,0,0
Excel Industries Ltd.,Woven,5.0,550.0,301,46800.0,"Jogging Sets ,Trousers ,Jackets ,Pants","1414/A Khilgoan, Dhaka, Khilgaon",Dhaka,Khilgaon,1992,"['Jogging Sets', 'Trousers', 'Jackets', 'Pants']",561600.0,Large,33,1.8272425249169435,1865.78073089701,4,0,0,1,0,0,0
Excellent Attire Ltd.,Woven,5.0,292.0,152,50000.0,"Shirts ,Jackets ,Pants ,Trousers","Dewanbari, North Kashipur, Fatullah, Narayanganj-1400, Narayanganj, Narayangonj",Narayanganj,Narayangonj,2005,"['Shirts', 'Jackets', 'Pants', 'Trousers']",600000.0,Large,20,1.9210526315789473,3947.3684210526317,4,0,0,1,0,0,0
Excellent Sweater Ltd.,Sweater,5.0,658.0,350,75000.0,Sweaters,"193/195, Bengal Plaza, Jamgora, Uttar Gazirchat, Ashulia, Dhaka, Savar",Dhaka,Savar,2012,['Sweaters'],900000.0,Large,13,1.88,2571.4285714285716,1,0,0,0,0,0,0
Excelsior Garments Ltd.,Woven,5.0,345.0,154,90000.0,"Shirts ,Blouses ,Shorts","Dag-1098, Road # 9/C, Sector # 5, Ahalia, Dhaka, Turag",Dhaka,Turag,1986,"['Shirts', 'Blouses', 'Shorts']",1080000.0,Very Large,39,2.24025974025974,7012.987012987013,3,0,0,0,0,0,0
Excom Fashions Ltd.,Woven,5.0,600.0,334,160000.0,"Shirts ,Boxers ,Payjama","Nimertec, Rajfullbariya, Dhaka, Savar",Dhaka,Savar,2007,"['Shirts', 'Boxers', 'Payjama']",1920000.0,Very Large,18,1.7964071856287425,5748.502994011976,3,0,0,0,0,0,0
Executive Attire Ltd.,Woven,5.0,1500.0,278,160000.0,"Shirts ,Pants","Habirbari, Mymensingh, Valuka",Mymensingh,Valuka,2016,"['Shirts', 'Pants']",1920000.0,Very Large,9,5.39568345323741,6906.474820143885,2,0,0,1,0,0,0
Executive Greentex Ltd.,Knit,1.0,3031.0,1213,1500000.0,Unknown,"Molaed, Sreepur, Gazipur, Gazipur",Gazipur,Gazipur,2019,[],18000000.0,Very Large,6,2.4987633965375102,14839.24154987634,0,0,0,0,0,0,0
Executive Hi-Fashions Ltd.,Knit,1.0,1778.0,746,1105000.0,"T-Shirts ,Polo Shirts","Sirirchala, Bhabanipur, Gazipur, Gazipur",Gazipur,Gazipur,2018,"['T-Shirts', 'Polo Shirts']",13260000.0,Very Large,7,2.383378016085791,17774.79892761394,2,0,0,0,0,0,0
Executive Intimates Ltd.,Knit,5.0,1509.0,975,375000.0,"T-Shirts ,Polo Shirts","Gilarchala, Gazipur, Sreepur",Gazipur,Sreepur,2016,"['T-Shirts', 'Polo Shirts']",4500000.0,Very Large,9,1.5476923076923077,4615.384615384615,2,0,0,0,0,0,0
Exensive Fashion Ltd.,Woven,5.0,500.0,357,400000.0,Pants,"Raj Fulbaria, Dhaka, Savar",Dhaka,Savar,2012,['Pants'],4800000.0,Very Large,13,1.4005602240896358,13445.378151260504,1,0,0,1,0,0,0
Experience Clothing Co. Ltd.,Woven,5.0,2986.0,2300,550000.0,"Ladies Pants ,Skirts ,Blouses ,Shorts","Plot # 72 & 82, Ganakbari, Depz, Dhaka, Savar",Dhaka,Savar,1996,"['Ladies Pants', 'Skirts', 'Blouses', 'Shorts']",6600000.0,Very Large,29,1.2982608695652174,2869.5652173913045,4,0,0,0,0,0,0
Expo Dress Ltd.,Woven,5.0,400.0,172,84000.0,"Shirts ,Trousers, Pants","Holding # 1/A (1St Floor), Section # 7, Dhaka, Mirpur",Dhaka,Mirpur,1994,"['Shirts', 'Trousers', 'Pants']",1008000.0,Very Large,31,2.3255813953488373,5860.46511627907,3,0,0,1,0,0,0
Expo Knitwears Ltd.,Knit,1.0,131.0,120,5700.0,"T-Shirt ,Polo Shirt","Kha-51/3, Road # 5, Tanpara, Khilkhet, Dhaka, Dhaka",Dhaka,Dhaka,2021,"['T-Shirt', 'Polo Shirt']",68400.0,Medium,4,1.0916666666666666,570.0,2,1,0,0,0,1,0
Export Connection Ltd.,Woven,5.0,200.0,100,60000.0,"Shirts ,Blouses ,Trousers ,Pajama sets","1/1 A & 1/1 B, Ring Road, Dhaka, Shamoli",Dhaka,Shamoli,1992,"['Shirts', 'Blouses', 'Trousers', 'Pajama sets']",720000.0,Large,33,2.0,7200.0,4,0,0,0,0,0,0
Export Knitwear Ltd.,Woven,5.0,590.0,270,90000.0,"Sports Wear ,Trousers ,Skirts ,Shorts","Sena Kalyan Comm. Complex (4Th Floor), Plot # 9, Block-F, Gazipur, Tongi",Gazipur,Tongi,1991,"['Sports Wear', 'Trousers', 'Skirts', 'Shorts']",1080000.0,Very Large,34,2.185185185185185,4000.0,4,0,0,0,0,0,0
Exsaco Ltd.,Woven,1.0,2901.0,0,200000.0,Unknown,"Domna, Dokkhinbaroibari, Kashimpur, Gazipur, Gazipur",Gazipur,Gazipur,2017,[],2400000.0,Very Large,8,0.0,0.0,0,0,0,0,0,0,0
F & P Apparels Ltd.,Knit,5.0,218.0,88,250000.0,"T-Shirts ,Polo Shirts","2/2A, Safura Market, Aouchpara, Mukterbari Road, Gazipur, Tongi",Gazipur,Tongi,2010,"['T-Shirts', 'Polo Shirts']",3000000.0,Very Large,15,2.477272727272727,34090.90909090909,2,0,0,0,0,0,0
F M Fashion Wear,Woven,1.0,1.0,150,16800.0,"Shirt ,Pant ,T-Shirt ,Polo Shirt","M-4/2, Road # 27, Block # M, Eastern Housing, Pallabi, Mirpur, Dhaka, Dhaka",Dhaka,Dhaka,2022,"['Shirt', 'Pant', 'T-Shirt', 'Polo Shirt']",201600.0,Large,3,0.006666666666666667,1344.0,4,1,1,0,0,1,0
F.B. Fashion (Pvt) Ltd.,Sweater,5.0,880.0,603,58000.0,"Cardigans ,Pullovers ,Jersey ,Poncho","Khailkur, National University, Gazipur, Board Bazar",Gazipur,Board Bazar,2004,"['Cardigans', 'Pullovers', 'Jersey', 'Poncho']",696000.0,Large,21,1.4593698175787728,1154.228855721393,4,0,0,0,0,0,0
F.F. Apparels Ltd.,Sweater,5.0,350.0,300,36000.0,Sweaters,"House # 27, Road # 2, O.R. Nizam Road, Gec Circle, Chittagong","House # 27, Road # 2, O.R. Nizam Road, Gec Circle",Chittagong,1993,['Sweaters'],432000.0,Large,32,1.1666666666666667,1440.0,1,0,0,0,0,0,0
F.M. Fashion Wear Ltd.,Woven,5.0,275.0,165,100000.0,"Jackets ,Children Wears ,Overalls","457 Dit Road, West Rampura, Dhaka, Rampura",Dhaka,Rampura,1984,"['Jackets', 'Children Wears', 'Overalls']",1200000.0,Very Large,41,1.6666666666666667,7272.727272727273,3,0,0,0,0,0,0
Fabric Touch And Design Ltd.,Knit,5.0,256.0,249,240000.0,"T-Shirts ,Polo Shirts","Hatimara, Gazipur, Kashimpur",Gazipur,Kashimpur,2015,"['T-Shirts', 'Polo Shirts']",2880000.0,Very Large,10,1.0281124497991967,11566.265060240963,2,0,0,0,0,0,0
Fabrica Knit Composite Ltd.,Knit,1.0,2900.0,1100,1800000.0,"T-Shirts ,Polo Shirts ,Mens Shorts ,Shirts","Bashaid, Ashulia, Savar, Dhaka, Bangladesh, Dhaka, Dhaka",Dhaka,Dhaka,2019,"['T-Shirts', 'Polo Shirts', 'Mens Shorts', 'Shirts']",21600000.0,Very Large,6,2.6363636363636362,19636.363636363636,4,0,0,0,0,0,0
Fabulous Fashions Ltd.,Sweater,5.0,500.0,400,100000.0,Sweaters,"Plot # 15-16, Road # 4, Section # 7, Dhaka, Mirpur",Dhaka,Mirpur,2002,['Sweaters'],1200000.0,Very Large,23,1.25,3000.0,1,0,0,0,0,0,0
Fahami Apparels Ltd.,Woven,5.0,589.0,402,100000.0,"Jackets ,Overalls ,Pants ,Trousers","Fahami Complex, 113, Baipail, Dhaka, Savar",Dhaka,Savar,2000,"['Jackets', 'Overalls', 'Pants', 'Trousers']",1200000.0,Very Large,25,1.4651741293532339,2985.0746268656717,4,0,0,1,0,0,0
Fahami Dresses Ltd.,Woven,5.0,549.0,660,50000.0,"Shirts ,Jackets ,Pants ,Trousers","Fahami Complex, 113, Baipail, Dhaka, Savar",Dhaka,Savar,2006,"['Shirts', 'Jackets', 'Pants', 'Trousers']",600000.0,Large,19,0.8318181818181818,909.0909090909091,4,0,0,1,0,0,0
Fahami Industries Ltd.,Woven,5.0,1602.0,1568,125000.0,"Shirts ,Jackets ,Pants ,T-Shirts","Fahami Complex, 113, Baipail, Dhaka, Savar",Dhaka,Savar,2005,"['Shirts', 'Jackets', 'Pants', 'T-Shirts']",1500000.0,Very Large,20,1.0216836734693877,956.6326530612245,4,0,0,1,0,0,0
Fahami Knitwear Ltd.,Knit,5.0,661.0,339,150000.0,"T-Shirts ,Polo Shirts ,Trousers ,Shorts","Fahami Complex, 113, Baipail, Dhaka, Savar",Dhaka,Savar,2005,"['T-Shirts', 'Polo Shirts', 'Trousers', 'Shorts']",1800000.0,Very Large,20,1.9498525073746313,5309.734513274337,4,0,0,0,0,0,0
Fahami Shirts Ltd.,Woven,5.0,540.0,829,150000.0,"Shirts ,Coats ,Coveralls ,Overalls","Fahami Complex, 113, Baipail, Dhaka, Savar",Dhaka,Savar,2006,"['Shirts', 'Coats', 'Coveralls', 'Overalls']",1800000.0,Very Large,19,0.6513872135102533,2171.2907117008444,4,0,0,0,0,0,0
Fahami Trousers Ltd.,Woven,5.0,1300.0,700,375000.0,"Shirts ,Trousers ,Pants","113, Baipail, Dhaka, Savar",Dhaka,Savar,2010,"['Shirts', 'Trousers', 'Pants']",4500000.0,Very Large,15,1.8571428571428572,6428.571428571428,3,0,0,1,0,0,0
Fahim Attire And Composite Ltd.,Knit,5.0,350.0,160,240000.0,"T-Shirts ,Polo Shirts ,Fleece Jackets ,Pants","Kamarjuri, Barari Para, National University, Gazipur, Joydevpur",Gazipur,Joydevpur,2008,"['T-Shirts', 'Polo Shirts', 'Fleece Jackets', 'Pants']",2880000.0,Very Large,17,2.1875,18000.0,4,0,0,1,0,0,0
Fahim Textile Mills Ltd.,Woven,5.0,220.0,115,60000.0,"Home Textile ,Eyelet Curtain ,Pillow Case","Barabo, Tarabo, Narayanganj, Rupganj",Narayanganj,Rupganj,2011,"['Home Textile', 'Eyelet Curtain', 'Pillow Case']",720000.0,Large,14,1.9130434782608696,6260.869565217391,3,0,0,0,0,0,0
Fahima Knit Fashion Ltd.,Knit,5.0,143.0,75,117000.0,"T-Shirts ,Polo Shirts","Mir Jakir Complex, Block # B, Holding # 409, Naljani, Gazipur, Joydevpur",Gazipur,Joydevpur,2014,"['T-Shirts', 'Polo Shirts']",1404000.0,Very Large,11,1.9066666666666667,18720.0,2,0,0,0,0,0,0
Fair Apparels Ltd.,Knit,5.0,1000.0,300,300000.0,"T-Shirts ,Polo Shirts ,Sweat Shirts ,Tank Top","A/28-29, Bscic Inds. Estate, Narayanganj, Fatullah",Narayanganj,Fatullah,2000,"['T-Shirts', 'Polo Shirts', 'Sweat Shirts', 'Tank Top']",3600000.0,Very Large,25,3.3333333333333335,12000.0,4,0,0,0,0,0,0
Fair Tex Sweater Ltd.,Sweater,5.0,370.0,250,50000.0,Sweater,"Haji Kafiluddin Plaza (4Th Floor), Dagerchala, Gazipur, National University",Gazipur,National University,2015,['Sweater'],600000.0,Large,10,1.48,2400.0,1,0,0,0,0,0,1
Fair Textile Mills Ltd.,Woven,1.0,350.0,800,1800000.0,"Shirt ,Pant ,T-Shirt ,Polo Shirt","Golakandail, Vulta, Narayanganj, Narayangonj",Narayanganj,Narayangonj,2022,"['Shirt', 'Pant', 'T-Shirt', 'Polo Shirt']",21600000.0,Very Large,3,0.4375,27000.0,4,1,1,0,0,1,0
Fair Washing Ltd.,Woven,5.0,1553.0,1135,1000000.0,Jackets,"East Chandura, Kaliakoir, Gazipur, Shafipur",Gazipur,Shafipur,2006,['Jackets'],12000000.0,Very Large,19,1.3682819383259912,10572.687224669604,1,0,0,0,0,0,0
Fairmonde Knitting Ltd.,Woven,5.0,180.0,79,60000.0,"Wind Pants ,Wind Jackets ,Shorts","68/X, Sagarica Road, Chittagong, Pahartoli",Chittagong,Pahartoli,2001,"['Wind Pants', 'Wind Jackets', 'Shorts']",720000.0,Large,24,2.278481012658228,9113.924050632912,3,0,0,0,0,0,0
Faiyaz Apparel Ltd.,Woven,5.0,404.0,179,120000.0,"Men's Shirts ,Girls Blouses","888 Shewrapara, Rokeya Sharani, Dhaka, Mirpur",Dhaka,Mirpur,1992,"['Mens Shirts', 'Girls Blouses']",1440000.0,Very Large,33,2.2569832402234637,8044.692737430168,2,0,0,0,0,0,0
Faiza Industries Ltd.,Woven,5.0,350.0,251,625000.0,"Shirts ,Pants","Bymile, Konabari, Gazipur, B. Baria",Gazipur,B. Baria,2016,"['Shirts', 'Pants']",7500000.0,Very Large,9,1.3944223107569722,29880.478087649404,2,0,0,1,0,0,0
Faiza Sweater Ltd.,Sweater,5.0,720.0,450,50000.0,"Sweaters ,Cardigans","Bhason Sarak, Gazipur, Adhepasa",Gazipur,Adhepasa,2011,"['Sweaters', 'Cardigans']",600000.0,Large,14,1.6,1333.3333333333333,2,0,0,0,0,0,0
Fakhruddin Textile Mills Ltd.,Knit,5.0,7713.0,2170,173340.0,"T-Shirt ,Polo Shirt ,Tank Top ,Pant","Kewa, Ghorgaria, Master Bari, Gazipur, Gazipur",Gazipur,Gazipur,2008,"['T-Shirt', 'Polo Shirt', 'Tank Top', 'Pant']",2080080.0,Very Large,17,3.5543778801843318,958.5622119815669,4,1,0,0,0,1,0
Fakir Apparels Ltd.,Knit,5.0,2500.0,835,1300000.0,"T-Shirts ,Polo Shirts ,Trousers ,Tank Tops","A-127-131, 135-138, 142-145, B-501-503, Bscic Hosiery Shilpa Nagari, Shashangaon, Narayanganj, Fatullah",Narayanganj,Fatullah,2001,"['T-Shirts', 'Polo Shirts', 'Trousers', 'Tank Tops']",15600000.0,Very Large,24,2.9940119760479043,18682.63473053892,4,0,0,0,0,0,0
Fakir Eco-Knitwears Ltd.,Woven,1.0,1200.0,795,631250.0,Unknown,"Kayempur, Fatullah, Narayanganj, Narayanganj, Narayangonj",Narayanganj,Narayangonj,2021,[],7575000.0,Very Large,4,1.509433962264151,9528.301886792453,0,0,0,0,0,0,0
Fakir Knitwears Ltd.,Knit,5.0,7000.0,3000,5000000.0,"T-Shirts ,Polo Shirts ,Tank Tops","Kayempur, Narayanganj, Fatullah",Narayanganj,Fatullah,2004,"['T-Shirts', 'Polo Shirts', 'Tank Tops']",60000000.0,Very Large,21,2.3333333333333335,20000.0,3,0,0,0,0,0,0
Falcon Int'l Knit Composite,Knit,5.0,699.0,297,400000.0,"T-Shirts ,Polo Shirts ,Trousers","Plot # 2/1 (Basement, Ground, 1St Fl), Road # 7, Nobodoy Housing Society, Dhaka, Mohammadpur",Dhaka,Mohammadpur,1999,"['T-Shirts', 'Polo Shirts', 'Trousers']",4800000.0,Very Large,26,2.3535353535353534,16161.61616161616,3,0,0,0,0,0,0
Falcon International,Knit,5.0,725.0,518,420000.0,"T-Shirts ,Polo Shirts ,Shorts ,Trousers","Plot # 2/1 (2Nd, 3Rd & 4Th Floor), Road # 7, Nobodoy Housing Society, Dhaka, Mohammadpur",Dhaka,Mohammadpur,1989,"['T-Shirts', 'Polo Shirts', 'Shorts', 'Trousers']",5040000.0,Very Large,36,1.3996138996138996,9729.72972972973,4,0,0,0,0,0,0
Faltex Composite Ltd.,Knit,5.0,520.0,240,0.0,"T-Shirts ,Polo Shirts","Plot # B/18, Bscic I/E, Gazipur, Tongi",Gazipur,Tongi,2010,"['T-Shirts', 'Polo Shirts']",0.0,,15,2.1666666666666665,0.0,2,0,0,0,0,0,0
Fame Composite Ltd.,Knit,5.0,176.0,120,62500.0,"T-Shirts ,Polo Shirts","Dakshin, Panishail, Gazipur, Kashimpur",Gazipur,Kashimpur,2012,"['T-Shirts', 'Polo Shirts']",750000.0,Large,13,1.4666666666666666,6250.0,2,0,0,0,0,0,0
Fame Design Ltd.,Knit,5.0,650.0,220,599000.0,"T-Shirts ,Polo Shirts","Plot # A-115/116, Bscic, Hosiery Shilpanagary, Narayanganj, Fatullah",Narayanganj,Fatullah,2014,"['T-Shirts', 'Polo Shirts']",7188000.0,Very Large,11,2.9545454545454546,32672.727272727272,2,0,0,0,0,0,0
Fame Knitwears Ltd.,Sweater,5.0,400.0,205,68880.0,Sweaters,"Haji Kujrat Ali Mollah Super Market, 1 Harunabad, Pallabi, Dhaka, Mirpur",Dhaka,Mirpur,1993,['Sweaters'],826560.0,Large,32,1.951219512195122,4032.0,1,0,0,0,0,0,0
Fame Sweaters Ltd.,Sweater,5.0,0.0,440,0.0,Sweaters,"Darail, Sataish, Gazipur, Tongi",Gazipur,Tongi,2003,['Sweaters'],0.0,,22,0.0,0.0,1,0,0,0,0,0,0
Familiar Limited,Knit,5.0,482.0,300,750000.0,"Children Wears ,Polo Shirts ,Bottom Wears","South Panisile, Gazipur, Kashimpur",Gazipur,Kashimpur,2003,"['Children Wears', 'Polo Shirts', 'Bottom Wears']",9000000.0,Very Large,22,1.6066666666666667,30000.0,3,0,0,0,0,0,0
Family Style Garments Ltd.,Woven,5.0,280.0,160,130000.0,"Shirts ,Trousers ,Pants ,Skirts","East Delpara, Narayanganj, Fatullah",Narayanganj,Fatullah,1992,"['Shirts', 'Trousers', 'Pants', 'Skirts']",1560000.0,Very Large,33,1.75,9750.0,4,0,0,1,0,0,0
Familytex (BD) Ltd.,Knit,5.0,2000.0,1641,30000.0,"Sweater ,Woven Bottoms ,Knit Top","Plot # 47 - 48, Road # 5, Sector # 4, Chittagong, Cepz",Chittagong,Cepz,2007,"['Sweater', 'Woven Bottoms', 'Knit Top']",360000.0,Large,18,1.218769043266301,219.37842778793419,3,0,0,0,0,0,1
Famous Design Ltd.,Knit,5.0,389.0,126,130000.0,"Shirts ,Pants ,T-Shirts ,Polo Shirts","246/1/F, West Agargaon, Sher-E-Bangla Nagar, Dhaka, Sher-E-Bangla Nagar",Dhaka,Sher-E-Bangla Nagar,2011,"['Shirts', 'Pants', 'T-Shirts', 'Polo Shirts']",1560000.0,Very Large,14,3.0873015873015874,12380.952380952382,4,0,0,1,0,0,0
Fancy Fashion Sweaters Ltd.,Sweater,5.0,2100.0,1324,200000.0,"Sweaters ,Pullovers ,Cardigans ,Tank Tops","1153-54, Shahid Siddique Road, Khailkur, Gazipur, Gazipur",Gazipur,Gazipur,1998,"['Sweaters', 'Pullovers', 'Cardigans', 'Tank Tops']",2400000.0,Very Large,27,1.5861027190332326,1812.6888217522658,4,0,0,0,0,0,0
Far East Knitting & Dyeing Ind. Ltd.,Knit,5.0,850.0,225,400000.0,"Ladies Dresses ,T-Shirts","15/1, Shahid Nazrul Islam Road, Hatkhola, Dhaka, Dhaka",Dhaka,Dhaka,1994,"['Ladies Dresses', 'T-Shirts']",4800000.0,Very Large,31,3.7777777777777777,21333.333333333332,2,0,0,0,0,0,0
Faraz Fabrics (Pvt.) Ltd.,Woven,5.0,400.0,200,48000.0,"Jackets ,Skirts ,Overalls ,Jumpers","140, Dewanhat, 2Nd Rail Gate, Chittagong","140, Dewanhat, 2Nd Rail Gate",Chittagong,1994,"['Jackets', 'Skirts', 'Overalls', 'Jumpers']",576000.0,Large,31,2.0,2880.0,4,0,0,0,0,0,0
Fareast Dresses Ltd.,Woven,5.0,300.0,494,120000.0,"Shirts ,Ladies Blouses ,Skirts","1/11, Ahmed Nagar, Section # 2, Dhaka, B. Baria",Dhaka,B. Baria,2004,"['Shirts', 'Ladies Blouses', 'Skirts']",1440000.0,Very Large,21,0.6072874493927125,2914.97975708502,3,0,0,0,0,0,0
Farha Apparels Ltd.,Woven,5.0,150.0,120,0.0,"Jackets ,Pants","1-D, 1-20 Kolwala Para, Section # 1, Dhaka, Mirpur",Dhaka,Mirpur,1991,"['Jackets', 'Pants']",0.0,,34,1.25,0.0,2,0,0,1,0,0,0
Farida Fashion Sweater Ltd.,Sweater,5.0,310.0,300,40000.0,Sweaters,"Islam Mansion (5Th Floor), 6606(P) South Halishahar, Near Epz Gate, Chittagong, Bandar",Chittagong,Bandar,2004,['Sweaters'],480000.0,Large,21,1.0333333333333334,1600.0,1,0,0,0,0,0,0
Farida Garments (Pvt.) Ltd.,Knit,5.0,400.0,150,130000.0,"T-Shirts ,Polo Shirts","A/79, Bscic I/A, Sasongaon, Narayanganj, Fatullah",Narayanganj,Fatullah,2014,"['T-Shirts', 'Polo Shirts']",1560000.0,Very Large,11,2.6666666666666665,10400.0,2,0,0,0,0,0,0
Fariha Knit Tex Ltd.,Knit,5.0,950.0,405,600000.0,"T-Shirts ,Polo Shirts ,Jackets ,Pants","Baroibog, Enayat Nagar, Narayanganj, Fatullah",Narayanganj,Fatullah,2002,"['T-Shirts', 'Polo Shirts', 'Jackets', 'Pants']",7200000.0,Very Large,23,2.345679012345679,17777.777777777777,4,0,0,1,0,0,0
Farisha Composite Knitwear Ltd.,Knit,5.0,645.0,313,700000.0,"T-Shirts ,Polo Shirts ,Tank Top","352, Konabari, Nilnagar, Gazipur, Gazipur Sadar",Gazipur,Gazipur Sadar,2012,"['T-Shirts', 'Polo Shirts', 'Tank Top']",8400000.0,Very Large,13,2.060702875399361,26837.0607028754,3,0,0,0,0,0,0
Farmin Fashion Design Ltd.,Woven,5.0,450.0,220,100000.0,"Trousers ,Jogging Suits ,Shorts ,Jackets","154, Kamrabad, Aturer Depot, Chittagong, Aturar Depot",Chittagong,Aturar Depot,2004,"['Trousers', 'Jogging Suits', 'Shorts', 'Jackets']",1200000.0,Very Large,21,2.0454545454545454,5454.545454545455,4,0,0,0,0,0,0
Farmin Apparels Limited,Woven,5.0,450.0,200,105000.0,"Trousers ,Jogging Suits ,Shorts ,Jackets","154, Kamrabad, Aturar Depot, Chittagong, Aturar Depot",Chittagong,Aturar Depot,1995,"['Trousers', 'Jogging Suits', 'Shorts', 'Jackets']",1260000.0,Very Large,30,2.25,6300.0,4,0,0,0,0,0,0
Farmin Fashion Design Ltd.,Woven,5.0,450.0,220,100000.0,"Trousers ,Jogging Suits ,Shorts ,Jackets","154, Kamrabad, Aturer Depot, Chittagong, Aturar Depot",Chittagong,Aturar Depot,2004,"['Trousers', 'Jogging Suits', 'Shorts', 'Jackets']",1200000.0,Very Large,21,2.0454545454545454,5454.545454545455,4,0,0,0,0,0,0
Farnoor Garments Ltd.,Knit,5.0,630.0,382,150000.0,"Trousers ,Jackets ,T-Shirts ,Polo Shirts","1028/1/2, Malibagh Bazar Road, Dhaka, Malibagh",Dhaka,Malibagh,1995,"['Trousers', 'Jackets', 'T-Shirts', 'Polo Shirts']",1800000.0,Very Large,30,1.649214659685864,4712.041884816754,4,0,0,0,0,0,0
Farseeing Knit Composite Ltd.,Knit,5.0,750.0,600,12500.0,"T-Shirts ,Polo Shirts","Faridpur, Telihat, Gazipur, Sreepur",Gazipur,Sreepur,2009,"['T-Shirts', 'Polo Shirts']",150000.0,Large,16,1.25,250.0,2,0,0,0,0,0,0
Farshe Dyeing Ltd.,Sweater,5.0,2200.0,992,1385000.0,Sweaters,"Harinchala, Konabari, Gazipur, Joydevpur",Gazipur,Joydevpur,2007,['Sweaters'],16620000.0,Very Large,18,2.217741935483871,16754.032258064515,1,0,0,0,0,0,0
Farzana Fashions World Ltd.,Knit,5.0,270.0,115,500000.0,"T-Shirts ,Polo Shirts ,Briefs ,Bikini","Nur Complex, N-224, Dighirpar, Chittagong, Dewanhat",Chittagong,Dewanhat,2011,"['T-Shirts', 'Polo Shirts', 'Briefs', 'Bikini']",6000000.0,Very Large,14,2.347826086956522,52173.913043478264,4,0,0,0,0,0,0
Fashion 2000 Ltd.,Woven,5.0,1325.0,623,20000.0,"Blouses ,Trousers","367/1, Senpara Parbata, (8Th Floor), Dhaka, Mirpur",Dhaka,Mirpur,2002,"['Blouses', 'Trousers']",240000.0,Large,23,2.1268057784911716,385.2327447833066,2,0,0,0,0,0,0
Fashion Apparel Industries,Knit,5.0,320.0,290,60000.0,Dress Shirts,"Fidc Road, Bscic I/A, Chittagong","Fidc Road, Bscic I/A,",Chittagong,1993,['Dress Shirts'],720000.0,Large,32,1.103448275862069,2482.7586206896553,1,0,0,0,0,0,0
Fashion Asia Ltd.,Knit,5.0,641.0,374,250000.0,"Fleece Jackets ,T-Shirts ,Polo Shirts","Holding # 4/2-A (4Th & 5Th Floor), Mouza # 135, Gopalpur, Monnu Nagar, Gazipur, Tongi",Gazipur,Tongi,2000,"['Fleece Jackets', 'T-Shirts', 'Polo Shirts']",3000000.0,Very Large,25,1.713903743315508,8021.39037433155,3,0,0,0,0,0,0
Fashion Craft Design Ltd.,Woven,5.0,250.0,110,60000.0,"Shirts ,Pants ,Trousers","Beron, Zirabo, Ashulia, Dhaka, Savar",Dhaka,Savar,2011,"['Shirts', 'Pants', 'Trousers']",720000.0,Large,14,2.272727272727273,6545.454545454545,3,0,0,1,0,0,0
Fashion Craft Knit Wear Ltd.,Knit,5.0,250.0,110,300000.0,"Denim Jackets ,Denim Pants ,Twil Pants","Beron, Zirabo, Ashulia, Dhaka, Savar",Dhaka,Savar,2001,"['Denim Jackets', 'Denim Pants', 'Twil Pants']",3600000.0,Very Large,24,2.272727272727273,32727.272727272728,3,0,0,0,0,0,0
Fashion Craft Ltd.,Woven,5.0,500.0,270,45000.0,"Jackets ,Pants ,Swim Wears ,Trousers","A/3 Bscic I/A, Sagarica Road, Chittagong, Pahartali",Chittagong,Pahartali,1996,"['Jackets', 'Pants', 'Swim Wears', 'Trousers']",540000.0,Large,29,1.8518518518518519,2000.0,4,0,0,1,0,0,0
Fashion Create Apparels Ltd.,Knit,5.0,250.0,100,48000.0,"Shirts ,T-Shirts ,Shorts","1248/1249, D.T. Road, Dhaniala Para, Chittagong, Double Mouring",Chittagong,Double Mouring,2002,"['Shirts', 'T-Shirts', 'Shorts']",576000.0,Large,23,2.5,5760.0,3,0,0,0,0,0,0
Fashion Enterprise,Woven,5.0,500.0,300,75000.0,"Shirts ,Pants ,Jackets ,Skirts","Plot # 4, Avenue # 1, Section # 7, Dhaka, Mirpur",Dhaka,Mirpur,1992,"['Shirts', 'Pants', 'Jackets', 'Skirts']",900000.0,Large,33,1.6666666666666667,3000.0,4,0,0,1,0,0,0
Fashion Export International Ltd.,Knit,5.0,450.0,225,40000.0,"Jackets ,T-Shirts ,Pants ,Bath Robe","Jiban Bhaban, 435/A, Sadrghat Road, Chittagong, Sadarghat",Chittagong,Sadarghat,1998,"['Jackets', 'T-Shirts', 'Pants', 'Bath Robe']",480000.0,Large,27,2.0,2133.3333333333335,4,0,0,1,0,0,0
Fashion Exposure Ltd.,Sweater,5.0,998.0,424,60000.0,Sweaters,"Elias Tower, 4 Harunabad, Section # 12, Dhaka, Mirpur",Dhaka,Mirpur,1998,['Sweaters'],720000.0,Large,27,2.3537735849056602,1698.1132075471698,1,0,0,0,0,0,0
Fashion Fair Ltd.,Woven,5.0,200.0,95,84000.0,"Jackets ,Pants ,Knit Items","1956/A, Airport Road, South Halishahar, Chittagong, Bandar",Chittagong,Bandar,1995,"['Jackets', 'Pants', 'Knit Items']",1008000.0,Very Large,30,2.1052631578947367,10610.526315789473,3,0,0,1,0,0,0
Fashion Fiber Limited,Sweater,5.0,61.0,80,5000.0,Sweaters,"Jarun, Kashim Cotton Mill, Gazipur, B. Baria",Gazipur,B. Baria,2012,['Sweaters'],60000.0,Medium,13,0.7625,750.0,1,0,0,0,0,0,0
Fashion Flash Ltd.,Woven,5.0,917.0,500,200000.0,"Trousers ,Skirts","149, Azampur, Shah Kabir Mazar Road, Dhaka, Dhaka",Dhaka,Dhaka,2007,"['Trousers', 'Skirts']",2400000.0,Very Large,18,1.834,4800.0,2,0,0,0,0,0,0
Fashion Flow Apparels Ltd.,Woven,1.0,855.0,688,243000.0,"Shirt ,Pant ,Jacket ,Trouser","Plot # 559-560, Vannara, Mouchak, Kaliakoir, Gazipur, Gazipur",Gazipur,Gazipur,2017,"['Shirt', 'Pant', 'Jacket', 'Trouser']",2916000.0,Very Large,8,1.242732558139535,4238.372093023256,4,0,1,0,1,0,0
Fashion Forum Ltd.,Woven,5.0,3500.0,1737,42000.0,"Shirts ,Pants","367/1, Senpara Parbata, Section # 10, Dhaka, Mirpur",Dhaka,Mirpur,2000,"['Shirts', 'Pants']",504000.0,Large,25,2.0149683362118593,290.1554404145078,2,0,0,1,0,0,0
Fashion Fx Ltd.,Knit,5.0,175.0,78,1000000.0,"T-Shirts ,Polo Shirts","Harbaid, Pubail, Gazipur, Gazipur Sadar",Gazipur,Gazipur Sadar,2008,"['T-Shirts', 'Polo Shirts']",12000000.0,Very Large,17,2.2435897435897436,153846.15384615384,2,0,0,0,0,0,0
Fashion Gears Ltd.,Knit,5.0,1200.0,650,216000.0,"Jackets ,Pants ,T-Shirts","Jharna Complex, Soydana, Malekerbari,National University, Gazipur, Board Bazar",Gazipur,Board Bazar,2000,"['Jackets', 'Pants', 'T-Shirts']",2592000.0,Very Large,25,1.8461538461538463,3987.6923076923076,3,0,0,1,0,0,0
Fashion Globe Denim Wear Ltd.,Woven,1.0,600.0,562,1015166.0,"Shirt ,Pant ,Jacket ,Trouser","Plot # C-160 & B- 178, Bscic Industrial Area, Tongi, Gazipur, Gazipur",Gazipur,Gazipur,2023,"['Shirt', 'Pant', 'Jacket', 'Trouser']",12181992.0,Very Large,2,1.0676156583629892,21676.14234875445,4,0,1,0,1,0,0
Fashion House (Southern) Ltd.,Woven,5.0,1150.0,450,300000.0,"Shirts ,Blouses","Bara Rangamatia, Ashulia, Dhaka, Savar",Dhaka,Savar,1989,"['Shirts', 'Blouses']",3600000.0,Very Large,36,2.5555555555555554,8000.0,2,0,0,0,0,0,0
Fashion Innovation Ltd.,Woven,5.0,665.0,272,105000.0,"Shirts ,Trousers ,T-Shirts ,Pants","Shah Khartail Complex, Khartail, Shataish, Gazipur, Tongi",Gazipur,Tongi,2003,"['Shirts', 'Trousers', 'T-Shirts', 'Pants']",1260000.0,Very Large,22,2.4448529411764706,4632.35294117647,4,0,0,1,0,0,0
Fashion Jeans Ltd.,Woven,5.0,650.0,190,125000.0,"Shirts ,Trousers ,Pants","149/150, Azampur, Shah Kabir Mazar Road, Dhaka, Uttara",Dhaka,Uttara,2011,"['Shirts', 'Trousers', 'Pants']",1500000.0,Very Large,14,3.4210526315789473,7894.736842105263,3,0,0,1,0,0,0
Fashion Knit Garments Ltd.,Knit,5.0,650.0,317,300000.0,"Children Wears ,Ladies Tops","Holding # 4 (2Nd Floor), Cornapara, Dhaka, Savar",Dhaka,Savar,1998,"['Children Wears', 'Ladies Tops']",3600000.0,Very Large,27,2.050473186119874,11356.466876971608,2,0,0,0,0,0,0
Fashion Linkers Ltd.,Woven,5.0,400.0,220,70000.0,"Jackets ,Trousers ,Pants","31, Dit Road (4Th & 5Th Fl), Malibagh Chowdhury Para, Dhaka, Malibagh",Dhaka,Malibagh,1994,"['Jackets', 'Trousers', 'Pants']",840000.0,Large,31,1.8181818181818181,3818.181818181818,3,0,0,1,0,0,0
Fashion Makers Ltd.,Knit,5.0,350.0,150,250000.0,"T-Shirts ,Polo Shirts ,Sweat Shirts","Gargaria Master Bari, Kewa, Gazipur, Sreepur",Gazipur,Sreepur,1993,"['T-Shirts', 'Polo Shirts', 'Sweat Shirts']",3000000.0,Very Large,32,2.3333333333333335,20000.0,3,0,0,0,0,0,0
Fashion Network Ltd.,Knit,5.0,500.0,300,150000.0,"Shirts ,Ladies Dress ,Children Wears ,Jackets","6, Shingbari Road, Boro Dewra, Gazipur, Tongi",Gazipur,Tongi,1993,"['Shirts', 'Ladies Dress', 'Children Wears', 'Jackets']",1800000.0,Very Large,32,1.6666666666666667,6000.0,4,0,0,0,0,0,0
Fashion of Wales Ltd.,Knit,5.0,450.0,250,120000.0,"Shirts ,Pants ,T-Shirts ,Panties","Plot # C/28/29 (3Rd - 5Th Floor), Bscic I/A, Sagarika Road, Chittagong","Plot # C/28/29 (3Rd - 5Th Floor), Bscic I/A, Sagarika Road",Chittagong,2009,"['Shirts', 'Pants', 'T-Shirts', 'Panties']",1440000.0,Very Large,16,1.8,5760.0,4,0,0,1,0,0,0
Fashion Park Int'l Ltd.,Knit,5.0,330.0,160,70000.0,"Fleece Jackets ,T-Shirts ,Trousers","Hajee Faiz Mansion, 191/192, Lalchand Road, Chittagong","Hajee Faiz Mansion, 191/192, Lalchand Road",Chittagong,1998,"['Fleece Jackets', 'T-Shirts', 'Trousers']",840000.0,Large,27,2.0625,5250.0,3,0,0,0,0,0,0
Fashion Plus Ltd.,Woven,5.0,240.0,105,40000.0,"Shirta ,Jackets ,Pants","151/8, Green Road, Dhaka, Dhanmondi",Dhaka,Dhanmondi,2005,"['Shirta', 'Jackets', 'Pants']",480000.0,Large,20,2.2857142857142856,4571.428571428572,3,0,0,1,0,0,0
Fashion Point Ltd,Knit,5.0,645.0,306,468000.0,"T-Shirts ,Polo Shirts ,Sweat Shirts ,Pants","Plot # S-41-42, Bscic Industrial Estate, Konabari, Gazipur, Gazipur",Gazipur,Gazipur,2000,"['T-Shirts', 'Polo Shirts', 'Sweat Shirts', 'Pants']",5616000.0,Very Large,25,2.107843137254902,18352.941176470587,4,0,0,1,0,0,0
Fashion Products Ltd.,Knit,5.0,575.0,255,120000.0,"Children Wears ,Active Wears ,Jackets ,Trousre","79, Agrabad C/A, Jahan Building No. 3, Chittagong","79, Agrabad C/A, Jahan Building No. 3",Chittagong,1994,"['Children Wears', 'Active Wears', 'Jackets', 'Trousre']",1440000.0,Very Large,31,2.2549019607843137,5647.058823529412,4,0,0,0,0,0,0
Fashion Skirt & Trousers Ltd.,Woven,5.0,488.0,279,35100.0,"Trousers ,Skirts","Choydana, Gazipur, K.B. Bazar",Gazipur,K.B. Bazar,1996,"['Trousers', 'Skirts']",421200.0,Large,29,1.7491039426523298,1509.6774193548388,2,0,0,0,0,0,0
Fashion Step Ltd.,Woven,5.0,1660.0,1250,468000.0,"Shirts ,Pants ,Boys Shirt ,Blouse","16/3, Shataish, Tilagati Road, Gazipur, Gazipur",Gazipur,Gazipur,2013,"['Shirts', 'Pants', 'Boys Shirt', 'Blouse']",5616000.0,Very Large,12,1.328,4492.8,4,0,0,1,0,0,0
Fashion Store Ltd.,Woven,5.0,250.0,130,45000.0,"Wind Breakers ,Jogging Suits ,Long Pants","81, Kalmessar, Jalal Shopping Complex (3Rd-5Th Floor), Gazipur, Board Bazar",Gazipur,Board Bazar,2007,"['Wind Breakers', 'Jogging Suits', 'Long Pants']",540000.0,Large,18,1.9230769230769231,4153.846153846154,3,0,0,0,0,0,0
Fashion Summit Ltd.,Knit,1.0,365.0,349,350000.0,"T-Shirt ,Polo Shirt ,Pullover ,Jacket","Plot # S-18, Bscic I/E, Konabari, Gazipur, Gazipur",Gazipur,Gazipur,2019,"['T-Shirt', 'Polo Shirt', 'Pullover', 'Jacket']",4200000.0,Very Large,6,1.0458452722063036,12034.383954154728,4,1,0,0,1,1,0
Fashion Toys Ltd.,Woven,5.0,450.0,300,40000.0,"Trousers ,Jackets ,Bra","39, Imandipur, Dhaka, Savar",Dhaka,Savar,1994,"['Trousers', 'Jackets', 'Bra']",480000.0,Large,31,1.5,1600.0,3,0,0,0,0,0,0
Fashion Trade,Woven,1.0,1.0,81,184000.0,"Shirt ,Pant","589/1, Shah Kabir Mazar Road, Uttarkhan, Dhaka, Dhaka",Dhaka,Dhaka,2022,"['Shirt', 'Pant']",2208000.0,Very Large,3,0.012345679012345678,27259.25925925926,2,0,1,0,0,0,0
Fashion Trousers Ltd.,Woven,5.0,757.0,371,32400.0,"Trousers ,Shorts","Chaydana, Gazipur, Gazipur",Gazipur,Gazipur,1989,"['Trousers', 'Shorts']",388800.0,Large,36,2.0404312668463613,1047.9784366576819,2,0,0,0,0,0,0
Fashion Watch Ltd.,Woven,5.0,350.0,250,0.0,"Jackets ,Trousers","1293, D.T Road, Dhanialaoara, Chittagong","1293, D.T Road, Dhanialaoara",Chittagong,2003,"['Jackets', 'Trousers']",0.0,,22,1.4,0.0,2,0,0,0,0,0,0
Fashion Zone Ltd.,Woven,5.0,320.0,133,72000.0,Shirts,"22, Bijoy Nagar (3Rd Floor), Dhaka, Dhaka",Dhaka,Dhaka,1992,['Shirts'],864000.0,Large,33,2.406015037593985,6496.2406015037595,1,0,0,0,0,0,0
Fashion-1,Woven,1.0,1.0,149,1000000.0,"Shirt ,Pant ,T-Shirt ,Polo Shirt","Holding # 40/4, Shataish, Tongi, Gazipur, Gazipur",Gazipur,Gazipur,2022,"['Shirt', 'Pant', 'T-Shirt', 'Polo Shirt']",12000000.0,Very Large,3,0.006711409395973154,80536.91275167785,4,1,1,0,0,1,0
Fashion.Com Limited,Woven,5.0,450.0,350,48000.0,"Jackets ,Pants ,Skirts","Durgapur, Ashulia, Dhaka, Savar",Dhaka,Savar,2012,"['Jackets', 'Pants', 'Skirts']",576000.0,Large,13,1.2857142857142858,1645.7142857142858,3,0,0,1,0,0,0
Fashions Designs Ltd.,Knit,5.0,300.0,145,50000.0,"T-Shirts ,Polo Shirts","Rahmat Tower, Chandona Chowrasta, Gazipur, Joydevpur",Gazipur,Joydevpur,2011,"['T-Shirts', 'Polo Shirts']",600000.0,Large,14,2.0689655172413794,4137.931034482759,2,0,0,0,0,0,0
Fashions Mart Ltd.,Woven,5.0,190.0,112,36000.0,"Blouses ,Jackets ,Trousers","Plot # 1/1, 1/3, Block - K, Section # 1, Dhaka, Mirpur",Dhaka,Mirpur,2001,"['Blouses', 'Jackets', 'Trousers']",432000.0,Large,24,1.6964285714285714,3857.1428571428573,3,0,0,0,0,0,0
Fashions Suits And Trousers Ltd.,Woven,5.0,614.0,291,22400.0,"Blazers ,Trousers ,Suits ,Shorts","Chandona, Gazipur, Gazipur",Gazipur,Gazipur,1997,"['Blazers', 'Trousers', 'Suits', 'Shorts']",268800.0,Large,28,2.1099656357388317,923.7113402061856,4,0,0,0,0,0,0
Fashions Support Ltd.,Knit,5.0,550.0,401,500000.0,"T-Shirts ,Pants","Baniarchala, Bhabanipur, Gazipur, Gazipur Sadar",Gazipur,Gazipur Sadar,2013,"['T-Shirts', 'Pants']",6000000.0,Very Large,12,1.371571072319202,14962.593516209476,2,0,0,1,0,0,0
Fashrobe Garments Ltd.,Woven,5.0,499.0,193,120000.0,"Shirts ,Ladies Blouses ,Children Wears","Malibag Super Market (2Nd Floor), 468 Dit Road, Dhaka, Malibagh",Dhaka,Malibagh,1985,"['Shirts', 'Ladies Blouses', 'Children Wears']",1440000.0,Very Large,40,2.5854922279792745,7461.139896373057,3,0,0,0,0,0,0
Fast Jacquard Industries Ltd.,Sweater,5.0,200.0,100,65000.0,Sweater,"Bashon Sharak, Gazipur, Vogra",Gazipur,Vogra,2016,['Sweater'],780000.0,Large,9,2.0,7800.0,1,0,0,0,0,0,1
Fatullah Apparels,Knit,5.0,200.0,106,200000.0,"T-Shirts ,Polo Shirts","Post Office Road, Narayanganj, Fatullah",Narayanganj,Fatullah,2012,"['T-Shirts', 'Polo Shirts']",2400000.0,Very Large,13,1.8867924528301887,22641.509433962263,2,0,0,0,0,0,0
Fatullah Dyeing & Calendering Mills Ltd.,Knit,5.0,392.0,195,166667.0,"Kids Items ,Trousers ,T-Shirts ,Polo Shirts","Post Office Road, Narayanganj, Fatullah",Narayanganj,Fatullah,1995,"['Kids Items', 'Trousers', 'T-Shirts', 'Polo Shirts']",2000004.0,Very Large,30,2.01025641025641,10256.430769230768,4,0,0,0,0,0,0
Fatullah Fabrics Ltd.,Knit,1.0,298.0,258,182000.0,"T-Shirt ,Polo Shirt","Post Office Road, Fatullah, Narayangonj, Narayangonj",Narayangonj,Narayangonj,2022,"['T-Shirt', 'Polo Shirt']",2184000.0,Very Large,3,1.1550387596899225,8465.116279069767,2,1,0,0,0,1,0
Favourite Garments Ltd.,Woven,5.0,417.0,196,72000.0,"Ladies Blouses ,Infants Wears ,Skirts ,Dresses","Kalma # 1, Dhaka, Savar",Dhaka,Savar,1985,"['Ladies Blouses', 'Infants Wears', 'Skirts', 'Dresses']",864000.0,Large,40,2.127551020408163,4408.163265306122,4,0,0,0,0,0,0
Favourite Knit Wears Ltd.,Knit,5.0,340.0,134,156000.0,"Shirts ,Pants ,T-Shirts ,Polo Shirts","Barabo, Tarabo, Narayanganj, Rupganj",Narayanganj,Rupganj,2014,"['Shirts', 'Pants', 'T-Shirts', 'Polo Shirts']",1872000.0,Very Large,11,2.537313432835821,13970.149253731342,4,0,0,1,0,0,0
Fawn Wear Ltd.,Sweater,5.0,350.0,300,30000.0,"Sweaters ,Pullovers ,Cardigans","39, Kuturia, Dhaka, Savar",Dhaka,Savar,2003,"['Sweaters', 'Pullovers', 'Cardigans']",360000.0,Large,22,1.1666666666666667,1200.0,3,0,0,0,0,0,0
Fay-Max Sweater Composite Ltd.,Sweater,5.0,145.0,250,130000.0,Sweater,"Nowpara, Narsingdi, Madhabdi",Narsingdi,Madhabdi,2015,['Sweater'],1560000.0,Very Large,10,0.58,6240.0,1,0,0,0,0,0,1
FB Excellence Fashion Co. Ltd.,Woven,5.0,230.0,288,200000.0,"Shirts ,Pants","Lucky Plaza, Shimultala, Ashulia, Dhaka, Savar",Dhaka,Savar,2010,"['Shirts', 'Pants']",2400000.0,Very Large,15,0.7986111111111112,8333.333333333334,2,0,0,1,0,0,0
FCI (BD) Limited,Woven,5.0,2600.0,1500,50000.0,"Blouse ,Blazers ,Skirts ,Trousers","Plot # 36-39, Depz, Ganakbari, Savar, Dhaka, Dhaka",Dhaka,Dhaka,1998,"['Blouse', 'Blazers', 'Skirts', 'Trousers']",600000.0,Large,27,1.7333333333333334,400.0,4,0,0,0,0,0,0
Federal Garments Ltd.,Woven,5.0,300.0,200,40000.0,"Pant ,Ladies Shirts ,Short/Long Pants ,Trousers","Haji Abdus Samad Super Market (4Th Fl), 123/1/A, South Jatrabari, Dhaka, Dhaka",Dhaka,Dhaka,1992,"['Pant', 'Ladies Shirts', 'ShortLong Pants', 'Trousers']",480000.0,Large,33,1.5,2400.0,4,0,0,0,0,0,0
Feiyue Fashions Ltd.,Knit,5.0,390.0,180,100000.0,"T-Shirts ,Polo Shirts ,Ladies Wear","S.A. Plot # 47, Technagapara, Gazipur, Chandana",Gazipur,Chandana,2007,"['T-Shirts', 'Polo Shirts', 'Ladies Wear']",1200000.0,Very Large,18,2.1666666666666665,6666.666666666667,3,0,0,0,0,0,0
Fergasam (Bangladesh) Ltd.,Woven,5.0,400.0,430,0.0,"Shirts ,Jackets ,Pants","Sfb, Sf-3 (1St - 3Rd Floor), Chittagong, Cepz",Chittagong,Cepz,2008,"['Shirts', 'Jackets', 'Pants']",0.0,,17,0.9302325581395349,0.0,3,0,0,1,0,0,0
Feroja Apparels,Knit,5.0,320.0,135,0.0,"Trousers ,T-Shirts ,Polo Shirts ,Boxers","177/1, 178, South Bishil, Section # 1, Dhaka, Mirpur",Dhaka,Mirpur,2007,"['Trousers', 'T-Shirts', 'Polo Shirts', 'Boxers']",0.0,,18,2.3703703703703702,0.0,4,0,0,0,0,0,0
Feroza Garments Ltd.,Woven,5.0,693.0,324,80000.0,"Shirts ,Pants ,Trousers ,Shorts","Sultan Mansion, 3, Sujat Nagar, Section # 12, Dhaka, Mirpur",Dhaka,Mirpur,1993,"['Shirts', 'Pants', 'Trousers', 'Shorts']",960000.0,Large,32,2.138888888888889,2962.962962962963,4,0,0,1,0,0,0
FGS Denim Wear Ltd.,Unknown,,2100.0,0,552600.0,"Jackets ,Denim Pants ,Denim Shirts","Katgora Bazar, Zirabo, Dhaka, B. Baria",Dhaka,B. Baria,2020,"['Jackets', 'Denim Pants', 'Denim Shirts']",6631200.0,Very Large,5,0.0,0.0,3,0,0,0,0,0,0
Fiat Fashion Ltd.,Unknown,,0.0,0,504000.0,"T-Shirts ,Polo Shirts ,Tank Tops","878-879, Sharifpur National University, Gazipur","878-879, Sharifpur National University",Gazipur,2016,"['T-Shirts', 'Polo Shirts', 'Tank Tops']",6048000.0,Very Large,9,0.0,0.0,3,0,0,0,0,0,0
Figo Apparels Ltd.,Knit,5.0,450.0,216,270000.0,"Panties ,Bra","Plot # B-62, 63 & S-21 P (1St Floor), Bscic I/E, Chittagong, Kalurghat",Chittagong,Kalurghat,2002,"['Panties', 'Bra']",3240000.0,Very Large,23,2.0833333333333335,15000.0,2,0,0,0,0,0,0
Fija Fashions Apparels Ltd.,Woven,5.0,300.0,243,60000.0,"Shirts ,Jackets ,Pants ,Trousers","147, Chand Meah Lane, Chittagong, Khatungonj",Chittagong,Khatungonj,1992,"['Shirts', 'Jackets', 'Pants', 'Trousers']",720000.0,Large,33,1.2345679012345678,2962.962962962963,4,0,0,1,0,0,0
Fin Fashion Ltd.,Woven,5.0,600.0,230,150000.0,"Shirts ,Ladies Blouses ,Polar Fleece Shirts ,Pajama Sets","10/A, Bondmala Road, Haji Market, Dutta Para, Gazipur, Tongi",Gazipur,Tongi,2006,"['Shirts', 'Ladies Blouses', 'Polar Fleece Shirts', 'Pajama Sets']",1800000.0,Very Large,19,2.608695652173913,7826.086956521739,4,0,0,0,0,0,0
Fin-Bangla Apparels Ltd.,Woven,5.0,1000.0,600,260000.0,"Shirts ,Pants","29,Gareb-E-Newaz Avenue, Sector-11,Uttara,Dhaka-1230, Gazipur, B. Baria",Gazipur,B. Baria,2016,"['Shirts', 'Pants']",3120000.0,Very Large,9,1.6666666666666667,5200.0,2,0,0,1,0,0,0
Fine Crafts Ltd.,Woven,5.0,180.0,60,24000.0,"Shirts ,Blouses ,Dresses","24/Ka, Saheed Minar Road (4Th Floor), Dhaka, Kallyanpur",Dhaka,Kallyanpur,1994,"['Shirts', 'Blouses', 'Dresses']",288000.0,Large,31,3.0,4800.0,3,0,0,0,0,0,0
Finesse Apparels Ltd.,Knit,5.0,100.0,200,40900000.0,"Shirts ,Pants ,T-Shirts ,Polo Shirts","Plot # 103/104, Sector # 3, Chittagong, Kepz",Chittagong,Kepz,2016,"['Shirts', 'Pants', 'T-Shirts', 'Polo Shirts']",490800000.0,Very Large,9,0.5,2454000.0,4,0,0,1,0,0,0
Finnkoli Apparels Ltd.,Knit,5.0,1972.0,570,624000.0,"T-Shirts ,Polo Shirts","Plot # 18-20, Road # 11, Shyampur I/A, Dhaka, Kadamtoli",Dhaka,Kadamtoli,2011,"['T-Shirts', 'Polo Shirts']",7488000.0,Very Large,14,3.4596491228070176,13136.842105263158,2,0,0,0,0,0,0
First Wear Ltd.,Woven,5.0,500.0,200,96000.0,"Jackets ,Long Pants ,Jogging Suits ,Shorts","68/Y, Sagarika Road, Chittagong, Pahartali",Chittagong,Pahartali,2001,"['Jackets', 'Long Pants', 'Jogging Suits', 'Shorts']",1152000.0,Very Large,24,2.5,5760.0,4,0,0,0,0,0,0
Firststep Apparels (Pvt.) Ltd.,Knit,5.0,65.0,50,96000.0,"T-Shirts ,Poo Shirts","House # 77, Road # 1, Block # A, Word # 7, Ahalia, Dhaka, Turag",Dhaka,Turag,2015,"['T-Shirts', 'Poo Shirts']",1152000.0,Very Large,10,1.3,23040.0,2,0,0,0,0,0,0
Fit Well Sweater (Pvt.) Ltd.,Sweater,5.0,150.0,140,30000.0,Sweaters,"Nazma Ahmed Complex (4Th Fl), 224/N, Dighirpar, Chittagong, Dewanhat",Chittagong,Dewanhat,2010,['Sweaters'],360000.0,Large,15,1.0714285714285714,2571.4285714285716,1,0,0,0,0,0,0
Five Star Fashions Ltd.,Woven,5.0,290.0,130,50000.0,"Jackets ,Overalls ,Trousers ,Shorts","Sunrise Shopping Complex, 11, C.D.A Market, Chittagong, Pahartali",Chittagong,Pahartali,1994,"['Jackets', 'Overalls', 'Trousers', 'Shorts']",600000.0,Large,31,2.230769230769231,4615.384615384615,4,0,0,0,0,0,0
Flamingo Fashions Ltd.,Knit,5.0,2066.0,552,1250000.0,"Jackets ,Tank Top ,T-Shirts ,Polo Shirts","Sardagonj, Gazipur, Kashimpur",Gazipur,Kashimpur,2003,"['Jackets', 'Tank Top', 'T-Shirts', 'Polo Shirts']",15000000.0,Very Large,22,3.7427536231884058,27173.91304347826,4,0,0,0,0,0,0
Flamingo Knit Wear Ltd.,Woven,5.0,263.0,110,33000.0,"Jackets ,Pants ,Overalls","140, Deoyan Hat, 2 No. Rel Gate, Chittagong, Double Mooring",Chittagong,Double Mooring,1992,"['Jackets', 'Pants', 'Overalls']",396000.0,Large,33,2.390909090909091,3600.0,3,0,0,1,0,0,0
Flash Apparels Ltd.,Woven,5.0,0.0,0,0.0,"Jackets ,Jogging Suit","118/2 No Kathaldia, Gazipur, Tongi",Gazipur,Tongi,1993,"['Jackets', 'Jogging Suit']",0.0,,32,0.0,0.0,2,0,0,0,0,0,0
Flaxen Dress Maker Ltd.,Woven,1.0,2700.0,1886,125000.0,"T-Shirts ,Baby Item ,Jacket ,Pant","Meghduby, Ward # 40, Gazipur City Corporation, Gazipur, Gazipur",Gazipur,Gazipur,2009,"['T-Shirts', 'Baby Item', 'Jacket', 'Pant']",1500000.0,Very Large,16,1.4316012725344645,795.3340402969247,4,0,0,0,1,0,0
Florence Fabrics Ltd.,Woven,5.0,798.0,320,150000.0,"Shirts ,Ladies Blouses ,Boys Shirts ,Babies Shirts","Rahman Bhaban (3Rd Floor), 100, Mohakhali C/A, Dhaka, B. Baria",Dhaka,B. Baria,1995,"['Shirts', 'Ladies Blouses', 'Boys Shirts', 'Babies Shirts']",1800000.0,Very Large,30,2.49375,5625.0,4,0,0,0,0,0,0
Florence Fashions Ltd.,Woven,5.0,650.0,400,160000.0,"Shirts ,Blouses","284, Ibrahimpur (3Rd, 4Th & 5Th Floor), Dhaka, Cantonment",Dhaka,Cantonment,1999,"['Shirts', 'Blouses']",1920000.0,Very Large,26,1.625,4800.0,2,0,0,0,0,0,0
Florence Shirts Ltd.,Woven,5.0,200.0,600,240000.0,"Shirts ,Pants","40/3, Anowar Jong Road, Block-D, Chara Bagh, Ashulia, Dhaka, Savar",Dhaka,Savar,2016,"['Shirts', 'Pants']",2880000.0,Very Large,9,0.3333333333333333,4800.0,2,0,0,1,0,0,0
Florescent Apparels Ltd.,Knit,5.0,480.0,200,200000.0,"T-Shirts ,Polo Shirts ,Tank Top ,Sweat Shirts","81, Barabagh, Section # 2, Dhaka, Mirpur",Dhaka,Mirpur,1991,"['T-Shirts', 'Polo Shirts', 'Tank Top', 'Sweat Shirts']",2400000.0,Very Large,34,2.4,12000.0,4,0,0,0,0,0,0
Floret (Pvt.) Ltd.,Woven,5.0,350.0,160,60000.0,"Girl's Wears ,Childern Wears","Kunia, Targach, Gazipur, National University",Gazipur,National University,1992,"['Girls Wears', 'Childern Wears']",720000.0,Large,33,2.1875,4500.0,2,0,0,0,0,0,0
Floret Fashion Wears (Pvt) Ltd.,Woven,5.0,325.0,140,50000.0,"Girl's Wears ,Children Wears","Kunia, Targach, Gazipur, National University",Gazipur,National University,1997,"['Girls Wears', 'Children Wears']",600000.0,Large,28,2.3214285714285716,4285.714285714285,2,0,0,0,0,0,0
FnF Trend Fashion Ltd.,Woven,1.0,2000.0,890,450000.0,"Chion Pant ,Denim Pant ,Jogger","H-2282/5, Nobi Ullha Mir Mansion, Hazi Liakwat Mir Road, Jamgora, Ashulia, Dhaka, Dhaka",Dhaka,Dhaka,2017,"['Chion Pant', 'Denim Pant', 'Jogger']",5400000.0,Very Large,8,2.247191011235955,6067.4157303370785,3,0,0,0,0,0,0
Fontina Fashions Ltd.,Woven,5.0,439.0,140,85000.0,"Shirts ,Blouses ,Dresses","97, Dit Road, Dhaka, Rampura",Dhaka,Rampura,2001,"['Shirts', 'Blouses', 'Dresses']",1020000.0,Very Large,24,3.1357142857142857,7285.714285714285,3,0,0,0,0,0,0
Formosa Healthcare Inds. Ltd.,Woven,5.0,150.0,170,7080000.0,"Shirts ,Pants","Baniar Chala, Vhabanipur, Gazipur, Gazipur Sadar",Gazipur,Gazipur Sadar,2014,"['Shirts', 'Pants']",84960000.0,Very Large,11,0.8823529411764706,499764.70588235295,2,0,0,1,0,0,0
Fortis Garments Ltd.,Woven,5.0,350.0,188,1200000.0,"Shirts ,Pants ,T-Shirts ,Polo Shirts","Holding # 100/1 (1St-6Th Floor), Block-B, Chandura, Shafipur, Gazipur, Gazipur",Gazipur,Gazipur,2010,"['Shirts', 'Pants', 'T-Shirts', 'Polo Shirts']",14400000.0,Very Large,15,1.8617021276595744,76595.74468085106,4,0,0,1,0,0,0
Fortune Apparels Ltd.,Knit,5.0,1050.0,518,180000.0,"Shirts ,Jackets ,T-Shirts ,Pants","135/142, Nasirabad I/A, Chittagong","135/142, Nasirabad I/A,",Chittagong,1999,"['Shirts', 'Jackets', 'T-Shirts', 'Pants']",2160000.0,Very Large,26,2.027027027027027,4169.88416988417,4,0,0,1,0,0,0
Fortune Fashion Ltd.,Knit,5.0,500.0,302,90000.0,"Shirts ,Pajama Sets ,Swim Suits","Jahan Building No. 2,, 28 Agrabad C/A, Chittagong, Agrabad",Chittagong,Agrabad,1993,"['Shirts', 'Pajama Sets', 'Swim Suits']",1080000.0,Very Large,32,1.6556291390728477,3576.158940397351,3,0,0,0,0,0,0
Fountain Garments Manufacturing Ltd.,Woven,5.0,4000.0,2400,1100000.0,"Shirts ,Blouses ,Skirts","61-62, Baipail, Dhaka, Dhaka",Dhaka,Dhaka,1998,"['Shirts', 'Blouses', 'Skirts']",13200000.0,Very Large,27,1.6666666666666667,5500.0,3,0,0,0,0,0,0
Four Brothers Fashion,Woven,5.0,1000.0,800,420000.0,"Shirts ,Dress ,Jackets ,Pants","66-68, Hazi Dil Mohammadpur Avenue, Main Road, Dhaka Uddyan, Dhaka, Mohammadpur",Dhaka,Mohammadpur,1994,"['Shirts', 'Dress', 'Jackets', 'Pants']",5040000.0,Very Large,31,1.25,6300.0,4,0,0,1,0,0,0
Four Design (Pvt.) Ltd.,Knit,5.0,750.0,101,20000.0,"T-Shirts ,Polo Shirts","Plot # B-359-360,, Bscic I/A, Narayanganj, Fatullah",Narayanganj,Fatullah,2014,"['T-Shirts', 'Polo Shirts']",240000.0,Large,11,7.425742574257426,2376.237623762376,2,0,0,0,0,0,0
Four H Apparels Ltd.,Knit,5.0,625.0,433,1000000.0,"T-Shirts ,Polo Shirts","295, Jalalabad, Chittagong, Hathazari Road",Chittagong,Hathazari Road,2012,"['T-Shirts', 'Polo Shirts']",12000000.0,Very Large,13,1.443418013856813,27713.625866050807,2,0,0,0,0,0,0
Four H Fashions Ltd.,Knit,5.0,750.0,463,720000.0,"Sleep Wears ,Underwears ,Panties","778, Dt Road, Ashkarabad, Chittagong, Double Mooring",Chittagong,Double Mooring,2004,"['Sleep Wears', 'Underwears', 'Panties']",8640000.0,Very Large,21,1.6198704103671706,18660.907127429804,3,0,0,0,0,0,0
Four H Intimates Ltd.,Knit,5.0,840.0,369,144000.0,"T-Shirts ,Sleep Wears ,Thermal Sets ,Shelf Cami","1154, Dt Road, West Dhanialapara, Chittagong","1154, Dt Road, West Dhanialapara",Chittagong,2006,"['T-Shirts', 'Sleep Wears', 'Thermal Sets', 'Shelf Cami']",1728000.0,Very Large,19,2.2764227642276422,4682.926829268293,4,0,0,0,0,0,0
Four H Knittex Ltd.,Knit,5.0,700.0,272,1080000.0,"T-Shirts ,Panties ,Underwears ,Bra","257/A, M.Q. Plaza, Fakirhat Road, Chittagong","257/A, M.Q. Plaza, Fakirhat Road",Chittagong,2006,"['T-Shirts', 'Panties', 'Underwears', 'Bra']",12960000.0,Very Large,19,2.573529411764706,47647.05882352941,4,0,0,0,0,0,0
Four H Lingerie Ltd.,Knit,5.0,1600.0,730,1800000.0,"Underwears ,Sports Bra ,Panties ,Briefs","Brtc Bus Dipo, Baluchara, Chittagong","Brtc Bus Dipo, Baluchara",Chittagong,2006,"['Underwears', 'Sports Bra', 'Panties', 'Briefs']",21600000.0,Very Large,19,2.191780821917808,29589.04109589041,4,0,0,0,0,0,0
Four Knit Wear Ltd.,Knit,5.0,460.0,195,100000.0,"T-Shirts ,Polo Shirts","Pathantuli, Narayanganj, Godnail",Narayanganj,Godnail,2015,"['T-Shirts', 'Polo Shirts']",1200000.0,Very Large,10,2.358974358974359,6153.846153846154,2,0,0,0,0,0,0
Four R Apparels,Woven,1.0,200.0,164,0.0,"Shirt ,Pant","1028/A, Shahor, Khilgaon, Dhaka, Dhaka",Dhaka,Dhaka,2022,"['Shirt', 'Pant']",0.0,,3,1.2195121951219512,0.0,2,0,1,0,0,0,0
Four Wings Limited,Woven,5.0,635.0,572,70000.0,"Jackets ,Trousers ,Pants ,Skirts","Plot # M/2, Main Road # 1, Section # 7, Dhaka, Dhaka",Dhaka,Dhaka,1998,"['Jackets', 'Trousers', 'Pants', 'Skirts']",840000.0,Large,27,1.1101398601398602,1468.5314685314686,4,0,0,1,0,0,0
Foysal Tex Ltd.,Woven,1.0,0.0,0,0.0,"Shirt ,Pant ,T-Shirt ,Polo Shirt","553/2, Sharifpur, Gacha, National University, Gazipur, Gazipur",Gazipur,Gazipur,2022,"['Shirt', 'Pant', 'T-Shirt', 'Polo Shirt']",0.0,,3,0.0,0.0,4,1,1,0,0,1,0
Frank Apparel Limited,Woven,5.0,1057.0,778,250000.0,"Denim Pants ,Ladies Dress ,Child Dress","Upahar Complex, Cda Plot # 10, Agrabad C/A, Chittagong, Agrabad",Chittagong,Agrabad,1995,"['Denim Pants', 'Ladies Dress', 'Child Dress']",3000000.0,Very Large,30,1.358611825192802,3856.0411311053986,3,0,0,0,0,0,0
Frank Garments (Pvt.) Ltd.,Woven,5.0,764.0,465,85000.0,"Dress Pants ,Ladies Dress ,Putter Pants","105, Agrabad C/A, Hossin Chamber (5Th Floor), Chittagong, Agrabad",Chittagong,Agrabad,1985,"['Dress Pants', 'Ladies Dress', 'Putter Pants']",1020000.0,Very Large,40,1.643010752688172,2193.548387096774,3,0,0,0,0,0,0
Fresh Fashion Wear Ltd.,Woven,5.0,670.0,380,130000.0,"Men's Shirts ,Ladies Shirt ,Ladies Blouse","638, Sharifpur, National University, Gazipur, Gazipur",Gazipur,Gazipur,2007,"['Mens Shirts', 'Ladies Shirt', 'Ladies Blouse']",1560000.0,Very Large,18,1.763157894736842,4105.263157894737,3,0,0,0,0,0,0
Friends and Friends Apparels (Pvt) Ltd.,Woven,5.0,998.0,530,132000.0,"Jackets ,Trousers ,Jogging Suits","Mehedi Supper Market (2Nd Floor), 754/827, Mehedibagh, Chittagong, Kotawali",Chittagong,Kotawali,1992,"['Jackets', 'Trousers', 'Jogging Suits']",1584000.0,Very Large,33,1.8830188679245283,2988.6792452830186,3,0,0,0,0,0,0
Friends Fashion,Woven,5.0,450.0,213,80000.0,"Shirts ,Dresses ,Trousers","42/A, Zigatola, Salek Garden (2Nd Floor), Dhaka, Dhanmondi",Dhaka,Dhanmondi,1992,"['Shirts', 'Dresses', 'Trousers']",960000.0,Large,33,2.112676056338028,4507.042253521126,3,0,0,0,0,0,0
Friends Knit Wear & Accessories Ltd.,Knit,5.0,495.0,299,321000.0,"T-Shirts ,Polo Shirts","Plot # B-6 (Part), B-7 (Part), Bscic Industrial Estate, Gazipur, Gazipur",Gazipur,Gazipur,2014,"['T-Shirts', 'Polo Shirts']",3852000.0,Very Large,11,1.6555183946488294,12882.943143812709,2,0,0,0,0,0,0
Friends Knittings Ltd.,Woven,5.0,200.0,150,20000.0,"Jackets ,Pants ,Shorts Pants ,Swim Trunks","66/3/A East Hazipara, D.I.T Road, Dhaka, Rampura",Dhaka,Rampura,1991,"['Jackets', 'Pants', 'Shorts Pants', 'Swim Trunks']",240000.0,Large,34,1.3333333333333333,1600.0,4,0,0,1,0,0,0
Friends Stylewear Ltd.,Knit,5.0,1200.0,967,300000.0,"Blouses ,Jackets ,T-Shirts ,Polo Shirts","411, Mazukhan, Gazipur, Pubail",Gazipur,Pubail,2007,"['Blouses', 'Jackets', 'T-Shirts', 'Polo Shirts']",3600000.0,Very Large,18,1.2409513960703207,3722.8541882109616,4,0,0,0,0,0,0
Friends World Composite Inds. Ltd.,Knit,5.0,205.0,100,58500.0,"Shirts ,Shorts ,T-Shirts ,Tank Tops","Balitha, Bathuli,, Po-Shablishar, Dhaka, Dhamrai",Dhaka,Dhamrai,2003,"['Shirts', 'Shorts', 'T-Shirts', 'Tank Tops']",702000.0,Large,22,2.05,7020.0,4,0,0,0,0,0,0
FRM Fashion House Ltd.,Knit,5.0,519.0,570,250000.0,"Jackets ,T-Shirts ,Polo Shirts ,Vests","226, Singair Road, Hemayetpur, Dhaka, Savar",Dhaka,Savar,1998,"['Jackets', 'T-Shirts', 'Polo Shirts', 'Vests']",3000000.0,Very Large,27,0.9105263157894737,5263.1578947368425,4,0,0,0,0,0,0
Fuji Knitwears Ltd.,Sweater,5.0,1152.0,550,120000.0,"Sweaters ,Ladies Sweaters","8, Rajuk Plot, B.B. Road, Narayanganj, Chashara",Narayanganj,Chashara,1999,"['Sweaters', 'Ladies Sweaters']",1440000.0,Very Large,26,2.0945454545454547,2618.181818181818,2,0,0,0,0,0,0
Fullcharm Fashion Knitters Ltd.(U-2),Sweater,5.0,600.0,350,90000.0,Sweaters,"31/1, Hossain Market, Dattapara, Gazipur, Tongi",Gazipur,Tongi,2001,['Sweaters'],1080000.0,Very Large,24,1.7142857142857142,3085.714285714286,1,0,0,0,0,0,0
Fullcharm Fashion Knitters Ltd.,Sweater,5.0,600.0,350,90000.0,Sweaters,"Plot # 1175 & 1179, Bhasan Sarak, Vogra, National University, Gazipur","Plot # 1175 & 1179, Bhasan Sarak, Vogra, National University",Gazipur,1999,['Sweaters'],1080000.0,Very Large,26,1.7142857142857142,3085.714285714286,1,0,0,0,0,0,0
Fullcharm Fashion Knitters Ltd.(U-2),Sweater,5.0,600.0,350,90000.0,Sweaters,"31/1, Hossain Market, Dattapara, Gazipur, Tongi",Gazipur,Tongi,2001,['Sweaters'],1080000.0,Very Large,24,1.7142857142857142,3085.714285714286,1,0,0,0,0,0,0
Fulpur Knit & Garments Ltd.,Knit,5.0,125.0,75,210000.0,"T-Shirts ,Polo Shirts","2/1, Fakir Market, Baro Dewra, Gazipur, Tongi",Gazipur,Tongi,2006,"['T-Shirts', 'Polo Shirts']",2520000.0,Very Large,19,1.6666666666666667,33600.0,2,0,0,0,0,0,0
Fun Factory Ltd.,Knit,5.0,450.0,600,375000.0,"Pants ,Trousers ,T-Shirts ,Polo Shirts","Haji Rafiz Uddin Tower, Ashulia Epz Road, Dhaka, Savar",Dhaka,Savar,2011,"['Pants', 'Trousers', 'T-Shirts', 'Polo Shirts']",4500000.0,Very Large,14,0.75,7500.0,4,0,0,1,0,0,0
Future Apparels & Accessories,Knit,1.0,230.0,180,135000.0,"T-Shirt ,Polo shirt","Plot # 11, Road # 01, Section # 7, Mirpur, Dhaka, Dhaka",Dhaka,Dhaka,2020,"['T-Shirt', 'Polo shirt']",1620000.0,Very Large,5,1.2777777777777777,9000.0,2,1,0,0,0,0,0
Future Apparels BD Ltd.,Knit,5.0,270.0,157,1000000.0,"T-Shirts ,Polo Shirts","East Anayetpur, Baganbari Road, Gazipur, Kashimpur",Gazipur,Kashimpur,2015,"['T-Shirts', 'Polo Shirts']",12000000.0,Very Large,10,1.7197452229299364,76433.12101910828,2,0,0,0,0,0,0
Future Clothing Ltd.,Knit,5.0,300.0,75,80000.0,"Shirts ,Knit Items","75, Ibrahimpur, Dhaka, Cantonment",Dhaka,Cantonment,2000,"['Shirts', 'Knit Items']",960000.0,Large,25,4.0,12800.0,2,0,0,0,0,0,0
Future-Knit Composite Ltd.,Woven,1.0,300.0,250,5760000.0,"T-Shirt ,Polo Shirt ,Jacket ,Sweat Shirt","398/1, Ambag, Paschimpara, Konabari, Gazipur, Gazipur",Gazipur,Gazipur,2020,"['T-Shirt', 'Polo Shirt', 'Jacket', 'Sweat Shirt']",69120000.0,Very Large,5,1.2,276480.0,4,1,0,0,1,1,0
Fyne Sweaters Ltd.,Sweater,5.0,1300.0,490,100000.0,"Sweaters ,Pullovers ,Poncho ,Cardigans","Dager Chala, National University, Gazipur, Joydevpur",Gazipur,Joydevpur,2005,"['Sweaters', 'Pullovers', 'Poncho', 'Cardigans']",1200000.0,Very Large,20,2.6530612244897958,2448.9795918367345,4,0,0,0,0,0,0
G.A.B Ltd.,Knit,5.0,2100.0,850,2000000.0,T-Shorts,"Palashbari, Ashulia, Dhaka, Savar",Dhaka,Savar,1997,['T-Shorts'],24000000.0,Very Large,28,2.4705882352941178,28235.29411764706,1,0,0,0,0,0,0
G.R. Apparels Ltd.,Knit,5.0,300.0,160,800000.0,"Infants Wears ,Knit Items","1293, Dhaka Trank Road, Chittagong, Dhaniala Para",Chittagong,Dhaniala Para,1994,"['Infants Wears', 'Knit Items']",9600000.0,Very Large,31,1.875,60000.0,2,0,0,0,0,0,0
Galaxy Stitch Ltd.,Knit,5.0,2340.0,100,800800.0,"T-Shirts ,Polo Shirts","Plot # A-102, Bcsic I/A, Gazipur, Tongi",Gazipur,Tongi,2015,"['T-Shirts', 'Polo Shirts']",9609600.0,Very Large,10,23.4,96096.0,2,0,0,0,0,0,0
Galaxy Sweaters & Yarn Dy. Ltd.,Sweater,5.0,310.0,462,130000.0,Sweaters,"Vadam, Nishat Nagar, Gazipur, Tongi",Gazipur,Tongi,2008,['Sweaters'],1560000.0,Very Large,17,0.670995670995671,3376.6233766233768,1,0,0,0,0,0,0
Gallant Fashions Ltd.,Knit,5.0,498.0,255,172000.0,"Shirts ,Shorts ,T-Shirts","37, Nasirabad I/A, Chittagong","37, Nasirabad I/A,",Chittagong,1998,"['Shirts', 'Shorts', 'T-Shirts']",2064000.0,Very Large,27,1.9529411764705882,8094.117647058823,3,0,0,0,0,0,0
Galpex Ltd.,Woven,5.0,341.0,180,80000.0,"Jackets ,Ladies Pants ,Pants","Momota Shapping Complex (5Th & 6Th Fl), 24, North Kafrul, Dhaka, Cantonment",Dhaka,Cantonment,1992,"['Jackets', 'Ladies Pants', 'Pants']",960000.0,Large,33,1.8944444444444444,5333.333333333333,3,0,0,1,0,0,0
Gardenia Wears Ltd.,Woven,5.0,0.0,0,0.0,"Shirt ,Pant","310/668, Sitpara, Bormi, Gazipur, Sreepur",Gazipur,Sreepur,2016,"['Shirt', 'Pant']",0.0,,9,0.0,0.0,2,0,1,0,0,0,0
Garib & Garib Co. Ltd.,Sweater,5.0,1600.0,1440,96000.0,"Pullovers ,Cardigans","Vogra, Gazipur, Joydevpur",Gazipur,Joydevpur,1994,"['Pullovers', 'Cardigans']",1152000.0,Very Large,31,1.1111111111111112,800.0,2,0,0,0,0,0,0
Garib & Garib Co. Ltd. (Unit-2),Sweater,5.0,2400.0,1662,144000.0,"Pullovers ,Cardigans","Vogra, Gazipur, Joydevpur",Gazipur,Joydevpur,2001,"['Pullovers', 'Cardigans']",1728000.0,Very Large,24,1.444043321299639,1039.71119133574,2,0,0,0,0,0,0
Garments Export Village Ltd.,Woven,5.0,3000.0,1700,500000.0,"Shirts ,Pants ,Jacquard Sweater","Maa Tower, 128, Kbm Road, Gazipur, Tongi",Gazipur,Tongi,2005,"['Shirts', 'Pants', 'Jacquard Sweater']",6000000.0,Very Large,20,1.7647058823529411,3529.4117647058824,3,0,0,1,0,0,0
Garments Home (Pvt) Ltd.,Knit,5.0,210.0,84,60000.0,"Kids Items ,Jogging Suits ,Shorts","2341/2615, Bancha Mear Road, West Nasirabad, Chittagong, Pahartali",Chittagong,Pahartali,2007,"['Kids Items', 'Jogging Suits', 'Shorts']",720000.0,Large,18,2.5,8571.42857142857,3,0,0,0,0,0,0
Garments Manufacturing And Assembling Ltd.,Knit,1.0,522.0,267,104000.0,"Sports Wear ,Jersey ,T-Shirt ,Polo Shirt","43, Rajabari, Nishat Nagor, Turag, Dhaka, Dhaka",Dhaka,Dhaka,2019,"['Sports Wear', 'Jersey', 'T-Shirt', 'Polo Shirt']",1248000.0,Very Large,6,1.9550561797752808,4674.157303370786,4,1,0,0,0,1,0
Garments Park BD.Ltd.,Knit,1.0,490.0,235,600000.0,"T-Shirt ,Polo Shirt","Be/115/03, Banikpara, Dataram Road, Chowdhury Hat, Hathazari, Chittagong, Chittagong",Chittagong,Chittagong,2022,"['T-Shirt', 'Polo Shirt']",7200000.0,Very Large,3,2.0851063829787235,30638.297872340427,2,1,0,0,0,1,0
Garmex Limited,Woven,5.0,410.0,134,48000.0,"Shirts ,Blouses ,Skirts","50, Airport Road, Tejkunipara, Dhaka, Tejgaon",Dhaka,Tejgaon,1985,"['Shirts', 'Blouses', 'Skirts']",576000.0,Large,40,3.0597014925373136,4298.507462686567,3,0,0,0,0,0,0
Gartex Garments Ltd.,Knit,5.0,960.0,696,12500.0,"Jacket ,Pant","1731, Mostafa Hakim College Road, Chittagong, Chittagong",Chittagong,Chittagong,2007,"['Jacket', 'Pant']",150000.0,Large,18,1.3793103448275863,215.51724137931035,2,0,0,0,1,0,0
Gateway Fashion Ltd.,Knit,5.0,173.0,0,90000.0,"T-Shirts ,Polo Shirts","Helal Market, 168/1, Uttar Khan, Dhaka, Uttara",Dhaka,Uttara,2009,"['T-Shirts', 'Polo Shirts']",1080000.0,Very Large,16,0.0,0.0,2,0,0,0,0,0,0
Gatsby Trade International,Woven,1.0,1.0,200,500000.0,"Shirt ,Pant ,T-Shirt ,Polo Shirt","Gorai Hatuvanga Road, Gorai, Mirjapur, Tangail, Tangail",Tangail,Tangail,2023,"['Shirt', 'Pant', 'T-Shirt', 'Polo Shirt']",6000000.0,Very Large,2,0.005,30000.0,4,1,1,0,0,1,0
Gaya Product Development Company (BD) Ltd.,Woven,1.0,475.0,1122,140000.0,"Shirt ,Pant ,T-Shirt ,Polo Shirt","Plot # 8B, Korean Epz, Karnafully, Chittagong, Chittagong",Chittagong,Chittagong,2022,"['Shirt', 'Pant', 'T-Shirt', 'Polo Shirt']",1680000.0,Very Large,3,0.4233511586452763,1497.326203208556,4,1,1,0,0,1,0
Gazy Knitwear,Knit,5.0,120.0,70,10000000.0,"T-Shirts ,Polo Shirts","Plot # 4, D.N. Road, Shampur, Dhaka, Kadamtoli",Dhaka,Kadamtoli,2016,"['T-Shirts', 'Polo Shirts']",120000000.0,Very Large,9,1.7142857142857142,1714285.7142857143,2,0,0,0,0,0,0
GDM Wear Ltd.,Knit,5.0,200.0,105,60000.0,"Shirts ,Pants ,T-Shirts ,Sweater","House # 4, Block # B, Ward # 4, Trimohoni Main Road, Daserkandi, Dhaka, Khilgaon",Dhaka,Khilgaon,2014,"['Shirts', 'Pants', 'T-Shirts', 'Sweater']",720000.0,Large,11,1.9047619047619047,6857.142857142857,4,0,0,1,0,0,1
Geebee Garments Inds. Ltd.,Knit,5.0,317.0,177,50000.0,"Shirts ,Pants ,T-Shirts ,Fleece Jackets","Sfb # 3 (1St & 2Nd Floor), Depz, Ganakbari, Dhaka, Savar",Dhaka,Savar,2006,"['Shirts', 'Pants', 'T-Shirts', 'Fleece Jackets']",600000.0,Large,19,1.7909604519774012,3389.830508474576,4,0,0,1,0,0,0
Gemini Fashions (Pvt) Ltd.,Knit,5.0,300.0,150,120000.0,"Pants ,Kids Wears ,Under Wears ,Skirts","295, Jalalabad, Hathazari Road, Chittagong, Baizid",Chittagong,Baizid,2006,"['Pants', 'Kids Wears', 'Under Wears', 'Skirts']",1440000.0,Very Large,19,2.0,9600.0,4,0,0,1,0,0,0
Gemini Garments Ltd.,Woven,5.0,757.0,354,150000.0,"Shirts ,Jackets ,Pants","31, Mohakhali C/A, Dhaka, Mohakhali",Dhaka,Mohakhali,1985,"['Shirts', 'Jackets', 'Pants']",1800000.0,Very Large,40,2.138418079096045,5084.745762711865,3,0,0,1,0,0,0
Gemtex Limited,Woven,5.0,1100.0,650,100000.0,"Trousers ,Shorts ,Skirts ,Pants","Sharifpur (Maleker Bari), National University, Gazipur, Gazipur Sadar",Gazipur,Gazipur Sadar,2008,"['Trousers', 'Shorts', 'Skirts', 'Pants']",1200000.0,Very Large,17,1.6923076923076923,1846.1538461538462,4,0,0,1,0,0,0
General Garments Ltd.,Woven,5.0,275.0,104,72000.0,"Shirts ,Wind Breakers ,Jogging Suits","76, 76/1, First Colony, Mazar Road, Gabtoli, Dhaka, Mirpur",Dhaka,Mirpur,1985,"['Shirts', 'Wind Breakers', 'Jogging Suits']",864000.0,Large,40,2.644230769230769,8307.692307692309,3,0,0,0,0,0,0
Generation Next Fashions Ltd.,Knit,5.0,2500.0,952,1200000.0,"T-Shirts ,Polo Shirts ,Tank Tops","Dhonaid, Earpur, Dhaka, Savar",Dhaka,Savar,2009,"['T-Shirts', 'Polo Shirts', 'Tank Tops']",14400000.0,Very Large,16,2.6260504201680672,15126.050420168067,3,0,0,0,0,0,0
Genesis Denim Ltd.,Woven,1.0,0.0,622,258000.0,"Mens' Womens Long /short Pants ,Shorts ,Kids Wear","Plot # 228/1, (Ground & 1St Floor), Tin Sarak,, Luxmipura, Gazipur","Plot # 228/1, (Ground & 1St Floor), Tin Sarak,, Luxmipura,",Gazipur,2017,"['Mens Womens Long short Pants', 'Shorts', 'Kids Wear']",3096000.0,Very Large,8,0.0,4977.491961414791,3,0,0,0,0,0,0
Genesis Fashion Ltd.,Woven,1.0,0.0,1278,454166.0,"Mens' Womens Long Pants ,Womens Pants ,Shorts ,Kids Wears","126/1, Kadda Nandun, Kadda Bazar, Gazipur Sadar, Gazipur","126/1, Kadda Nandun, Kadda Bazar, Gazipur Sadar",Gazipur,1993,"['Mens Womens Long Pants', 'Womens Pants', 'Shorts', 'Kids Wears']",5449992.0,Very Large,32,0.0,4264.469483568075,4,0,0,0,0,0,0
Genius Fashions Ltd.,Knit,5.0,350.0,135,300000.0,"Knit Items ,Trousers","Nabinagar Kaliakoir Road, South Panishail, Gazipur, Zirani",Gazipur,Zirani,1998,"['Knit Items', 'Trousers']",3600000.0,Very Large,27,2.5925925925925926,26666.666666666668,2,0,0,0,0,0,0
GH Haewae Co. Ltd.,Knit,5.0,2450.0,1914,300000.0,"T-Shirts ,Outerwears ,Pants ,Top & Bottom","Plot # 19 - 24, Sector # 8, Chittagong, Cepz",Chittagong,Cepz,2004,"['T-Shirts', 'Outerwears', 'Pants', 'Top  Bottom']",3600000.0,Very Large,21,1.2800417972831766,1880.8777429467084,4,0,0,1,0,0,0
Giant Apparels Ltd.,Knit,5.0,690.0,391,362500.0,"Polo Shirts ,Fleece Jackets ,Shorts","Shahid Rowshan Sarak, Chandana, Gazipur, Joydevpur",Gazipur,Joydevpur,2004,"['Polo Shirts', 'Fleece Jackets', 'Shorts']",4350000.0,Very Large,21,1.7647058823529411,11125.319693094629,3,0,0,0,0,0,0
Giant Garment Inds.(Pvt) Ltd.,Knit,5.0,301.0,159,150000.0,"T-Shirts ,Pants ,Polo Shirts ,Knit Top","Sena Kalayan Commercial Complex (5Th Fl), Plot # 9, Block-F (North & S), Gazipur, Tongi",Gazipur,Tongi,1985,"['T-Shirts', 'Pants', 'Polo Shirts', 'Knit Top']",1800000.0,Very Large,40,1.8930817610062893,11320.754716981131,4,0,0,1,0,0,0
Giant Knit Fashions Ltd.,Knit,5.0,385.0,314,130000.0,"T-Shirts ,Polo Shirts ,Pajama Sets","Shahid Rowshan Sarak, Chandana, Gazipur, Joydevpur",Gazipur,Joydevpur,2004,"['T-Shirts', 'Polo Shirts', 'Pajama Sets']",1560000.0,Very Large,21,1.2261146496815287,4968.152866242038,3,0,0,0,0,0,0
Giant Textiles Ltd.,Knit,5.0,478.0,671,837500.0,"T-Shirts ,Polo Shirts ,Fleece Jackets","Baniarchala, Mahona, Mouza # 3, Gazipur, Vabanipur",Gazipur,Vabanipur,2011,"['T-Shirts', 'Polo Shirts', 'Fleece Jackets']",10050000.0,Very Large,14,0.7123695976154992,14977.645305514157,3,0,0,0,0,0,0
Gimex Clothing Ltd.,Knit,5.0,250.0,211,120000.0,"T-Shirts ,Pants","Dhonaid, Zirabo, Dhaka, Ashulia",Dhaka,Ashulia,2013,"['T-Shirts', 'Pants']",1440000.0,Very Large,12,1.1848341232227488,6824.644549763033,2,0,0,1,0,0,0
Gitano Apparels Ltd.,Knit,5.0,300.0,165,270000.0,Knit Items,"59, 59/1, Tipu Sultan Road, Dhaka, Sutrapur",Dhaka,Sutrapur,1991,['Knit Items'],3240000.0,Very Large,34,1.8181818181818181,19636.363636363636,1,0,0,0,0,0,0
Givensee Garments Ltd.,Woven,5.0,1661.0,720,290000.0,"Denim Jackets ,Curderoy ,Twill","Hotapara, Gazipur, Gazipur",Gazipur,Gazipur,2006,"['Denim Jackets', 'Curderoy', 'Twill']",3480000.0,Very Large,19,2.3069444444444445,4833.333333333333,3,0,0,0,0,0,0
GJ Caps & Headwear Ltd.,Woven,1.0,2.0,633,200000.0,Unknown,"23, Shataish Road, Shanin Complex, Gazipura, Tongi, Gazipur, Dhaka, Dhaka",Dhaka,Dhaka,2017,[],2400000.0,Very Large,8,0.00315955766192733,3791.4691943127964,0,0,0,0,0,0,0
GK Garments Ltd. (U-2),Woven,5.0,823.0,378,150000.0,"Shirts ,Jackets ,Polo Shirts ,Pants","89, Berulia Road, Tati, Dhaka, Savar",Dhaka,Savar,1982,"['Shirts', 'Jackets', 'Polo Shirts', 'Pants']",1800000.0,Very Large,43,2.177248677248677,4761.9047619047615,4,0,0,1,0,0,0
Glamour Apparel (BD) Ltd.,Unknown,,0.0,0,208000.0,"T-Shirts ,Polo Shirts","Borabo, Sakassh0R, Gazipur","Borabo, Sakassh0R",Gazipur,2019,"['T-Shirts', 'Polo Shirts']",2496000.0,Very Large,6,0.0,0.0,2,0,0,0,0,0,0
Glamour Dresses Ltd.,Woven,1.0,1369.0,895,58333.0,"Trouser ,Pant ,Jacket ,Short","Fukutia, Dhamrai Kalampur Road, Dhamrai, Dhaka, Dhaka",Dhaka,Dhaka,2020,"['Trouser', 'Pant', 'Jacket', 'Short']",699996.0,Large,5,1.529608938547486,782.1184357541899,4,0,0,0,1,0,0
Glare Fashion Ltd.,Sweater,5.0,250.0,90,30000.0,"Cardigans ,Pullovers","56, Gosaildanga, Chittagong, Double Mooring",Chittagong,Double Mooring,1994,"['Cardigans', 'Pullovers']",360000.0,Large,31,2.7777777777777777,4000.0,2,0,0,0,0,0,0
Glaze Knitwear Ltd.,Knit,5.0,190.0,85,120000.0,"T-Shirts ,Polo Shirts ,Payjama","148, Choydana, National University, Gazipur, Joydevpur",Gazipur,Joydevpur,2007,"['T-Shirts', 'Polo Shirts', 'Payjama']",1440000.0,Very Large,18,2.235294117647059,16941.176470588234,3,0,0,0,0,0,0
Global Attire Ltd.,Woven,5.0,3520.0,2530,10483000.0,"Caps ,Hats","Khejurtek, Mirzanagor, Ashulia, Dhaka, Savar",Dhaka,Savar,2012,"['Caps', 'Hats']",125796000.0,Very Large,13,1.391304347826087,49721.739130434784,2,0,0,0,0,0,0
Global Apparels Ltd.,Woven,5.0,740.0,368,120000.0,"Shirts ,Jackets ,Trousers","49, Np Kalurghat Heavy Industrial Area, Chittagong","49, Np Kalurghat Heavy Industrial Area,",Chittagong,1993,"['Shirts', 'Jackets', 'Trousers']",1440000.0,Very Large,32,2.010869565217391,3913.0434782608695,3,0,0,0,0,0,0
Global Fashion Garments Ltd.,Woven,5.0,758.0,327,120000.0,"Tops ,Bottoms","89, Berulia Road, Tati Savar, Dhaka, Savar",Dhaka,Savar,1985,"['Tops', 'Bottoms']",1440000.0,Very Large,40,2.3180428134556577,4403.6697247706425,2,0,0,0,0,0,0
Global Fit (Bangladesh) Limited,Woven,1.0,3.0,1000,400000.0,"Jacket ,Pants ,T-Shirt ,Cort","Holding # 868/1, Block # A, Jangaliapara, Vawal, Mirzapur, Dhaka, Dhaka",Dhaka,Dhaka,2022,"['Jacket', 'Pants', 'T-Shirt', 'Cort']",4800000.0,Very Large,3,0.003,4800.0,4,1,0,1,1,0,0
Global Garments Ltd.,Woven,5.0,1400.0,550,180000.0,"Shirts ,Swim Wears ,Shorts","11, Kalurghat, H/Industrial Area, Chittagong","11, Kalurghat, H/Industrial Area",Chittagong,1983,"['Shirts', 'Swim Wears', 'Shorts']",2160000.0,Very Large,42,2.5454545454545454,3927.2727272727275,3,0,0,0,0,0,0
Global Knittwear Ltd.,Sweater,5.0,650.0,1000,300000.0,"Sweaters ,Pullovers ,Cardigans","3/4-A, Darail, Shataish, Gazipur, Gazipur",Gazipur,Gazipur,2021,"['Sweaters', 'Pullovers', 'Cardigans']",3600000.0,Very Large,4,0.65,3600.0,3,0,0,0,0,0,0
Global Merchants Ltd.,Sweater,1.0,297.0,2290,17000.0,"Ladies Cardigans ,Pullovers ,Jersey","Baimail, Konabari, Gazipur, Gazipur",Gazipur,Gazipur,2020,"['Ladies Cardigans', 'Pullovers', 'Jersey']",204000.0,Large,5,0.1296943231441048,89.08296943231441,3,0,0,0,0,0,0
Global Nassa Wear Ltd.,Woven,5.0,1700.0,850,300000.0,"Shirts ,Pants ,Trousers ,Shorts","4, Taybpur, Nischintopur, Zirabo, Ashulia, Dhaka, Savar",Dhaka,Savar,2006,"['Shirts', 'Pants', 'Trousers', 'Shorts']",3600000.0,Very Large,19,2.0,4235.294117647059,4,0,0,1,0,0,0
Global Outerwear Ltd.,Woven,5.0,2174.0,937,450000.0,"Shirts ,Jackets ,Pants ,Polo Shirts","89, Berulia Road, Tati, Dhaka, Savar",Dhaka,Savar,1998,"['Shirts', 'Jackets', 'Pants', 'Polo Shirts']",5400000.0,Very Large,27,2.32017075773746,5763.073639274279,4,0,0,1,0,0,0
Global Shirts Ltd.,Woven,5.0,1800.0,1300,240000.0,"Shirts ,Jackets ,Swimwears","49(N/P), Kalurghat Inds. Estate, (3Rd Floor), Chittagong","49(N/P), Kalurghat Inds. Estate, (3Rd Floor)",Chittagong,2002,"['Shirts', 'Jackets', 'Swimwears']",2880000.0,Very Large,23,1.3846153846153846,2215.3846153846152,3,0,0,0,0,0,0
Global Specialised Garments Ltd.(U-2),Sweater,5.0,750.0,541,45000.0,"Cardigans ,Pullovers ,Sweaters ,Vests","91, Sadarghat Road, Chittagong","91, Sadarghat Road,",Chittagong,1999,"['Cardigans', 'Pullovers', 'Sweaters', 'Vests']",540000.0,Large,26,1.3863216266173752,998.1515711645102,4,0,0,0,0,0,0
Global Woven Wear Ltd.,Woven,5.0,250.0,120,30000.0,"Shirts ,Jackets ,Pants ,Shorts","71/B, Malibagh Chowdhury Para, (5Th & 6Th Fl), Dhaka","71/B, Malibagh Chowdhury Para, (5Th & 6Th Fl)",Dhaka,2006,"['Shirts', 'Jackets', 'Pants', 'Shorts']",360000.0,Large,19,2.0833333333333335,3000.0,4,0,0,1,0,0,0
Globus Garment Ltd.,Woven,5.0,2400.0,1122,291667.0,"Shirts ,Blouses ,Infants wear","C/35, Section # 7, Mirpur Super Market, Dhaka, Mirpur",Dhaka,Mirpur,1992,"['Shirts', 'Blouses', 'Infants wear']",3500004.0,Very Large,33,2.1390374331550803,3119.433155080214,3,0,0,0,0,0,0
Glorious Apparels Ltd.,Knit,5.0,208.0,152,250000.0,"T-Shirts ,Polo Shirts","College Road, Tenguri, Ashulia, Dhaka, Savar",Dhaka,Savar,2010,"['T-Shirts', 'Polo Shirts']",3000000.0,Very Large,15,1.368421052631579,19736.842105263157,2,0,0,0,0,0,0
Glorious Dress Ltd.,Woven,1.0,0.0,220,21667.0,"T-Shirts ,Polo Shirts ,Sweatshirt ,Jacket","College Road, Tenguri, Zirani Bazar, Bksp,Ashulia, Dhaka, Dhaka",Dhaka,Dhaka,2017,"['T-Shirts', 'Polo Shirts', 'Sweatshirt', 'Jacket']",260004.0,Large,8,0.0,1181.8363636363636,4,0,0,0,1,0,0
Glorious Sun Fashion Gmts.,Knit,5.0,150.0,120,120000.0,"T-Shirts ,Polo Shirts","19, Satabdi Tower, Road # 1, Senpara Parbata, Section # 10, Dhaka, Mirpur",Dhaka,Mirpur,2012,"['T-Shirts', 'Polo Shirts']",1440000.0,Very Large,13,1.25,12000.0,2,0,0,0,0,0,0
Glory Fashion Wear Ltd.,Woven,5.0,920.0,538,15000000.0,"Jackets ,Pants ,Shorts ,Skirts","Chhaydana, Dagerchala Road, National University, Gazipur, Gazipur Sadar",Gazipur,Gazipur Sadar,1998,"['Jackets', 'Pants', 'Shorts', 'Skirts']",180000000.0,Very Large,27,1.7100371747211895,334572.4907063197,4,0,0,1,0,0,0
Glory Fashions Ltd.,Woven,5.0,850.0,550,96000.0,"Jackets ,Pants ,Barmuda","House # 60 (1St Floor), Road # 4/A, Old Dohs, Dhaka, Banani",Dhaka,Banani,2001,"['Jackets', 'Pants', 'Barmuda']",1152000.0,Very Large,24,1.5454545454545454,2094.5454545454545,3,0,0,1,0,0,0
Glory Industries Ltd.,Woven,5.0,958.0,598,165588.0,Bottoms,"Plot # 46-48, Chittagong, Cepz",Chittagong,Cepz,1985,['Bottoms'],1987056.0,Very Large,40,1.6020066889632107,3322.8361204013377,1,0,0,0,0,0,0
Glory Textile & Apparels Ltd.,Woven,1.0,0.0,1440,0.0,Unknown,"Kharuail, Ward # 7, Bhaluka Municipal Area, Mymensingh, Dhaka",Mymensingh,Dhaka,2021,[],0.0,,4,0.0,0.0,0,0,0,0,0,0,0
GMS Composite Knitting Ind. Ltd.,Knit,5.0,18583.0,8350,875000.0,"T-Shirts ,Polo Shirt ,Sweet Shirt ,Tops","Shardaganj, Gazipur, Gazipur",Gazipur,Gazipur,2001,"['T-Shirts', 'Polo Shirt', 'Sweet Shirt', 'Tops']",10500000.0,Very Large,24,2.225508982035928,1257.4850299401198,4,0,0,0,0,1,0
Goal Line Knit Wear Ltd.,Knit,5.0,500.0,140,0.0,"T-Shirts ,Polo Shirts","House # 336, Road # 5, Dohs, Dhaka, Baridhara",Dhaka,Baridhara,2008,"['T-Shirts', 'Polo Shirts']",0.0,,17,3.5714285714285716,0.0,2,0,0,0,0,0,0
Gold Land International Ltd.,Knit,5.0,452.0,333,350000.0,"T-Shirts ,Polo Shirts ,Tank Tops","Landmark Complex, Shadhur Para, Baro Ashulia, Dhaka, Savar",Dhaka,Savar,2000,"['T-Shirts', 'Polo Shirts', 'Tank Tops']",4200000.0,Very Large,25,1.3573573573573574,12612.612612612613,3,0,0,0,0,0,0
Gold Mart Apparels (Pvt) Ltd.,Woven,5.0,300.0,180,60000.0,"Shirts ,Pants ,Jackets","1643, Manik Market (4Th Floor), Chittagong, Asadganj",Chittagong,Asadganj,1999,"['Shirts', 'Pants', 'Jackets']",720000.0,Large,26,1.6666666666666667,4000.0,3,0,0,1,0,0,0
Gold Star Apparels (Pvt) Ltd.,Woven,5.0,250.0,166,50000.0,"Shirts ,Pyjama Sets ,Pants","1643, Asadgonj, Manik Market (2Nd Floor), Osman Monzil, Chittagong, Asadgonj",Chittagong,Asadgonj,1992,"['Shirts', 'Pyjama Sets', 'Pants']",600000.0,Large,33,1.5060240963855422,3614.4578313253014,3,0,0,1,0,0,0
Gold Star Design Ltd.,Woven,5.0,295.0,130,40000.0,"Jackets ,Denim ,Trousers ,Pants","120, East Tejturi Bazar, Dhaka, Tejgaon",Dhaka,Tejgaon,2005,"['Jackets', 'Denim', 'Trousers', 'Pants']",480000.0,Large,20,2.269230769230769,3692.3076923076924,4,0,0,1,0,0,0
Gold Star Fashions Ltd.,Woven,5.0,425.0,216,48000.0,"Shirts ,Jackets ,Pants ,Ladies Dresses","Plot # A-112, 113 (West Side)Bscic Inds Estate, Gazipur, B. Baria",Gazipur,B. Baria,1992,"['Shirts', 'Jackets', 'Pants', 'Ladies Dresses']",576000.0,Large,33,1.9675925925925926,2666.6666666666665,4,0,0,1,0,0,0
Golden Attires Fashion Ltd.,Woven,1.0,101.0,68,120000.0,"Shirt ,Pant ,Jacket ,T-Shirt","B.R.S. No.3723, Boro Ashulia, Savar, Dhaka, Dhaka",Dhaka,Dhaka,2021,"['Shirt', 'Pant', 'Jacket', 'T-Shirt']",1440000.0,Very Large,4,1.4852941176470589,21176.470588235294,4,1,1,0,1,0,0
Golden Ducks Apparels Ltd.,Woven,5.0,250.0,115,27000.0,"Jackets ,Jogging Suit ,Sports Wear","33, Darus Salam Road, Section # 1, Dhaka, Mirpur",Dhaka,Mirpur,1991,"['Jackets', 'Jogging Suit', 'Sports Wear']",324000.0,Large,34,2.1739130434782608,2817.391304347826,3,0,0,0,0,0,0
Golden Heights Ltd.,Woven,5.0,1692.0,1322,240000.0,Bottoms,"Plot # 49 (Np)/C, Heavy I/A, Chittagong, Kalurghat",Chittagong,Kalurghat,2010,['Bottoms'],2880000.0,Very Large,15,1.2798789712556733,2178.517397881997,1,0,0,0,0,0,0
Golden Horizon Ltd.,Knit,5.0,2917.0,2311,324996.0,"Fleece Jackets ,Swim Wears ,Bottom ,Polo Shirts","53/B, Baizid Bostami Road, Chittagong, Nasirabad",Chittagong,Nasirabad,2005,"['Fleece Jackets', 'Swim Wears', 'Bottom', 'Polo Shirts']",3899952.0,Very Large,20,1.2622241453916054,1687.5603634790134,4,0,0,0,0,0,0
Golden Knit Composite Ltd.,Knit,5.0,100.0,312,360000.0,"Shirts ,Pants ,t-Shirts ,Polo Shirts","Ansar Road Bus Stand, Beraider Chala, Mawna, Gazipur, Sreepur",Gazipur,Sreepur,2016,"['Shirts', 'Pants', 't-Shirts', 'Polo Shirts']",4320000.0,Very Large,9,0.32051282051282054,13846.153846153846,4,0,0,1,0,0,0
Golden Rain Attires Ltd.,Knit,5.0,210.0,90,100000.0,"T-Shirts ,Polo Shirts ,Fancy","Plot # 1, Lane # 9, Road # 12, Block - B, Section # 11, Dhaka, Mirpur",Dhaka,Mirpur,2007,"['T-Shirts', 'Polo Shirts', 'Fancy']",1200000.0,Very Large,18,2.3333333333333335,13333.333333333334,3,0,0,0,0,0,0
Golden Refit Garments Ltd.,Knit,5.0,1000.0,580,1500000.0,"Shirts ,Children Wears ,Vest","589, Shirirchala, Bhaghair Bazar, Gazipur, Babanipur",Gazipur,Babanipur,2002,"['Shirts', 'Children Wears', 'Vest']",18000000.0,Very Large,23,1.7241379310344827,31034.48275862069,3,0,0,0,0,0,0
Golden Stitch Design Ltd.,Knit,5.0,325.0,782,200000.0,"Shirts ,Pants","Rajaghat, Rajfulbaria, Dhaka, B. Baria",Dhaka,B. Baria,2014,"['Shirts', 'Pants']",2400000.0,Very Large,11,0.4156010230179028,3069.0537084398975,2,0,0,1,0,0,0
Golden Thread Ltd.,Woven,5.0,500.0,200,100000.0,"Shirts ,Jackets ,Pants","12200, Dhaka-Mymensingh Road, Gor Goria Master Bari, Gilarchala, Gazipur, Sreepur",Gazipur,Sreepur,2008,"['Shirts', 'Jackets', 'Pants']",1200000.0,Very Large,17,2.5,6000.0,3,0,0,1,0,0,0
Golden Times Sweater & Dyeing Ltd.,Unknown,,0.0,0,0.0,Sweaters,"Molaid, Mowna Chowrasta, Gazipur","Molaid, Mowna Chowrasta,",Gazipur,2019,['Sweaters'],0.0,,6,0.0,0.0,1,0,0,0,0,0,0
Goldstar Garments Ltd.,Woven,5.0,450.0,160,120000.0,"Shirts ,Boys Shirts ,Pajama Sets","Shamoly Hall Building (2Nd Floor), 24/1, Khilji Road, Dhaka, Shamoli",Dhaka,Shamoli,1992,"['Shirts', 'Boys Shirts', 'Pajama Sets']",1440000.0,Very Large,33,2.8125,9000.0,3,0,0,0,0,0,0
Goldtex Garments Ltd.,Woven,5.0,2056.0,750,167000.0,"Jackets ,Overalls ,Skirts","Plot # 98-100, Depz, Dhaka, Savar",Dhaka,Savar,2005,"['Jackets', 'Overalls', 'Skirts']",2004000.0,Very Large,20,2.7413333333333334,2672.0,3,0,0,0,0,0,0
Good Day Apparels Ltd.,Unknown,,0.0,0,12500.0,"Shirts ,Shorts ,Pajama Set","House # 79, Block - D, International Air Port Road, Chairmanbari, Banani, Dhaka-1213., Dhaka, Dhaka",Dhaka,Dhaka,1994,"['Shirts', 'Shorts', 'Pajama Set']",150000.0,Large,31,0.0,0.0,3,0,0,0,0,0,0
Good Guys Ltd.,Woven,5.0,250.0,127,187000.0,Caps & Headwears,"J-L-12, Dag # 505, 554, Bailjury, Dhaka, Uttara",Dhaka,Uttara,2002,['Caps  Headwears'],2244000.0,Very Large,23,1.968503937007874,17669.291338582676,1,0,0,0,0,0,0
Good Rich Sweaters Ltd.,Sweater,5.0,1650.0,800,110000.0,"Sweaters ,Pullovers ,Cardigans","Palashban, Ashulia, Dhaka, Savar",Dhaka,Savar,2004,"['Sweaters', 'Pullovers', 'Cardigans']",1320000.0,Very Large,21,2.0625,1650.0,3,0,0,0,0,0,0
Gooryong Fashions Ltd.,Woven,1.0,40.0,800,250000.0,"Shirts ,Blouses","Plot # 27-28, Block # B, Machimpur, Tongi I/A, Gazipur","Plot # 27-28, Block # B, Machimpur, Tongi I/A",Gazipur,1992,"['Shirts', 'Blouses']",3000000.0,Very Large,33,0.05,3750.0,2,0,0,0,0,0,0
Goumati Knitwears Ltd.,Knit,5.0,300.0,120,350000.0,"Jackets ,Pullovers ,T-Shirts ,Polo Shirts","Plot # A-85, Bscic Hosiery Ind. Estate, Shashangaon, Narayanganj, Fatullah",Narayanganj,Fatullah,2009,"['Jackets', 'Pullovers', 'T-Shirts', 'Polo Shirts']",4200000.0,Very Large,16,2.5,35000.0,4,0,0,0,0,0,0
Gous Apparel Ind. Ltd.,Woven,5.0,450.0,298,90000.0,"Jackets ,Skirts ,Overalls ,Shorts","68/Y, Sagarica Road (1St Floor), Chittagong, Pahartoli",Chittagong,Pahartoli,1999,"['Jackets', 'Skirts', 'Overalls', 'Shorts']",1080000.0,Very Large,26,1.5100671140939597,3624.1610738255035,4,0,0,0,0,0,0
Gous Fashion Ind. Ltd.,Woven,5.0,550.0,191,72000.0,"Overalls ,Pants ,Skirts ,Shorts","Plot # A (6 & 7), Bscic I/E, Block - B, Sagarica Road, Chittagong, Pahartoli",Chittagong,Pahartoli,2004,"['Overalls', 'Pants', 'Skirts', 'Shorts']",864000.0,Large,21,2.8795811518324608,4523.560209424084,4,0,0,1,0,0,0
Gous Garments Ind. Ltd.,Woven,5.0,610.0,375,120000.0,"Jackets ,Pants ,Skirts ,Jogging Pants","68/Y, Sagarica Road, Chittagong, Pahartoli",Chittagong,Pahartoli,2002,"['Jackets', 'Pants', 'Skirts', 'Jogging Pants']",1440000.0,Very Large,23,1.6266666666666667,3840.0,4,0,0,1,0,0,0
Grameen Fabrics & Fashion Ltd. (Com. Unit),Knit,5.0,1400.0,754,750000.0,"T-Shirts ,Polo Shirts ,Briefs","Grameen Inds. Park, Sarabo, Gazipur, Gazipur",Gazipur,Gazipur,2012,"['T-Shirts', 'Polo Shirts', 'Briefs']",9000000.0,Very Large,13,1.856763925729443,11936.33952254642,3,0,0,0,0,0,0
Grameen Knitwear Ltd.,Knit,5.0,2569.0,942,600000.0,"Sportswear ,Functional Wears ,Fashion Wears ,T-Shirts","Plot # 102-103 & 126-127, Depz (Ext-11), Ganakbari, Dhaka, Savar",Dhaka,Savar,1999,"['Sportswear', 'Functional Wears', 'Fashion Wears', 'T-Shirts']",7200000.0,Very Large,26,2.7271762208067942,7643.3121019108285,4,0,0,0,0,0,0
Gramtech Knit Dye. Finishing & Gmts. Ind. Ltd.,Knit,5.0,1131.0,432,275000.0,"T-Shirts ,Polo Shirts ,Trousers ,Tank Top","Dahargaon, Narayanganj, Rupganj",Narayanganj,Rupganj,2006,"['T-Shirts', 'Polo Shirts', 'Trousers', 'Tank Top']",3300000.0,Very Large,19,2.6180555555555554,7638.888888888889,4,0,0,0,0,0,0
Grand Sweaters Ltd.,Sweater,5.0,450.0,110,80000.0,Sweater,"Shamrat Bhaban, Harinachala, Gazipur, Konabari",Gazipur,Konabari,2014,['Sweater'],960000.0,Large,11,4.090909090909091,8727.272727272728,1,0,0,0,0,0,1
Graphics Textiles Ltd.,Knit,5.0,1447.0,567,1236000.0,"T-Shirts ,Polo Shirts","Sreerampur, Kalampur, Dhamrai, Dhaka","Sreerampur, Kalampur, Dhamrai",Dhaka,2009,"['T-Shirts', 'Polo Shirts']",14832000.0,Very Large,16,2.5520282186948853,26158.73015873016,2,0,0,0,0,0,0
Grasp International Ltd.,Knit,5.0,170.0,112,20000.0,"Shirts ,Pants ,t-Shirts ,Polo Shirts","90, Padardia, Satarkul Road, Dhaka, Badda",Dhaka,Badda,2015,"['Shirts', 'Pants', 't-Shirts', 'Polo Shirts']",240000.0,Large,10,1.5178571428571428,2142.8571428571427,4,0,0,1,0,0,0
Green Arrow Sweater Inds. Ltd.,Unknown,,0.0,0,36000.0,"Sweaters ,Cardigans ,Jumpers ,Pullovers","68-69, South Sampur, Hemayetpur, Dhaka","68-69, South Sampur, Hemayetpur",Dhaka,2018,"['Sweaters', 'Cardigans', 'Jumpers', 'Pullovers']",432000.0,Large,7,0.0,0.0,4,0,0,0,0,0,0
Green Fair Textile Ltd.,Woven,5.0,333.0,290,300000.0,"Babies Wears ,T-Shirts ,Polo Shirts","1670/2091, West Sholashahar, Aturar Depot, Chittagong, Chittagong",Chittagong,Chittagong,2000,"['Babies Wears', 'T-Shirts', 'Polo Shirts']",3600000.0,Very Large,25,1.1482758620689655,12413.793103448275,3,0,0,0,0,0,0
Green Fibre Composite Ltd.,Knit,1.0,0.0,502,3473400.0,Unknown,"Baniarchala, Bhabanipur,Gazipur Sadar, Gazipur, Gazipur",Gazipur,Gazipur,2021,[],41680800.0,Very Large,4,0.0,83029.48207171315,0,0,0,0,0,0,0
Green Innovative Apparels Limited,Woven,1.0,6.0,307,200000.0,"Shirt ,Pant ,T-Shirt ,Polo Shirt","Safa Tower (6Th Floor), 295 Nasirabad I/A, Polytechnical Moor, Baizid Bostami Road, Chittagong, Chittagong",Chittagong,Chittagong,2022,"['Shirt', 'Pant', 'T-Shirt', 'Polo Shirt']",2400000.0,Very Large,3,0.019543973941368076,7817.589576547231,4,1,1,0,0,1,0
Green Intimates Limited,Woven,1.0,300.0,150,400000.0,"Panty ,Bra ,Top & Bottom","North Masajidda, Masajiddakumira-4314, Sitakunda, Chittagonj, Chittagong",Chittagonj,Chittagong,2022,"['Panty', 'Bra', 'Top  Bottom']",4800000.0,Very Large,3,2.0,32000.0,3,0,0,0,0,0,0
Green Knit Apparels Ltd.,Knit,5.0,300.0,150,100000.0,"T-Shirts ,Shorts ,Polo Shirts ,Tank Tops","House # 27, Road # 8, Block # A, Section-12, Dhaka, Mirpur",Dhaka,Mirpur,1998,"['T-Shirts', 'Shorts', 'Polo Shirts', 'Tank Tops']",1200000.0,Very Large,27,2.0,8000.0,4,0,0,0,0,0,0
Green Knit Wear,Knit,5.0,650.0,230,300000.0,"T-Shirts ,Shorts ,Polo Shirts ,Tank Tops","House # 27, Road # 8, Block # A, Section-12, Dhaka, Mirpur",Dhaka,Mirpur,1990,"['T-Shirts', 'Shorts', 'Polo Shirts', 'Tank Tops']",3600000.0,Very Large,35,2.8260869565217392,15652.173913043478,4,0,0,0,0,0,0
Green Textile Ltd.,Woven,5.0,5020.0,3200,960000.0,"Shirts ,Pants","Nijhury, Baraid Bazar, Mymensingh, Valuka",Mymensingh,Valuka,2013,"['Shirts', 'Pants']",11520000.0,Very Large,12,1.56875,3600.0,2,0,0,1,0,0,0
Green World Fashions Ltd.,Woven,5.0,150.0,83,0.0,"Shirts ,Jackets ,Jogging Suits","30, Shahid Capt. Munsur Ali Sarani, Dhaka, Baro Mogbazar",Dhaka,Baro Mogbazar,2000,"['Shirts', 'Jackets', 'Jogging Suits']",0.0,,25,1.8072289156626506,0.0,3,0,0,0,0,0,0
Greenland Apparels Ltd.,Knit,5.0,500.0,296,14000.0,"Shirts ,Jumpers ,Rompers ,T-Shirts","Baizid Bostami Road, Nasirabad I/A, Chittagong, Nasirabad",Chittagong,Nasirabad,1992,"['Shirts', 'Jumpers', 'Rompers', 'T-Shirts']",168000.0,Large,33,1.6891891891891893,567.5675675675676,4,0,0,0,0,0,0
Greenland Garments Ltd.,Knit,5.0,1495.0,559,800000.0,"T-Shirts ,Polo Shirts ,Tank Top","Hasna Tower, Kashimpur Road, Gazipur, Konabari",Gazipur,Konabari,1994,"['T-Shirts', 'Polo Shirts', 'Tank Top']",9600000.0,Very Large,31,2.6744186046511627,17173.524150268335,3,0,0,0,0,0,0
Greenvale Sweaters Limited,Sweater,5.0,900.0,450,70000.0,Sweaters,"Lk Plaza, Holding # 90, Dakhinkhan Bazar, Dhaka, Uttara",Dhaka,Uttara,2012,['Sweaters'],840000.0,Large,13,2.0,1866.6666666666667,1,0,0,0,0,0,0
GSL Export Ltd.,Knit,5.0,200.0,136,90000.0,"Shirts ,Pants ,T-Shirts ,Polo Shirts","Khowaj Nagar, Ajimpara, Chittagong, Karnafully",Chittagong,Karnafully,2014,"['Shirts', 'Pants', 'T-Shirts', 'Polo Shirts']",1080000.0,Very Large,11,1.4705882352941178,7941.176470588235,4,0,0,1,0,0,0
GSM Apparels Ltd.,Knit,5.0,973.0,323,260000.0,"Shirts ,Pants ,T-Shirts ,Polo Shirts","Baipail, Ashulia, Dhaka, Savar",Dhaka,Savar,2011,"['Shirts', 'Pants', 'T-Shirts', 'Polo Shirts']",3120000.0,Very Large,14,3.0123839009287927,9659.442724458204,4,0,0,1,0,0,0
Gulf Knitting & Textile Ltd.,Knit,5.0,295.0,115,200000.0,"T-Shirts ,Polo Shirts ,Tank Tops","40, International Medical College Road, Sataish Road, Gazipur, Tongi",Gazipur,Tongi,2007,"['T-Shirts', 'Polo Shirts', 'Tank Tops']",2400000.0,Very Large,18,2.5652173913043477,20869.565217391304,3,0,0,0,0,0,0
Gumti Textiles Ltd.,Knit,1.0,900.0,450,311520.0,"T-Shirts ,Polo Shirts ,Knit Jacket ,Shorts","Plot # 1163 (Opp. Ansar Academy), Chandra, Shafipur, Kaliakoir, Gazipur",Kaliakoir,Gazipur,1993,"['T-Shirts', 'Polo Shirts', 'Knit Jacket', 'Shorts']",3738240.0,Very Large,32,2.0,8307.2,4,0,0,0,0,0,0
H. B. Knitex Ltd.,Knit,1.0,1171.0,1163,200000.0,Unknown,"Plot # B26 (P) & B27, Faujderhat Bscic I/A,Block # A, Sagorika Road, South Kattali, Pahartali, Chittagong, Chittagong",Chittagong,Chittagong,2018,[],2400000.0,Very Large,7,1.0068787618228718,2063.6285468615647,0,0,0,0,0,0,0
H.A. Garments Inds. Ltd.,Woven,5.0,285.0,165,90000.0,"Shirts ,Shorts, Trousers","68/2, East Hajee Para, D.I.T Road, Dhaka, Rampura",Dhaka,Rampura,1987,"['Shirts', 'Shorts', 'Trousers']",1080000.0,Very Large,38,1.7272727272727273,6545.454545454545,3,0,0,0,0,0,0
H.A.H. Dresses Ltd.,Knit,5.0,850.0,580,160000.0,"Shirts ,Pants ,T-Shirts ,Polo Shirts","Chaira, Moshouri Khola, Dhaka, Savar",Dhaka,Savar,2011,"['Shirts', 'Pants', 'T-Shirts', 'Polo Shirts']",1920000.0,Very Large,14,1.4655172413793103,3310.344827586207,4,0,0,1,0,0,0
H.B. Fashion Ltd.,Knit,5.0,1264.0,658,200000.0,"T-Shirts ,Brief ,A-shirts ,Boxers","590, Col. Jhones Road, North Kattali, Chittagong, Chittagong",Chittagong,Chittagong,2010,"['T-Shirts', 'Brief', 'A-shirts', 'Boxers']",2400000.0,Very Large,15,1.9209726443768997,3647.41641337386,4,0,0,0,0,0,0
H.B. Intimates Ltd.,Knit,5.0,546.0,658,100000.0,"T-Shirts ,Polo Shirts","Forkan Tower, 360/A, Bitak Bazar, Kastom Academy, South Kattail, Chittagong, Chittagong",Chittagong,Chittagong,2015,"['T-Shirts', 'Polo Shirts']",1200000.0,Very Large,10,0.8297872340425532,1823.70820668693,2,0,0,0,0,0,0
H.I. Apparels Ltd.,Woven,5.0,300.0,250,40000.0,"Shirts ,Pants ,Shorts","271, Dt Road, Kadamtoli, Chittagong","271, Dt Road, Kadamtoli",Chittagong,2009,"['Shirts', 'Pants', 'Shorts']",480000.0,Large,16,1.2,1920.0,3,0,0,1,0,0,0
H.M.A. Garments Ltd.,Woven,5.0,620.0,380,32000.0,"Jackets ,Overalls ,Swim Wears ,Coveralls","33, Dilkusha Super Market, (3Rd & 4Th Floor), Bus Stand, Dhaka, Dhaka",Dhaka,Dhaka,2002,"['Jackets', 'Overalls', 'Swim Wears', 'Coveralls']",384000.0,Large,23,1.631578947368421,1010.5263157894736,4,0,0,0,0,0,0
H.R Knit Fashion Ltd.,Knit,1.0,157.0,145,190000.0,"Shirt ,Trouser ,T-Shirt ,Pant","Plot # 1008/1, Block # H, Haji Abul Hashem Sarak, Bangabandhu Road, Tonga Bari, Ashulia, Savar, Dhaka, Dhaka",Dhaka,Dhaka,2022,"['Shirt', 'Trouser', 'T-Shirt', 'Pant']",2280000.0,Very Large,3,1.0827586206896551,15724.137931034482,4,1,1,0,0,0,0
H.R. Fashion,Woven,5.0,245.0,99,12000.0,"Jackets ,Infants Wears ,Outer Wears","206/A, Kachukhet Puran Bazar, Dhaka, Cantonment",Dhaka,Cantonment,1993,"['Jackets', 'Infants Wears', 'Outer Wears']",144000.0,Large,32,2.474747474747475,1454.5454545454545,3,0,0,0,0,0,0
H.R. Style Ltd.,Knit,5.0,120.0,84,150000.0,"T-Shirts ,Polo Shirts ,Shorts ,Tanktops","Satabdi Bhaban (4Th & 5Th Floor), Plot # 19, Road # 1, Section # 10, Dhaka, Mirpur",Dhaka,Mirpur,2006,"['T-Shirts', 'Polo Shirts', 'Shorts', 'Tanktops']",1800000.0,Very Large,19,1.4285714285714286,21428.571428571428,4,0,0,0,0,0,0
H.R. Textile Mills Ltd.,Knit,5.0,1303.0,613,750000.0,"T-Shirts ,Polo Shirts","Karnapara, Dhaka, Savar",Dhaka,Savar,2010,"['T-Shirts', 'Polo Shirts']",9000000.0,Very Large,15,2.1256117455138663,14681.892332789559,2,0,0,0,0,0,0
Ha - Meem Jeans Limited,Woven,1.0,2.0,1810,750000.0,"Shirt ,Pant ,Trouser ,Jacket","272, Narashinghpur, Ashulia, Savar, Dhaka, Dhaka",Dhaka,Dhaka,2023,"['Shirt', 'Pant', 'Trouser', 'Jacket']",9000000.0,Very Large,2,0.0011049723756906078,4972.375690607735,4,0,1,0,1,0,0
Ha-Meem Apparels,Woven,5.0,425.0,150,36000.0,"Shirts ,Blouses ,Overalls","262/1, Ibrahimpur, Dhaka, B. Baria",Dhaka,B. Baria,1991,"['Shirts', 'Blouses', 'Overalls']",432000.0,Large,34,2.8333333333333335,2880.0,3,0,0,0,0,0,0
Ha-Meem Design Ltd.,Woven,5.0,390.0,150,54000.0,"Shirts ,Pants ,Overalls","R.Gl Complex, Bhadartee, Gazipur, B. Baria",Gazipur,B. Baria,2004,"['Shirts', 'Pants', 'Overalls']",648000.0,Large,21,2.6,4320.0,3,0,0,1,0,0,0
Ha-Meem Sportswear Ltd.,Woven,5.0,550.0,234,120000.0,"Jackets ,Overalls ,Trousers ,Shorts","171, Tejgoan I/A, Dhaka, Tejgaon",Dhaka,Tejgaon,2001,"['Jackets', 'Overalls', 'Trousers', 'Shorts']",1440000.0,Very Large,24,2.3504273504273505,6153.846153846154,4,0,0,0,0,0,0
Habigonj Textiles Ltd.,Knit,5.0,2840.0,200,1530000.0,"T-Shirts ,Polo Shirts","Olipur, Hobiganj, Shayestaganj",Hobiganj,Shayestaganj,2015,"['T-Shirts', 'Polo Shirts']",18360000.0,Very Large,10,14.2,91800.0,2,0,0,0,0,0,0
Habitus Fashion Ltd.,Knit,5.0,1340.0,1800,1200000.0,"Shirts ,Pants ,Polo Shirts","Gajaria Para, Kauitis, Gazipur, Gazipur Sadar",Gazipur,Gazipur Sadar,2013,"['Shirts', 'Pants', 'Polo Shirts']",14400000.0,Very Large,12,0.7444444444444445,8000.0,3,0,0,1,0,0,0
Haesong Corporation Ltd.,Sweater,5.0,640.0,240,150000.0,Sweaters,"Hazalhati, Gazipur, Kaliakoir",Gazipur,Kaliakoir,1996,['Sweaters'],1800000.0,Very Large,29,2.6666666666666665,7500.0,1,0,0,0,0,0,0
Haesong Korea Ltd.,Sweater,5.0,650.0,350,84000.0,Sweaters,"Han Complex (Ground Floor), Baro Rangamatia, Zirabo, Dhaka, Savar",Dhaka,Savar,1997,['Sweaters'],1008000.0,Very Large,28,1.8571428571428572,2880.0,1,0,0,0,0,0,0
Hagh Knitwears,Knit,5.0,180.0,60,150000.0,"T-Shirts ,Polo Shirts ,Pants","Telerchala, Mouchak, Gazipur, B. Baria",Gazipur,B. Baria,2008,"['T-Shirts', 'Polo Shirts', 'Pants']",1800000.0,Very Large,17,3.0,30000.0,3,0,0,1,0,0,0
Haidory Composite Knit Kit Wear Ltd.,Knit,5.0,0.0,0,0.0,Knit Items,"Kewdhala, Modonpur, Narayanganj, Bandar",Narayanganj,Bandar,2003,['Knit Items'],0.0,,22,0.0,0.0,1,0,0,0,0,0,0
Haitex Export Ltd.,Knit,5.0,220.0,79,264000.0,Knit Items,"Safurea Khatun Super Market, Section # 12, Dhaka, Mirpur",Dhaka,Mirpur,2001,['Knit Items'],3168000.0,Very Large,24,2.7848101265822787,40101.26582278481,1,0,0,0,0,0,0
Haji Fashions Ltd.,Knit,5.0,65.0,193,300000.0,"T-Shirts ,Polo Shirts","Plot # 1/2 & 1/3, Block - Ka, Uttar Bishil, Section # 1, Dhaka, Mirpur",Dhaka,Mirpur,2012,"['T-Shirts', 'Polo Shirts']",3600000.0,Very Large,13,0.33678756476683935,18652.84974093264,2,0,0,0,0,0,0
Hallmark Apparels Ltd.,Woven,5.0,200.0,120,45000.0,"Jackets ,Skirts ,Pants ,Trousers","Mohal Shopping Complex (3Rd Floor), 291, Loyal Road, Chittagong, Laldhighi",Chittagong,Laldhighi,1998,"['Jackets', 'Skirts', 'Pants', 'Trousers']",540000.0,Large,27,1.6666666666666667,4500.0,4,0,0,1,0,0,0
Hamid Apparels Ltd.,Knit,5.0,275.0,150,40000.0,"Blouses ,T-Shirts ,Pants ,Shorts","House # 79, Block - I, Airport Road, Dhaka, Banani",Dhaka,Banani,1991,"['Blouses', 'T-Shirts', 'Pants', 'Shorts']",480000.0,Large,34,1.8333333333333333,3200.0,4,0,0,1,0,0,0
Hamid Fashion Limited,Sweater,5.0,968.0,1112,80000.0,"Cardigans ,Pullovers ,Sweaters","Dapa, Narayanganj, Fatullah",Narayanganj,Fatullah,1996,"['Cardigans', 'Pullovers', 'Sweaters']",960000.0,Large,29,0.8705035971223022,863.3093525179856,3,0,0,0,0,0,0
Hamid Sweater Ltd.,Sweater,5.0,898.0,1112,70000.0,"Sweaters ,Pullovers ,Cardigans","Dapa, Narayanganj, Fatullah",Narayanganj,Fatullah,2003,"['Sweaters', 'Pullovers', 'Cardigans']",840000.0,Large,22,0.8075539568345323,755.3956834532374,3,0,0,0,0,0,0
Hamid Tex Fashion Ltd.,Knit,5.0,900.0,550,420000.0,"Blouses ,T-Shirts ,Trousers ,Pants","203, Hobirbari, Seedstore Bazar, Mymensingh, Valuka",Mymensingh,Valuka,2004,"['Blouses', 'T-Shirts', 'Trousers', 'Pants']",5040000.0,Very Large,21,1.6363636363636365,9163.636363636364,4,0,0,1,0,0,0
Hams Garments Ltd.,Knit,5.0,3857.0,1661,2500000.0,"T-Shirts ,Polo Shirts","Vangnahati, Boiragirchala, Gazipur, B. Baria",Gazipur,B. Baria,2010,"['T-Shirts', 'Polo Shirts']",30000000.0,Very Large,15,2.3220951234196265,18061.408789885612,2,0,0,0,0,0,0
Hamza Apparels Ltd.,Woven,5.0,715.0,242,109000.0,"Shirts ,Jackets ,Trousers ,Pants","Bhabanipur, Gazipur, Joydevpur",Gazipur,Joydevpur,2010,"['Shirts', 'Jackets', 'Trousers', 'Pants']",1308000.0,Very Large,15,2.9545454545454546,5404.9586776859505,4,0,0,1,0,0,0
Hamza Clothing Ltd.,Knit,5.0,2340.0,1200,600000.0,"T-Shirts ,Polo Shirts","Bangabandhu Road, Tongabari, Dhaka, Ashulia",Dhaka,Ashulia,2015,"['T-Shirts', 'Polo Shirts']",7200000.0,Very Large,10,1.95,6000.0,2,0,0,0,0,0,0
Han A Hat & Caps Ltd.,Woven,5.0,600.0,325,417000.0,"Caps ,Hats","Plot # 115/117, Rs-188/181, Baipail, Ashulia, Dhaka, Savar",Dhaka,Savar,1997,"['Caps', 'Hats']",5004000.0,Very Large,28,1.8461538461538463,15396.923076923076,2,0,0,0,0,0,0
Han Apparels Ltd.,Woven,5.0,300.0,87,125000.0,Hats & Caps,"D-136, Talbag, Dhaka, Savar",Dhaka,Savar,2006,['Hats  Caps'],1500000.0,Very Large,19,3.4482758620689653,17241.379310344826,1,0,0,0,0,0,0
Hanaro Fashions Ltd.,Woven,5.0,500.0,336,100000.0,"Jackets ,Trousers ,Shorts ,Denim Bottoms","Plot # 640, Ward # 106, Kunia, Gazipur, K.B. Bazar",Gazipur,K.B. Bazar,1995,"['Jackets', 'Trousers', 'Shorts', 'Denim Bottoms']",1200000.0,Very Large,30,1.4880952380952381,3571.4285714285716,4,0,0,0,0,0,0
Handica (BD) Ltd.,Knit,5.0,121.0,202,50000.0,"T-Shirts ,Polo Shirts ,Shirts","Plot # 10, Block - B, Dhaka Uddan, Dhaka, Mohamamdpur",Dhaka,Mohamamdpur,2012,"['T-Shirts', 'Polo Shirts', 'Shirts']",600000.0,Large,13,0.599009900990099,2970.29702970297,3,0,0,0,0,0,0
Hanjala Textiles Park Ltd.,Sweater,5.0,100.0,120,120000.0,Sweater,"Khaishair, Daudpur, Narayanganj, Rupganj",Narayanganj,Rupganj,2015,['Sweater'],1440000.0,Very Large,10,0.8333333333333334,12000.0,1,0,0,0,0,0,1
Hannan Fashions Ltd.,Sweater,5.0,2215.0,950,200000.0,"Sweaters ,Pullovers ,Vests ,Tank Tops","1155, Shahid Siddique Road, Khailkur, Gazipur, Gazipur",Gazipur,Gazipur,2003,"['Sweaters', 'Pullovers', 'Vests', 'Tank Tops']",2400000.0,Very Large,22,2.331578947368421,2526.315789473684,4,0,0,0,0,0,0
Hannan Knit & Textiles Ltd.,Sweater,5.0,1911.0,1337,200000.0,"Sweaters ,Pullovers ,Cardigans","505, Kalmeshor, Gazipur, Gazipur",Gazipur,Gazipur,2009,"['Sweaters', 'Pullovers', 'Cardigans']",2400000.0,Very Large,16,1.4293193717277486,1795.0635751682871,3,0,0,0,0,0,0
Hannan Knitwears Ltd.,Sweater,5.0,1725.0,1225,400000.0,Sweater,"555, Rahom Ali Road, Uttar Khailkar, Gazipur, Gazipur",Gazipur,Gazipur,2011,['Sweater'],4800000.0,Very Large,14,1.4081632653061225,3918.3673469387754,1,0,0,0,0,0,1
Hanwen (BD) Ltd.,Sweater,5.0,500.0,1000,500000.0,Sweater,"Dewan Trade Center,, Plot # 301, Bypile, Unique, Ashulia, Dhaka, Savar",Dhaka,Savar,2014,['Sweater'],6000000.0,Very Large,11,0.5,6000.0,1,0,0,0,0,0,1
Haque Apparels & Textile Ltd.,Woven,1.0,2.0,340,36000.0,"Shirt ,Pant ,T-Shirt ,Polo Shirt","Baroipara, 1349, Ashulia, Savar, Dhaka, Dhaka",Dhaka,Dhaka,2022,"['Shirt', 'Pant', 'T-Shirt', 'Polo Shirt']",432000.0,Large,3,0.0058823529411764705,1270.5882352941176,4,1,1,0,0,1,0
Haque Wears Intl. (Pvt) Ltd.,Woven,5.0,350.0,151,60000.0,"Shirts ,Jackets ,Shorts","98/B, D.I.T Road, Malibagh Chowdhury Para, Dhaka, Malibagh",Dhaka,Malibagh,1992,"['Shirts', 'Jackets', 'Shorts']",720000.0,Large,33,2.3178807947019866,4768.211920529801,3,0,0,0,0,0,0
Hardy Associates Ltd.,Knit,5.0,550.0,350,400000.0,"Mens Briefs ,Ladies Panties ,Mens Boxers ,Ladies Bra","Holding # J-41, Ward # 7, Chandana, Gazipur, Kaliakoir",Gazipur,Kaliakoir,2005,"['Mens Briefs', 'Ladies Panties', 'Mens Boxers', 'Ladies Bra']",4800000.0,Very Large,20,1.5714285714285714,13714.285714285714,4,0,0,0,0,0,0
Harkom Setabganj Ltd.,Knit,1.0,130.0,100,100000.0,"Rugs ,Floor Mats","T & T Road, Setabganj, Dinajpur, Dinajpur",Dinajpur,Dinajpur,2021,"['Rugs', 'Floor Mats']",1200000.0,Very Large,4,1.3,12000.0,2,0,0,0,0,0,0
Harp Fashion Wears Ltd.,Knit,5.0,200.0,140,120000.0,"T-Shirts ,Polo Shirts ,Panties ,Tank Top","Noor Plaza, 4498 Arakan Road, Chittagong, Chandgaon",Chittagong,Chandgaon,1995,"['T-Shirts', 'Polo Shirts', 'Panties', 'Tank Top']",1440000.0,Very Large,30,1.4285714285714286,10285.714285714286,4,0,0,0,0,0,0
Harrods Garments Ltd.,Woven,5.0,820.0,352,1680000.0,"Shirts ,Ladies Shirts ,Ladies Jackets","River City, 1676/G/1, Shah Amanat Connecting Road, Chittagong, Bakalia",Chittagong,Bakalia,1992,"['Shirts', 'Ladies Shirts', 'Ladies Jackets']",20160000.0,Very Large,33,2.3295454545454546,57272.72727272727,3,0,0,0,0,0,0
Harrods Knit Wear Ltd,Knit,5.0,393.0,180,200000.0,"T-Shirts ,Polo Shirts","Amzad Tower Plot No: 32, Road No: 02, Block No: A, Kathgora, Zirabo, Ashulia, Savar, Dhaka-1341., Dhaka, Dhaka",Dhaka,Dhaka,2022,"['T-Shirts', 'Polo Shirts']",2400000.0,Very Large,3,2.183333333333333,13333.333333333334,2,0,0,0,0,0,0
Harry Fashion Ltd.,Woven,5.0,500.0,750,100000.0,"Shirts ,Jackets ,Pants","Varo Doba, Mymensingh, Valuka",Mymensingh,Valuka,2012,"['Shirts', 'Jackets', 'Pants']",1200000.0,Very Large,13,0.6666666666666666,1600.0,3,0,0,1,0,0,0
Harun Twisting Ind. (Pvt) Ltd.,Knit,5.0,450.0,180,208000.0,"T-Shirts ,Polo Shirts ,Sweat Shirts","Plot # 2/A, Road # 3, Section # 7, Mirpur I/A, Dhaka, Mirpur",Dhaka,Mirpur,2003,"['T-Shirts', 'Polo Shirts', 'Sweat Shirts']",2496000.0,Very Large,22,2.5,13866.666666666666,3,0,0,0,0,0,0
Hasan Tanvir Fashion Wears Ltd.,Woven,5.0,1000.0,350,300000.0,"Shirts ,Ladies Shirts ,Ladies Payjama ,Polo Shirts","Plot # 397, Chandona, Chandona Chowrasta, Gazipur, Joydevpur",Gazipur,Joydevpur,2006,"['Shirts', 'Ladies Shirts', 'Ladies Payjama', 'Polo Shirts']",3600000.0,Very Large,19,2.857142857142857,10285.714285714286,4,0,0,0,0,0,0
Haseen Apparels Ltd.,Knit,5.0,500.0,500,150000.0,"T-Shirts ,Polo Shirts","Mulaid, Mouna, Gazipur, Sreepur",Gazipur,Sreepur,2008,"['T-Shirts', 'Polo Shirts']",1800000.0,Very Large,17,1.0,3600.0,2,0,0,0,0,0,0
Haseen Sweater Ltd.,Sweater,5.0,1806.0,1500,250000.0,Sweaters,"Milaid, Gazipur, Sreepur",Gazipur,Sreepur,2003,['Sweaters'],3000000.0,Very Large,22,1.204,2000.0,1,0,0,0,0,0,0
Hasib Apparels (Pvt) Ltd.,Woven,5.0,170.0,100,370000.0,"Shirts ,Dresses ,Shorts","75, Iqbal Road, Chittagong, Patherghata",Chittagong,Patherghata,1994,"['Shirts', 'Dresses', 'Shorts']",4440000.0,Very Large,31,1.7,44400.0,3,0,0,0,0,0,0
Hayat Fashion Ltd.,Woven,5.0,425.0,210,65000.0,"Shirts ,Ladies Blouse ,Children Dress","13, Mayakanon, Dhaka, Kamalapur",Dhaka,Kamalapur,1998,"['Shirts', 'Ladies Blouse', 'Children Dress']",780000.0,Large,27,2.0238095238095237,3714.285714285714,3,0,0,0,0,0,0
Hearty Apparels Ltd.,Woven,5.0,125.0,110,2100.0,"Jogging Suits ,Swimwears ,Overalls ,Vest","1101, Dit Road, Malibagh Chowdhury Para, Dhaka, Dhaka",Dhaka,Dhaka,1999,"['Jogging Suits', 'Swimwears', 'Overalls', 'Vest']",25200.0,Medium,26,1.1363636363636365,229.0909090909091,4,0,0,0,0,0,0
Heaven Fashion Ltd.,Woven,5.0,341.0,99,120000.0,"Shirta ,Pants ,Jackets","Purbohati Road, Hemayetpur, Natun Para, Dhaka, Savar",Dhaka,Savar,2012,"['Shirta', 'Pants', 'Jackets']",1440000.0,Very Large,13,3.4444444444444446,14545.454545454546,3,0,0,1,0,0,0
Heaven Knit Garments Ltd.,Knit,5.0,400.0,182,200000.0,"T-Shirts ,Polo Shirts","B-446, Bscic I/A, Narayanganj, Fatullah",Narayanganj,Fatullah,2014,"['T-Shirts', 'Polo Shirts']",2400000.0,Very Large,11,2.197802197802198,13186.813186813188,2,0,0,0,0,0,0
Heca Production Ltd.,Unknown,,0.0,0,360000.0,"Shirts ,Pants ,T-Shirta ,Polo Shirts","Gazirchat ( Madrasha Road), (1St & 2Nd Floor), Word # 7, Shonirvor Dhamshona Union Parishod, Dhaka","Gazirchat ( Madrasha Road), (1St & 2Nd Floor), Word # 7, Shonirvor Dhamshona Union Parishod",Dhaka,2018,"['Shirts', 'Pants', 'T-Shirta', 'Polo Shirts']",4320000.0,Very Large,7,0.0,0.0,4,0,0,1,0,0,0
Helicon Ltd.,Sweater,5.0,1200.0,765,25000.0,Sweaters,"Plot # 127, Depz, Ganakbari, Dhaka, Dhaka",Dhaka,Dhaka,2006,['Sweaters'],300000.0,Large,19,1.5686274509803921,392.15686274509807,1,0,0,0,0,0,0
Hema Sweaters Fashion,Sweater,5.0,122.0,126,15000.0,Sweaters,"Hous # 31, Dohs Road, Old Dohs, Dhaka, Banani",Dhaka,Banani,2011,['Sweaters'],180000.0,Large,14,0.9682539682539683,1428.5714285714287,1,0,0,0,0,0,0
Hepta Fashion Ltd.,Sweater,5.0,350.0,200,5200000.0,Sweater,"Jogitola, Brri, Gazipur, Joydevpur",Gazipur,Joydevpur,2014,['Sweater'],62400000.0,Very Large,11,1.75,312000.0,1,0,0,0,0,0,1
Hera Sweaters Ltd.,Sweater,1.0,935.0,681,180000.0,Unknown,"Pechain, Jampur, Sonargaon Narayanganj, Narayanganj, Narayangonj",Narayanganj,Narayangonj,2017,[],2160000.0,Very Large,8,1.3729809104258444,3171.806167400881,0,0,0,0,0,0,0
Heritage Apparels Ltd.,Woven,5.0,281.0,126,75000.0,"Shirts ,Pants","Plot # 1169, West Nandipara, Halim Complex, Tremohoni Road, Dhaka, Khilgaon",Dhaka,Khilgaon,2015,"['Shirts', 'Pants']",900000.0,Large,10,2.2301587301587302,7142.857142857143,2,0,0,1,0,0,0
Heritage Fashion,Woven,1.0,1.0,190,95000.0,"Shirt ,Pant ,Jacket","137/ 16 2Nd Colony, Mazar Road, Mirpur, Dhaka, Dhaka",Dhaka,Dhaka,2022,"['Shirt', 'Pant', 'Jacket']",1140000.0,Very Large,3,0.005263157894736842,6000.0,3,0,1,0,1,0,0
Hexa Garments (Pvt) Ltd.,Woven,5.0,350.0,165,90000.0,"Men's Shirts ,Ladies Blouses ,Uniforms","74/A, Science Laboratory Road, Dhaka, Dhanmondi",Dhaka,Dhanmondi,1985,"['Mens Shirts', 'Ladies Blouses', 'Uniforms']",1080000.0,Very Large,40,2.121212121212121,6545.454545454545,3,0,0,0,0,0,0
Hi-Fashion Composite Textiles Ltd.,Knit,5.0,700.0,286,300000.0,"Fleece Jackets ,Trousers ,Pants","Shirir Chala, Bagher Bazar, Gazipur, Joydevpur",Gazipur,Joydevpur,2008,"['Fleece Jackets', 'Trousers', 'Pants']",3600000.0,Very Large,17,2.4475524475524475,12587.412587412588,3,0,0,1,0,0,0
Hi-Fashion Ltd.,Knit,5.0,350.0,200,500000.0,"Ladies Panties ,Swim Wears ,Bra ,Pajama","Jahan Building No. 2, 24, Agrabad C/A, Chittagong","Jahan Building No. 2, 24, Agrabad C/A",Chittagong,1986,"['Ladies Panties', 'Swim Wears', 'Bra', 'Pajama']",6000000.0,Very Large,39,1.75,30000.0,4,0,0,0,0,0,0
Hi-Tech Fashions Ltd.,Knit,5.0,561.0,120,360000.0,"Sports Bra ,Camy Panties ,Camisol","1290 O.R. Nizam Road, Mehedibagh, Chittagong, Megla",Chittagong,Megla,1992,"['Sports Bra', 'Camy Panties', 'Camisol']",4320000.0,Very Large,33,4.675,36000.0,3,0,0,0,0,0,0
Hillstone Fashion,Sweater,1.0,1.0,72,20000.0,Sweater,"355, Dosaid, Ashulia, Savar, Dhaka, Dhaka",Dhaka,Dhaka,2022,['Sweater'],240000.0,Large,3,0.013888888888888888,3333.3333333333335,1,0,0,0,0,0,1
Hilton Apparels Ltd.,Knit,1.0,130.0,0,0.0,Unknown,"Mirerchangaou, Ashulia, Savar, Dhaka, Dhaka, Dhaka",Dhaka,Dhaka,2021,[],0.0,,4,0.0,0.0,0,0,0,0,0,0,0
Himalay Sourcing Ltd.,Knit,5.0,150.0,141,33333.0,"Shirts ,Pants ,t-Shirts ,Polo Shirts","Plot # I-1, I-1/Ka (4Th Floor), Road # 1, Section # 1, Dhaka, Mirpur",Dhaka,Mirpur,2015,"['Shirts', 'Pants', 't-Shirts', 'Polo Shirts']",399996.0,Large,10,1.0638297872340425,2836.851063829787,4,0,0,1,0,0,0
HK Global Knitwear,Knit,1.0,138.0,125,0.0,"T-Shirt ,Polo Shirt","553, Senpara, Parbata, Mirpur, Dhaka, Dhaka",Dhaka,Dhaka,2022,"['T-Shirt', 'Polo Shirt']",0.0,,3,1.104,0.0,2,1,0,0,0,1,0
HK-TG Garments Ltd.,Knit,5.0,400.0,143,500000.0,Ladies Under Wears,"590 Colonel Jones Road, North Kattali, Chittagong, Pahartoli",Chittagong,Pahartoli,2008,['Ladies Under Wears'],6000000.0,Very Large,17,2.797202797202797,41958.041958041955,1,0,0,0,0,0,0
HKC Apparels Ltd.,Knit,5.0,490.0,130,90000.0,"T-Shirts ,Panties ,Briefs","1170/B, Shahamanat Setu Road, East Sholoshar, Chittagong, Bahaddarhat",Chittagong,Bahaddarhat,2002,"['T-Shirts', 'Panties', 'Briefs']",1080000.0,Very Large,23,3.769230769230769,8307.692307692309,3,0,0,0,0,0,0
HMN Fashion Ltd.,Knit,5.0,1456.0,551,465500.0,"Jackets ,T-Shirts ,Under Wears","Holding # 1, Bldg # 1, Shafipur, Gazipur, Kaliakoir",Gazipur,Kaliakoir,2003,"['Jackets', 'T-Shirts', 'Under Wears']",5586000.0,Very Large,22,2.6424682395644283,10137.931034482759,3,0,0,0,0,0,0
HN Garments Ltd.,Woven,5.0,1101.0,767,155000.0,"Jackets ,Bib Overalls ,Trousers ,Jogging Suits","Kushol Centre (7Th Floor), Plot # 29, Sector # 3, Uttara C/A, Dhaka, Uttara",Dhaka,Uttara,2001,"['Jackets', 'Bib Overalls', 'Trousers', 'Jogging Suits']",1860000.0,Very Large,24,1.4354628422425033,2425.0325945241198,4,0,0,0,0,0,0
Hollywood Fashions (Pvt) Ltd.,Woven,5.0,410.0,200,168000.0,"Shirts ,Ladies Blouses ,Ladies Shirts","Zamgara, Yearpur Union, Ashulia, Dhaka, Savar",Dhaka,Savar,1985,"['Shirts', 'Ladies Blouses', 'Ladies Shirts']",2016000.0,Very Large,40,2.05,10080.0,3,0,0,0,0,0,0
Hollywood Garments (Pvt.) Ltd.,Woven,5.0,1603.0,0,99550.0,"Trouser ,Shirt ,Jacket ,Overall","Union Plaza, Plot # 140, Baron, Diakhali, Dhaka Savar Epz Road, Dhaka, Dhaka",Dhaka,Dhaka,1992,"['Trouser', 'Shirt', 'Jacket', 'Overall']",1194600.0,Very Large,33,0.0,0.0,4,0,1,0,1,0,0
Home Textiles Ltd.,Knit,5.0,915.0,183,0.0,"Bed Lilen ,Table Lilen ,Curtain","East Chandra, Gazipur, Shafipur",Gazipur,Shafipur,2002,"['Bed Lilen', 'Table Lilen', 'Curtain']",0.0,,23,5.0,0.0,3,0,0,0,0,0,0
Honeywell Garments Ltd.,Woven,5.0,350.0,150,60000.0,Ladies Items,"1010-1011, Ambagh, Mouza- Bagiya, Gazipur, Konabari",Gazipur,Konabari,1991,['Ladies Items'],720000.0,Large,34,2.3333333333333335,4800.0,1,0,0,0,0,0,0
Hong Kong Denim (Pvt.) Ltd.,Unknown,,0.0,0,504000.0,"Shirts ,Pants ,Trousers","Plot # 9-14 & 21-24, Kepz, Chittagong","Plot # 9-14 & 21-24, Kepz",Chittagong,2019,"['Shirts', 'Pants', 'Trousers']",6048000.0,Very Large,6,0.0,0.0,3,0,0,1,0,0,0
Hong Kong Fashions Ltd.,Knit,5.0,405.0,358,125000.0,"T-Shirts ,Polo Shirts","4, Hazi Dudu Mia Road, Pagar, Gazipur, B. Baria",Gazipur,B. Baria,2013,"['T-Shirts', 'Polo Shirts']",1500000.0,Very Large,12,1.1312849162011174,4189.944134078212,2,0,0,0,0,0,0
Hong Kong Garments Ltd.,Woven,5.0,244.0,171,40000.0,"Jackets ,Trousers ,Jogging Suits","Nandiun (Araisataprashad), Bhawal Mirjapur, Gazipur, Gazipur Sadar",Gazipur,Gazipur Sadar,1993,"['Jackets', 'Trousers', 'Jogging Suits']",480000.0,Large,32,1.4269005847953216,2807.0175438596493,3,0,0,0,0,0,0
Hop Yick (BD) Ltd.,Knit,5.0,4692.0,2918,2000000.0,"Panties ,Bra","Plot # 61-68, Depz, Ganakbari, Dhaka, Savar",Dhaka,Savar,2012,"['Panties', 'Bra']",24000000.0,Very Large,13,1.6079506511309116,8224.81151473612,2,0,0,0,0,0,0
Horizon Fashion Wear Ltd.,Knit,5.0,190.0,133,210000.0,"T-Shirts ,Polo Shirts ,Sports Wear","05 Bishuya, Kuribari, Gazipur, Mirzapur",Gazipur,Mirzapur,2006,"['T-Shirts', 'Polo Shirts', 'Sports Wear']",2520000.0,Very Large,19,1.4285714285714286,18947.36842105263,3,0,0,0,0,0,0
Horizon Lingerie Ltd.,Knit,5.0,306.0,0,0.0,"T-Shirts ,Pants","5,Bishuya Kuribari, Gazipur, Mirzapur Union",Gazipur,Mirzapur Union,2013,"['T-Shirts', 'Pants']",0.0,,12,0.0,0.0,2,0,0,1,0,0,0
Hornbill Apparel Ltd.,Knit,5.0,723.0,305,250000.0,"T-Shirts ,Polo Shirts ,Tank Top","S A Plot # 310, Baimail, P.O.- Quasem Cotton Mills, Gazipur, Konabari",Gazipur,Konabari,1996,"['T-Shirts', 'Polo Shirts', 'Tank Top']",3000000.0,Very Large,29,2.3704918032786884,9836.065573770491,3,0,0,0,0,0,0
Hossain Clothing Ltd.,Woven,1.0,247.0,114,75000.0,"Shirt ,Pant","84, East Padardia, Satarkul Road, Badda, Dhaka, Dhaka",Dhaka,Dhaka,2017,"['Shirt', 'Pant']",900000.0,Large,8,2.1666666666666665,7894.736842105263,2,0,1,0,0,0,0
Hossain Fashion Ltd.,Woven,5.0,450.0,160,80000.0,Shirts,"B.K Bari, Mirzapur, Gazipur, Gazipur Sadar",Gazipur,Gazipur Sadar,1998,['Shirts'],960000.0,Large,27,2.8125,6000.0,1,0,0,0,0,0,0
Hossains Ltd.,Woven,5.0,200.0,100,30000.0,"Shirts ,Blouses","Plot # 103, Dhaka Mymensingh Road, Sector # 7, Uttara C/A, Dhaka, Uttara",Dhaka,Uttara,1985,"['Shirts', 'Blouses']",360000.0,Large,40,2.0,3600.0,2,0,0,0,0,0,0
Hossains Ltd. (Unit-2),Knit,5.0,200.0,100,40000.0,"T-Shirts ,Polo Shirts","Plot # 103, Dhaka Mymensingh Road, Uttara C/A, Dhaka, Uttara",Dhaka,Uttara,1992,"['T-Shirts', 'Polo Shirts']",480000.0,Large,33,2.0,4800.0,2,0,0,0,0,0,0
Hossains Ltd. (Unit-3),Woven,5.0,200.0,100,30000.0,"Shirts ,Blouses","Plot # 103, Dhaka Mymensingh Road, Sector # 7, Dhaka, Uttara",Dhaka,Uttara,1992,"['Shirts', 'Blouses']",360000.0,Large,33,2.0,3600.0,2,0,0,0,0,0,0
Hot Dress Ltd.,Sweater,5.0,1232.0,1419,200000.0,"Sweaters ,Cardigans ,Pullovers ,Jumpers","Kalma, Dairy Firm, Dhaka, Savar",Dhaka,Savar,2004,"['Sweaters', 'Cardigans', 'Pullovers', 'Jumpers']",2400000.0,Very Large,21,0.8682170542635659,1691.3319238900635,4,0,0,0,0,0,0
Hotapara Garments Ltd.,Knit,5.0,1960.0,582,985000.0,"T-Shirts ,Pique Polo ,Tank Tops","Bokran, Gazipur, Gazipur",Gazipur,Gazipur,2005,"['T-Shirts', 'Pique Polo', 'Tank Tops']",11820000.0,Very Large,20,3.3676975945017182,20309.278350515466,3,0,0,0,0,0,0
House of Caps & Clothing Ltd.,Woven,5.0,119.0,115,180000.0,"Caps ,Bags","Block # B, Ward # 9, Road # 5, Holding # 71, T&T Communication Road, Gazipur, Chandona",Gazipur,Chandona,2014,"['Caps', 'Bags']",2160000.0,Very Large,11,1.0347826086956522,18782.608695652172,2,0,0,0,0,0,0
HRB Apparels Ltd.,Woven,5.0,352.0,140,96000.0,"Shirts ,Pants ,Trousers","6/A, Chanpara, Ozampur, Uttar Khan, Dhaka, Uttar Khan",Dhaka,Uttar Khan,1993,"['Shirts', 'Pants', 'Trousers']",1152000.0,Very Large,32,2.5142857142857142,8228.57142857143,3,0,0,1,0,0,0
Huda Wintry Fashions Ltd.,Sweater,5.0,370.0,360,120000.0,Sweaters,"South Salna, Salna Bazar, Gazipur","South Salna, Salna Bazar",Gazipur,2007,['Sweaters'],1440000.0,Very Large,18,1.0277777777777777,4000.0,1,0,0,0,0,0,0
Humana Apparels Pvt. Ltd.,Woven,1.0,4.0,1308,100000.0,"Shirt ,Pant","Gorai, Momin Nagor, Mirzapur, Tangail, Tangail",Tangail,Tangail,2023,"['Shirt', 'Pant']",1200000.0,Very Large,2,0.0030581039755351682,917.4311926605504,2,0,1,0,0,0,0
Hung Tak Northern Gmts. Ltd.,Woven,5.0,1300.0,838,75000.0,Shirts,"Palashbari, Ashulia, Dhaka, Savar",Dhaka,Savar,2012,['Shirts'],900000.0,Large,13,1.5513126491646778,1073.9856801909307,1,0,0,0,0,0,0
Huq Garments Ltd.,Knit,5.0,370.0,190,500000.0,"MB Shirts ,Blouses ,Bottom ,Swim Wears","68/V, Sagarica Road (1St Floor), Chittagong, Pahartoli",Chittagong,Pahartoli,1987,"['MB Shirts', 'Blouses', 'Bottom', 'Swim Wears']",6000000.0,Very Large,38,1.9473684210526316,31578.947368421053,4,0,0,0,0,0,0
Husham Dresses Ltd.,Woven,5.0,265.0,120,15000.0,"Jackets ,Trousers ,Jogging Suits","Rahman Bhaban (5Th Floor), 206/2, Kachukhet Main Road, Dhaka, Cantonment",Dhaka,Cantonment,1993,"['Jackets', 'Trousers', 'Jogging Suits']",180000.0,Large,32,2.2083333333333335,1500.0,3,0,0,0,0,0,0
Hydroxide Knitwear Ltd.,Sweater,5.0,2778.0,1220,182000.0,Sweaters,"Mouchak, Gazipur, Kaliakoir",Gazipur,Kaliakoir,2004,['Sweaters'],2184000.0,Very Large,21,2.277049180327869,1790.1639344262296,1,0,0,0,0,0,0
Hypoid Composite Knit Ltd.,Knit,5.0,560.0,220,300000.0,"T-Shirts ,Polo Shirts ,Tank Top","176, South Krishanapur, Rajashan, Dhaka, Savar",Dhaka,Savar,2009,"['T-Shirts', 'Polo Shirts', 'Tank Top']",3600000.0,Very Large,16,2.5454545454545454,16363.636363636364,3,0,0,0,0,0,0
Hypoid Girls Fashion Ltd.,Knit,5.0,250.0,155,80000.0,"Knit Items ,Jackets ,Brief","122-123, Darus Salam, Dhaka, Mirpur Road",Dhaka,Mirpur Road,2004,"['Knit Items', 'Jackets', 'Brief']",960000.0,Large,21,1.6129032258064515,6193.548387096775,3,0,0,0,0,0,0
Hypoid Lingeries Ltd.,Woven,5.0,0.0,94,0.0,Under Garments,"124-125, Darus Salam Road, Section # 1, Dhaka, Mirpur",Dhaka,Mirpur,2001,['Under Garments'],0.0,,24,0.0,0.0,1,0,0,0,0,0,0
Hyun Apparels Ltd.,Knit,5.0,1200.0,475,1825000.0,"T-Shirts ,Polo Shirts ,Tank Top","Bengal Plaza-5, Zamgara, Depz Road, Ashulia, Dhaka, Savar",Dhaka,Savar,2004,"['T-Shirts', 'Polo Shirts', 'Tank Top']",21900000.0,Very Large,21,2.526315789473684,46105.26315789474,3,0,0,0,0,0,0
I Ahmed Textile Mills Ltd.,Knit,5.0,75.0,60,180000.0,Socks,"Diaboi, Satgram, Narayanganj, Araihazar",Narayanganj,Araihazar,2012,['Socks'],2160000.0,Very Large,13,1.25,36000.0,1,0,0,0,0,0,0
I-Moni Sweater Factory Ltd.,Sweater,5.0,550.0,300,50000.0,Sweaters,"Nogarchar, Rajfulbaria, Dhaka, Savar",Dhaka,Savar,2010,['Sweaters'],600000.0,Large,15,1.8333333333333333,2000.0,1,0,0,0,0,0,0
I.E. Enterprise and Exports,Woven,5.0,140.0,60,30000.0,"Shirts ,Pants","62, East Nasirabad, Chittagong, Panchlaish",Chittagong,Panchlaish,1997,"['Shirts', 'Pants']",360000.0,Large,28,2.3333333333333335,6000.0,2,0,0,1,0,0,0
Ibrahim Knit Garments (Pvt.) Ltd.,Knit,5.0,1723.0,252,416667.0,"T-Shirts ,Polo Shirts","Ailpara, Pathantuli, Narayanganj, Siddirgonj",Narayanganj,Siddirgonj,2014,"['T-Shirts', 'Polo Shirts']",5000004.0,Very Large,11,6.837301587301587,19841.285714285714,2,0,0,0,0,0,0
Icon Fashion Ltd.,Knit,5.0,230.0,150,250000.0,"T-Shirts ,Polo Sthirts","House # 68, Road # 3, Block # D, Ward # 2, Nayanichala, Dhaka, Turag",Dhaka,Turag,2015,"['T-Shirts', 'Polo Sthirts']",3000000.0,Very Large,10,1.5333333333333334,20000.0,2,0,0,0,0,0,0
Idas Fashion Ltd.,Woven,5.0,244.0,150,76000.0,"Fleece Jackets ,Padded Jackets ,Pants","Noor Shopping Complex, 519/A, M.A. Aziz Road, Chittagong","Noor Shopping Complex, 519/A, M.A. Aziz Road",Chittagong,1999,"['Fleece Jackets', 'Padded Jackets', 'Pants']",912000.0,Large,26,1.6266666666666667,6080.0,3,0,0,1,0,0,0
IFCO Garments & Textiles Ltd.,Knit,5.0,486.0,360,444000.0,"Shirts ,Ladies Shirts ,Trousers ,Shorts","Plot # 41, 42, 56 & 57, Road # 1, Bscic I/E, Chittagong, Kalurghat",Chittagong,Kalurghat,2007,"['Shirts', 'Ladies Shirts', 'Trousers', 'Shorts']",5328000.0,Very Large,18,1.35,14800.0,4,0,0,0,0,0,0
IFL Factory Ltd.,Woven,5.0,20.0,884,0.0,"Shirts ,Pants","140, Dhour, Uttara, Dhaka, Turag",Dhaka,Turag,2016,"['Shirts', 'Pants']",0.0,,9,0.02262443438914027,0.0,2,0,0,1,0,0,0
IFS Texwear (Pvt) Ltd.,Knit,5.0,500.0,210,120000.0,"T-Shirts ,Polo Shirts ,Tank Tops","Mujib Market, Mijmije, Narayanganj, Shiddirganj",Narayanganj,Shiddirganj,2000,"['T-Shirts', 'Polo Shirts', 'Tank Tops']",1440000.0,Very Large,25,2.380952380952381,6857.142857142857,3,0,0,0,0,0,0
Iftee Fashion Ltd.,Sweater,5.0,480.0,199,50000.0,"Pullovers ,Cardigans","House # 85, Block-D, Word-3, Ashulia Depz Road, Dhaka, Turag",Dhaka,Turag,2010,"['Pullovers', 'Cardigans']",600000.0,Large,15,2.4120603015075375,3015.075376884422,2,0,0,0,0,0,0
IL Bangla Limited,Knit,5.0,150.0,70,440000.0,Socks,"Dakkhin Kongshadi, Vatpara, Narsingdi, Vatpara",Narsingdi,Vatpara,2012,['Socks'],5280000.0,Very Large,13,2.142857142857143,75428.57142857143,1,0,0,0,0,0,0
Imaan Knitwear Ltd.,Knit,1.0,2.0,170,335000.0,"T-Shirt ,Polo Shirt","North Charabagh, Bangabondhu Road, Ashulia, Savar, Dhaka, Dhaka",Dhaka,Dhaka,2019,"['T-Shirt', 'Polo Shirt']",4020000.0,Very Large,6,0.011764705882352941,23647.058823529413,2,1,0,0,0,1,0
Image Garments Ltd.,Woven,5.0,450.0,200,100000.0,"Pant ,Shorts ,Jacket ,Overall","1014/A,Baby Super Merket (2Nd Floor), Bazid Bostami Road, Chittagong, Chittagong",Chittagong,Chittagong,1994,"['Pant', 'Shorts', 'Jacket', 'Overall']",1200000.0,Very Large,31,2.25,6000.0,4,0,0,0,1,0,0
Imagine Fashion Ltd.,Woven,1.0,2.0,94,100000.0,"Shirt ,Pant ,T-Shirt ,Polo Shirt","House # 4/2, Road # 27, Eastern Housing Ltd., Block # M, Pallabi, Mirpur, Dhaka, Dhaka",Dhaka,Dhaka,2022,"['Shirt', 'Pant', 'T-Shirt', 'Polo Shirt']",1200000.0,Very Large,3,0.02127659574468085,12765.95744680851,4,1,1,0,0,1,0
Imperial Sweaters (BD) Ltd.,Sweater,5.0,1300.0,650,100000.0,"Sweaters ,Pullovers ,Cardigans","25/2, Dit Road, Malibagh Chowdhury Para, Dhaka, Malibagh",Dhaka,Malibagh,2004,"['Sweaters', 'Pullovers', 'Cardigans']",1200000.0,Very Large,21,2.0,1846.1538461538462,3,0,0,0,0,0,0
Impress Clothing Ltd.,Knit,5.0,420.0,137,800000.0,"T-Shirts ,Polo Shirts","Nurul Shopping Complex, 5, Sujatnagar, Pallabi, Dhaka, Mirpur",Dhaka,Mirpur,2012,"['T-Shirts', 'Polo Shirts']",9600000.0,Very Large,13,3.065693430656934,70072.99270072993,2,0,0,0,0,0,0
Impress Fashion Ltd.,Knit,5.0,495.0,165,36000.0,"Shirts ,T-Shirts ,Polo Shirts","468, D.I.T Road, Malibagh Supper Merket, Dhaka, Malibagh",Dhaka,Malibagh,1994,"['Shirts', 'T-Shirts', 'Polo Shirts']",432000.0,Large,31,3.0,2618.181818181818,3,0,0,0,0,0,0
Impress-Newtex Composite Textiles Ltd.,Knit,5.0,5473.0,2232,275000.0,"T-Shirts ,Polo Shirts ,Jacket ,Active Wear","Gorai I/A, Tangail, Tangail",Tangail,Tangail,2012,"['T-Shirts', 'Polo Shirts', 'Jacket', 'Active Wear']",3300000.0,Very Large,13,2.4520609318996414,1478.494623655914,4,0,0,0,1,0,0
Impressive Garments (Pvt.) Ltd.,Woven,5.0,600.0,324,155000.0,"Jackets ,Long Pants ,Trousers ,Skirts","Plot # 3 (Gr & 5Th Floor), Factory Road, Kadamtoli I/A, Dhaka, Shampur",Dhaka,Shampur,1993,"['Jackets', 'Long Pants', 'Trousers', 'Skirts']",1860000.0,Very Large,32,1.8518518518518519,5740.740740740741,4,0,0,0,0,0,0
Impulse Sweaters Limited,Sweater,5.0,425.0,350,52500.0,"Sweaters ,Cardigans","Siraj Tower, Basan Sarak, National University, Gazipur, Vogra",Gazipur,Vogra,2012,"['Sweaters', 'Cardigans']",630000.0,Large,13,1.2142857142857142,1800.0,2,0,0,0,0,0,0
Incredible Fashions Ltd.,Unknown,,0.0,0,140000.0,"T-Shirts ,Polo Shirts","Karol Suriichala, Mouchak, Gazipur","Karol Suriichala, Mouchak",Gazipur,2019,"['T-Shirts', 'Polo Shirts']",1680000.0,Very Large,6,0.0,0.0,2,0,0,0,0,0,0
Independent Apparels Ltd.,Knit,5.0,500.0,300,300000.0,"Jackets ,Pants ,Underwears","21/27 Baizid Bostami Road, Nasirabad I/A, Chittagong","21/27 Baizid Bostami Road, Nasirabad I/A",Chittagong,1997,"['Jackets', 'Pants', 'Underwears']",3600000.0,Very Large,28,1.6666666666666667,12000.0,3,0,0,1,0,0,0
Independent Sweaters Ltd.,Sweater,5.0,400.0,328,48000.0,Sweater,"Sarifpur, Sonda Sarak, Gazipur, National University",Gazipur,National University,2016,['Sweater'],576000.0,Large,9,1.2195121951219512,1756.0975609756097,1,0,0,0,0,0,1
Indesore Sweater Ltd.,Sweater,5.0,1000.0,1042,252000.0,"Sweaters ,Pullovers ,Cardigans","Degarchala, National University, Gazipur, Gazipur",Gazipur,Gazipur,2008,"['Sweaters', 'Pullovers', 'Cardigans']",3024000.0,Very Large,17,0.9596928982725528,2902.1113243761997,3,0,0,0,0,0,0
Index Garments Ltd.,Woven,5.0,300.0,200,36000.0,"Shirts ,Trousers","Sayeda Court (3Rd Floor), 28, Agrabad C/A, Chittagong, Agrabad",Chittagong,Agrabad,1986,"['Shirts', 'Trousers']",432000.0,Large,39,1.5,2160.0,2,0,0,0,0,0,0
Indigo Fashions Ltd.,Woven,5.0,1007.0,400,150000.0,"Shirts ,Trousers ,Pants","101, Sattar Plaza, Iut Road, Kathora, Gazipur, Joydevpur",Gazipur,Joydevpur,2012,"['Shirts', 'Trousers', 'Pants']",1800000.0,Very Large,13,2.5175,4500.0,3,0,0,1,0,0,0
Infinite Tex Limited,Woven,1.0,2.0,200,150000.0,"Shirt ,Pant ,T-Shirt ,Polo Shirt","Kumarpara, Duptara, Araihazar, Narayangonj, Narayangonj",Narayangonj,Narayangonj,2022,"['Shirt', 'Pant', 'T-Shirt', 'Polo Shirt']",1800000.0,Very Large,3,0.01,9000.0,4,1,1,0,0,1,0
Infinity Outfit Ltd.,Woven,5.0,200.0,170,10000.0,"Shirts ,Pants","1868, Uttar Khailkur, National University, Gazipur, Gazipur",Gazipur,Gazipur,2015,"['Shirts', 'Pants']",120000.0,Large,10,1.1764705882352942,705.8823529411765,2,0,0,1,0,0,0
Innovative Knitex Ltd.,Knit,5.0,700.0,244,5000000.0,"T-Shirts ,Polo Shirts","A/177-178, Bscic I/A,, Panchabaty, Narayanganj, Fatullah",Narayanganj,Fatullah,2014,"['T-Shirts', 'Polo Shirts']",60000000.0,Very Large,11,2.8688524590163933,245901.6393442623,2,0,0,0,0,0,0
Innstyle Fashion Ltd.,Knit,5.0,500.0,250,124800.0,"Cargo Long & Shorts ,Jackets ,T-Shirts","102, Mazirghat Road, East Madhar Bari, Chittagong","102, Mazirghat Road, East Madhar Bari",Chittagong,2000,"['Cargo Long  Shorts', 'Jackets', 'T-Shirts']",1497600.0,Very Large,25,2.0,5990.4,3,0,0,0,0,0,0
Int'l Knitwear & Apparels Ltd.,Knit,5.0,1395.0,515,525000.0,"Ladies Top & Bottoms ,Kids Top & Bottoms ,Mens Top & Bottoms","Beximco Inds. Park, Sarabo, Gazipur, B. Baria",Gazipur,B. Baria,2003,"['Ladies Top  Bottoms', 'Kids Top  Bottoms', 'Mens Top  Bottoms']",6300000.0,Very Large,22,2.70873786407767,12233.009708737864,3,0,0,0,0,0,0
Int'l Knitwear & Apparels Ltd. (U-2),Woven,5.0,2203.0,875,420000.0,"Shirts ,Ladies Shirts ,Children Wears","Beximco Inds. Park, Sarabo, Gazipur, Gazipur",Gazipur,Gazipur,2003,"['Shirts', 'Ladies Shirts', 'Children Wears']",5040000.0,Very Large,22,2.517714285714286,5760.0,3,0,0,0,0,0,0
Integra Apparels (Bangladesh) Ltd.,Woven,5.0,2146.0,717,425000.0,"Shirts ,Jackets ,Pants","Plot # 742, Dhour, Nayanagor, Turag, Dhaka, Dhaka",Dhaka,Dhaka,2012,"['Shirts', 'Jackets', 'Pants']",5100000.0,Very Large,13,2.99302649930265,7112.970711297071,3,0,0,1,0,0,0
Integra Dresses Limited,Woven,1.0,4.0,94,70000.0,"Shirt ,Pant ,Trouser ,Jacket","Plot # 13 & 14, Ward # 42, Koromtola, Pubail, Gazipur Sadar, Gazipur, Gazipur",Gazipur,Gazipur,2023,"['Shirt', 'Pant', 'Trouser', 'Jacket']",840000.0,Large,2,0.0425531914893617,8936.170212765957,4,0,1,0,1,0,0
Integral Apparels Ltd.,Woven,5.0,470.0,420,96000.0,"Shirts ,Jackets ,Pants ,Jumpers","Fidc Road, Bscic I/E, Chittagong, Kalurgaht",Chittagong,Kalurgaht,1994,"['Shirts', 'Jackets', 'Pants', 'Jumpers']",1152000.0,Very Large,31,1.119047619047619,2742.8571428571427,4,0,0,1,0,0,0
Intercare Limited,Woven,5.0,450.0,250,5000.0,"Denim Jackets ,Denim Trousers ,Board Shorts ,Girls Shorts","687, South Agrabad, Cda R/A, Chittagong, Road # 20",Chittagong,Road # 20,1992,"['Denim Jackets', 'Denim Trousers', 'Board Shorts', 'Girls Shorts']",60000.0,Medium,33,1.8,240.0,4,0,0,0,0,0,0
Interfab Shirt Manufacturing Ltd.,Woven,5.0,5272.0,2686,678220.0,"Shirts ,Ladies Shirts ,School Shirts","302/547, Kunia, Gasa Union, National University, Gazipur, Board Bazar",Gazipur,Board Bazar,2003,"['Shirts', 'Ladies Shirts', 'School Shirts']",8138640.0,Very Large,22,1.9627699180938198,3030.022338049144,3,0,0,0,0,0,0
Interlink Apparels Ltd.,Woven,5.0,1264.0,670,11700.0,"Dress Pants ,Casual Shirts ,Uniforms","Plot # 1619-1621, Vogra, Gazipur, B. Baria",Gazipur,B. Baria,2003,"['Dress Pants', 'Casual Shirts', 'Uniforms']",140400.0,Large,22,1.8865671641791044,209.55223880597015,3,0,0,0,0,0,0
Interlink Dresses,Woven,5.0,1250.0,1216,17133.0,"Mens/Womens Jacket ,Blazer ,Shorts ,Skirt","Sherin Chowdhury Complex, Vogra, Gazipur, Gazipur",Gazipur,Gazipur,2009,"['MensWomens Jacket', 'Blazer', 'Shorts', 'Skirt']",205596.0,Large,16,1.0279605263157894,169.07565789473685,4,0,0,0,0,0,0
International Classic Composite Ltd.,Knit,5.0,1310.0,742,400000.0,"T-Shirts ,Polo Shirts ,Sweat Shirts","568 & 584, Naojur, Kodda Bazar, Gazipur, Joydevpur",Gazipur,Joydevpur,2007,"['T-Shirts', 'Polo Shirts', 'Sweat Shirts']",4800000.0,Very Large,18,1.7654986522911051,6469.00269541779,3,0,0,0,0,0,0
International Garments Ltd.,Woven,5.0,290.0,105,36000.0,"Pants ,Jackets ,Kids Items","33, Mohakhali C/A, Dhaka, Mohakhali",Dhaka,Mohakhali,1985,"['Pants', 'Jackets', 'Kids Items']",432000.0,Large,40,2.761904761904762,4114.285714285715,3,0,0,1,0,0,0
International Shirt Line Ltd.,Woven,5.0,700.0,368,156000.0,Shirts,"2514/2872, Mohara, Kalurghat I/A, Chittagong, Chandgaon",Chittagong,Chandgaon,1999,['Shirts'],1872000.0,Very Large,26,1.9021739130434783,5086.95652173913,1,0,0,0,0,0,0
International Trading Services Ltd.,Woven,5.0,7501.0,500,120000.0,"Jackets ,Shirts ,Pants ,Shorts","F-68,F-68/1,Civil Engineers City, (3Rd-10Th Floor)Jarun, Konabari, Gazipur Sadar, Gazipur, Gazipur",Gazipur,Gazipur,1992,"['Jackets', 'Shirts', 'Pants', 'Shorts']",1440000.0,Very Large,33,15.002,2880.0,4,0,0,1,0,0,0
Interstoff Apparels Ltd.,Knit,5.0,4500.0,1735,240000.0,"T-Shirts ,Polo Shirts ,Trousers ,Shorts","R.S. # 171, Chandana Pallibiddut, Gazipur, B. Baria",Gazipur,B. Baria,2005,"['T-Shirts', 'Polo Shirts', 'Trousers', 'Shorts']",2880000.0,Very Large,20,2.5936599423631126,1659.9423631123918,4,0,0,0,0,0,0
Interstoff Clothing Ltd.,Knit,5.0,1100.0,625,60000.0,"T-Shirts ,Polo Shirts ,Trousers ,Tops","Kalamasher, Gazipur, National University",Gazipur,National University,2000,"['T-Shirts', 'Polo Shirts', 'Trousers', 'Tops']",720000.0,Large,25,1.76,1152.0,4,0,0,0,0,0,0
Interwing Knit Wears Ltd.,Woven,5.0,300.0,230,75000.0,"Shirts ,Long Pants ,Cargo Pants","Plot # 8-10, Road # 1, Kalwalapara, Block-B, Section # 1, Dhaka, Mirpur",Dhaka,Mirpur,1991,"['Shirts', 'Long Pants', 'Cargo Pants']",900000.0,Large,34,1.3043478260869565,3913.0434782608695,3,0,0,0,0,0,0
Intimate Attire Ltd.,Knit,5.0,1442.0,1418,153333333.0,"Shirts ,Pants ,T-Shirts ,Polo Shirts","Jamirdia, Mymensingh, Valuka",Mymensingh,Valuka,2015,"['Shirts', 'Pants', 'T-Shirts', 'Polo Shirts']",1839999996.0,Very Large,10,1.0169252468265162,1297602.2538787024,4,0,0,1,0,0,0
Intimate Clothing Ltd.,Knit,5.0,145.0,100,60000.0,"Shirts ,Pants ,T-Shirts ,Polo Shirts","2403, Bepari Bari, Uttarkhan, Dhaka, Uttara",Dhaka,Uttara,2013,"['Shirts', 'Pants', 'T-Shirts', 'Polo Shirts']",720000.0,Large,12,1.45,7200.0,4,0,0,1,0,0,0
Intimate Suppliers Ltd.,Knit,5.0,153.0,126,175000.0,"T-Shirts ,Polo Shirts ,Panties","Plot # 134, Depz, Dhaka, Savar",Dhaka,Savar,2011,"['T-Shirts', 'Polo Shirts', 'Panties']",2100000.0,Very Large,14,1.2142857142857142,16666.666666666668,3,0,0,0,0,0,0
Intraco Design Ltd.,Woven,5.0,598.0,411,10000.0,"Shirts ,Pajama ,Pants ,T-Shirts","244, 243, South Azampur, Dhaka, Uttara",Dhaka,Uttara,2006,"['Shirts', 'Pajama', 'Pants', 'T-Shirts']",120000.0,Large,19,1.4549878345498783,291.97080291970804,4,0,0,1,0,0,0
Intraco Fashion Ltd.,Woven,5.0,805.0,365,120000.0,"Pants ,Overalls ,Trousers ,Skirts","Musafir Bhaban (2Nd, 3Rd & 4Th Floor), Kasai Bari, Sakander Market, Dhaka, Uttara",Dhaka,Uttara,2001,"['Pants', 'Overalls', 'Trousers', 'Skirts']",1440000.0,Very Large,24,2.2054794520547945,3945.205479452055,4,0,0,1,0,0,0
Intrade Apparels Ltd.,Knit,5.0,300.0,199,234000.0,"Shirts ,Pants ,T-Shirts ,Polo Shirts","Karol, Shorichala, Safipur, Gazipur, Kaliakoir",Gazipur,Kaliakoir,2014,"['Shirts', 'Pants', 'T-Shirts', 'Polo Shirts']",2808000.0,Very Large,11,1.5075376884422111,14110.552763819096,4,0,0,1,0,0,0
Intramex Apparels Ltd.,Woven,5.0,850.0,824,120000.0,"Jackets ,Pants ,Trousers ,Bottoms","Laxmipura, Chandona, Gazipur, Joydevpur",Gazipur,Joydevpur,2006,"['Jackets', 'Pants', 'Trousers', 'Bottoms']",1440000.0,Very Large,19,1.0315533980582525,1747.5728155339805,4,0,0,1,0,0,0
Intramex Clothing,Knit,5.0,485.0,68,390000.0,"T-Shirts ,Pique Polo ,Shorts ,Pajama Se ts","Laxmipura, Chandona, Gazipur, Joydevpur",Gazipur,Joydevpur,2010,"['T-Shirts', 'Pique Polo', 'Shorts', 'Pajama Se ts']",4680000.0,Very Large,15,7.132352941176471,68823.5294117647,4,0,0,0,0,0,0
Intramex Fashions Ltd.,Woven,5.0,988.0,561,150000.0,"Jackets ,Trousers ,Skirts ,Shorts","Laxmipura, Chandona, Gazipur, Joydevpur",Gazipur,Joydevpur,2000,"['Jackets', 'Trousers', 'Skirts', 'Shorts']",1800000.0,Very Large,25,1.7611408199643495,3208.5561497326203,4,0,0,0,0,0,0
Intramex Knit Wear Ltd. (Unit-2),Knit,5.0,220.0,53,125000.0,"T-Shirts ,Polo Shirts","Miralipur, Mirwarishpur, Noakhali, Begumgonj",Noakhali,Begumgonj,2014,"['T-Shirts', 'Polo Shirts']",1500000.0,Very Large,11,4.150943396226415,28301.88679245283,2,0,0,0,0,0,0
Intramex Knitwear Ltd.,Knit,5.0,1174.0,521,260000.0,"T-Shirts ,Pique Polo ,Sweat Shirts ,Tank Tops","Laxmipura, Chandona, Gazipur, Joydevpur",Gazipur,Joydevpur,2006,"['T-Shirts', 'Pique Polo', 'Sweat Shirts', 'Tank Tops']",3120000.0,Very Large,19,2.253358925143954,5988.483685220729,4,0,0,0,0,0,0
Intramex Sweater Ltd.,Sweater,5.0,1600.0,1450,150000.0,"Sweaters ,Pullovers ,Cardigans","Laxmipura, Chandona, Gazipur, Joydevpur",Gazipur,Joydevpur,2004,"['Sweaters', 'Pullovers', 'Cardigans']",1800000.0,Very Large,21,1.103448275862069,1241.3793103448277,3,0,0,0,0,0,0
Intramex Sweater Ltd. (U-2),Sweater,5.0,550.0,202,84000.0,Sweater,"Miralipur, Mirwarishpur, Noakhali, Begumgonj",Noakhali,Begumgonj,2014,['Sweater'],1008000.0,Very Large,11,2.722772277227723,4990.0990099009905,1,0,0,0,0,0,1
Iqbal Enterprises Ltd.,Woven,5.0,530.0,180,60000.0,"Shirts ,Jackets ,Pants","32/A, Fidc Road, Chittagong, Kalurgate",Chittagong,Kalurgate,1984,"['Shirts', 'Jackets', 'Pants']",720000.0,Large,41,2.9444444444444446,4000.0,3,0,0,1,0,0,0
Iqbal Texware Limited,Knit,5.0,1000.0,300,500000.0,"T-Shirts ,Polo Shirts ,Sweaters ,Pullovers","West Masdair, Narayanganj, Fatullah",Narayanganj,Fatullah,1994,"['T-Shirts', 'Polo Shirts', 'Sweaters', 'Pullovers']",6000000.0,Very Large,31,3.3333333333333335,20000.0,4,0,0,0,0,0,0
Irene Knitwear Ltd.,Knit,5.0,1000.0,461,250000.0,"T-Shirts ,Polo Shirts ,Trousers","13, Dailla, Dhaka, Demra",Dhaka,Demra,2008,"['T-Shirts', 'Polo Shirts', 'Trousers']",3000000.0,Very Large,17,2.1691973969631237,6507.592190889371,3,0,0,0,0,0,0
Iris Design Ltd.,Knit,5.0,2850.0,1128,166666.0,"T-Shirts ,Lingery ,Baby Item","Zajhor, National University, Gazipur, Gazipur",Gazipur,Gazipur,2015,"['T-Shirts', 'Lingery', 'Baby Item']",1999992.0,Very Large,10,2.526595744680851,1773.0425531914893,3,0,0,0,0,0,0
Iris Fabrics Ltd.,Knit,5.0,3300.0,1376,75000.0,"T-Shirts ,Polo Shirts ,Vest ,Cardigans","Zirani Bazar, Kashimpur, Gazipur, Gazipur",Gazipur,Gazipur,2008,"['T-Shirts', 'Polo Shirts', 'Vest', 'Cardigans']",900000.0,Large,17,2.3982558139534884,654.0697674418604,4,0,0,0,0,0,0
Iris Fashions Ltd.,Sweater,5.0,1400.0,500,25000.0,"Pullovers ,Cardigans ,Poncho","Zirabo, Savar, Dhaka, Dhaka, Dhaka",Dhaka,Dhaka,2004,"['Pullovers', 'Cardigans', 'Poncho']",300000.0,Large,21,2.8,600.0,3,0,0,0,0,0,0
Ishaqpur Sweater Inds. Ltd.,Sweater,5.0,507.0,811,120000.0,Sweaters,"Mannan Nagar, Ishaqpur, Noakhali, Sadar",Noakhali,Sadar,2003,['Sweaters'],1440000.0,Very Large,22,0.625154130702836,1775.5856966707768,1,0,0,0,0,0,0
Ishayat Fashions Ltd.,Woven,1.0,3600.0,1916,45000.0,Unknown,"562/1, Bahadurpur, Joydevpur, Gazipur, Gazipur",Gazipur,Gazipur,2017,[],540000.0,Large,8,1.8789144050104385,281.83716075156576,0,0,0,0,0,0,0
Ishita Garments,Knit,5.0,300.0,130,70000.0,"Knit Items ,Trousers","Plot # 11, Road # 46, Gulshan North C/A, Dhaka, Gulshan",Dhaka,Gulshan,1985,"['Knit Items', 'Trousers']",840000.0,Large,40,2.3076923076923075,6461.538461538462,2,0,0,0,0,0,0
Ishraq Garments Ltd.,Woven,5.0,180.0,82,0.0,"Shirts ,Pants ,Jogging Suits","76, 1St Colony, Mazar Road, Section # 1, Dhaka, Mirpur",Dhaka,Mirpur,2000,"['Shirts', 'Pants', 'Jogging Suits']",0.0,,25,2.1951219512195124,0.0,3,0,0,1,0,0,0
Islam Dresses Ltd.,Woven,5.0,519.0,1200,225000.0,"Shirts ,Pants ,Jackets ,Skirts","Diakhali, Yarpur, Jamgora, Ashulia, Dhaka, Savar",Dhaka,Savar,2005,"['Shirts', 'Pants', 'Jackets', 'Skirts']",2700000.0,Very Large,20,0.4325,2250.0,4,0,0,1,0,0,0
Islam Garments Ltd.,Woven,5.0,550.0,230,72000.0,"Shirts ,Blouses ,Pants ,Shorts","Diakhali, Yarpur, Jamgora, Ashulia, Dhaka, Savar",Dhaka,Savar,1984,"['Shirts', 'Blouses', 'Pants', 'Shorts']",864000.0,Large,41,2.391304347826087,3756.521739130435,4,0,0,1,0,0,0
Islam Garments Ltd. (Hosiery Div.),Knit,5.0,1100.0,350,300000.0,"Shorts ,T-Shirts ,Trousers","Jarun, Gazipur, Konabari",Gazipur,Konabari,1992,"['Shorts', 'T-Shirts', 'Trousers']",3600000.0,Very Large,33,3.142857142857143,10285.714285714286,3,0,0,0,0,0,0
Islam Garments Ltd. (U-2),Woven,5.0,250.0,105,60000.0,"Shirts ,Blouses ,Pants ,Skirts","Jarun, Gazipur, Konabari",Gazipur,Konabari,1992,"['Shirts', 'Blouses', 'Pants', 'Skirts']",720000.0,Large,33,2.380952380952381,6857.142857142857,4,0,0,1,0,0,0
Islam Garments Ltd.(Knitwear Division),Knit,5.0,650.0,122,60000.0,"T-Shirts ,Polo Shirts ,Tank Top","Jarun, Gazipur, Konabari",Gazipur,Konabari,1998,"['T-Shirts', 'Polo Shirts', 'Tank Top']",720000.0,Large,27,5.327868852459017,5901.639344262295,3,0,0,0,0,0,0
Islam Garments Ltd.(Textile Division),Woven,5.0,650.0,152,48000.0,"Shirts ,Skirts ,Pajama Sets","Jarun, Gazipur, Konabari",Gazipur,Konabari,1998,"['Shirts', 'Skirts', 'Pajama Sets']",576000.0,Large,27,4.276315789473684,3789.4736842105262,3,0,0,0,0,0,0
Islam Garments Ltd.(Weaving Unit),Woven,5.0,120.0,191,0.0,"Shirts ,Jackets ,Trousers ,Pants","Jaurn, Gazipur, Konabari",Gazipur,Konabari,2000,"['Shirts', 'Jackets', 'Trousers', 'Pants']",0.0,,25,0.6282722513089005,0.0,4,0,0,1,0,0,0
Islam Knit Designs Ltd.,Knit,5.0,1580.0,1179,1010000.0,"T-Shirts ,Polo Shirts ,Devider ,Shorts","Zarun, Gazipur, Konabari",Gazipur,Konabari,2007,"['T-Shirts', 'Polo Shirts', 'Devider', 'Shorts']",12120000.0,Very Large,18,1.3401187446988974,10279.898218829516,4,0,0,0,0,0,0
Islam Products Ltd.,Woven,5.0,0.0,0,0.0,"Shirts ,Trousers","Jarun, Gazipur, Konabari",Gazipur,Konabari,1995,"['Shirts', 'Trousers']",0.0,,30,0.0,0.0,2,0,0,0,0,0,0
Ital Adweg (Pvt.) Ltd.,Woven,5.0,280.0,120,72000.0,"Shirts ,Blouses ,Pants","House # 966, Road #13, Adabor, Mohammadpur, Dhaka, Bangladesh, Dhaka, B. Baria",Dhaka,B. Baria,1993,"['Shirts', 'Blouses', 'Pants']",864000.0,Large,32,2.3333333333333335,7200.0,3,0,0,1,0,0,0
Ixora Apparels Ltd.,Sweater,5.0,270.0,304,180000.0,Sweater,"Holdin # 547/1, Word # 5, West Soil Dhobi, Kashimpur, Gazipur, Gazipur Sadar",Gazipur,Gazipur Sadar,2016,['Sweater'],2160000.0,Very Large,9,0.8881578947368421,7105.263157894737,1,0,0,0,0,0,1
J-MAARF Apparel Ltd.,Woven,1.0,2.0,191,62291.0,"Shirt ,Pant ,T-Shirt ,Polo Shirt","Abdul Majid Road, South Aouk Para, Ashulia, Savar, Dhaka, Dhaka",Dhaka,Dhaka,2022,"['Shirt', 'Pant', 'T-Shirt', 'Polo Shirt']",747492.0,Large,3,0.010471204188481676,3913.5706806282724,4,1,1,0,0,1,0
J-Park Apparels Limited,Woven,1.0,2.0,600,165000.0,"Shirt ,Pant ,T-Shirt ,Polo Shirt","220-221, Singair Road, Hemayetpur, Savar, Dhaka, Dhaka",Dhaka,Dhaka,2022,"['Shirt', 'Pant', 'T-Shirt', 'Polo Shirt']",1980000.0,Very Large,3,0.0033333333333333335,3300.0,4,1,1,0,0,1,0
J.B.S. Garments (Pvt.) Ltd.,Woven,5.0,220.0,110,60000.0,"Shirts ,Dresses ,Skirts","95/B, D.I.T Road, Khilgaon Chowdhury Para, Dhaka, Khilgaon",Dhaka,Khilgaon,1993,"['Shirts', 'Dresses', 'Skirts']",720000.0,Large,32,2.0,6545.454545454545,3,0,0,0,0,0,0
J.F. Sweaters Ltd.,Sweater,5.0,300.0,50,60000.0,Sweaters,"Harinchala, Konabari, Gazipur, Joydevpur",Gazipur,Joydevpur,2000,['Sweaters'],720000.0,Large,25,6.0,14400.0,1,0,0,0,0,0,0
J.F.K Fashion Ltd.,Sweater,1.0,950.0,500,250000.0,Sweater,"Mowsayed, Uttarkhan, Dhaka, Dhaka",Dhaka,Dhaka,2014,['Sweater'],3000000.0,Very Large,11,1.9,6000.0,1,0,0,0,0,0,1
J.K. Fabrics Ltd. Unit-2,Knit,5.0,327.0,730,3600000.0,"T-Shirts ,Polo Shirts ,Ladies Long Pants ,Tank tops","South Dariapur, Dhaka, Savar",Dhaka,Savar,1995,"['T-Shirts', 'Polo Shirts', 'Ladies Long Pants', 'Tank tops']",43200000.0,Very Large,30,0.44794520547945205,59178.08219178082,4,0,0,0,0,0,0
J.K. Fashions Ltd.,Knit,5.0,2367.0,1207,280000.0,"Jackets ,Shirts ,Pants ,Dress","771-776 (228/1, Ka. (Old) Shewrapara, Begum Rokeya Sharani, Dhaka, Mirpur",Dhaka,Mirpur,1992,"['Jackets', 'Shirts', 'Pants', 'Dress']",3360000.0,Very Large,33,1.9610604805302403,2783.761391880696,4,0,0,1,0,0,0
J.K. Knit Composite Ltd.,Knit,5.0,2573.0,907,975000.0,"T-Shirts ,Polo Shirts ,Ladies T-Shirts ,Tank tops","South Dariapur, Dhaka, Savar",Dhaka,Savar,2001,"['T-Shirts', 'Polo Shirts', 'Ladies T-Shirts', 'Tank tops']",11700000.0,Very Large,24,2.8368246968026463,12899.669239250275,4,0,0,0,0,0,0
J.K. Shirts & Fabric Ltd.,Woven,5.0,847.0,259,180000.0,"Shirts ,Jackets ,Pants ,Trousers","3395, Nayahat Road, Chittagong, Panchlish",Chittagong,Panchlish,2011,"['Shirts', 'Jackets', 'Pants', 'Trousers']",2160000.0,Very Large,14,3.27027027027027,8339.76833976834,4,0,0,1,0,0,0
J.L. Fashions Ltd.,Sweater,5.0,0.0,230,0.0,Sweaters,"Nilnagar, Gazipur, Konabari",Gazipur,Konabari,2003,['Sweaters'],0.0,,22,0.0,0.0,1,0,0,0,0,0,0
J.L. Sweaters Ltd.,Sweater,5.0,769.0,360,54000.0,"Sweaters ,Pullovers ,Cardigans ,Vests","Zirabo, Dhaka, Savar",Dhaka,Savar,2008,"['Sweaters', 'Pullovers', 'Cardigans', 'Vests']",648000.0,Large,17,2.136111111111111,1800.0,4,0,0,0,0,0,0
J.M. Apparels Ltd.,Woven,5.0,450.0,210,60000.0,"Jackets ,Jogging Suits ,Trousers","Khan Mansion (G/F, 4Th & 5Th Floor), 284, Ibrahimpur, Kachukhet, Dhaka, Cantonment",Dhaka,Cantonment,2000,"['Jackets', 'Jogging Suits', 'Trousers']",720000.0,Large,25,2.142857142857143,3428.5714285714284,3,0,0,0,0,0,0
J.M. Fabrics Ltd.,Knit,5.0,1437.0,644,450000.0,"T-Shirts ,Polo Shirts ,Tank Top","South Nayapara, 6, Dogri Mouja, Bhawal, Gazipur, Mirjapur",Gazipur,Mirjapur,2007,"['T-Shirts', 'Polo Shirts', 'Tank Top']",5400000.0,Very Large,18,2.231366459627329,8385.093167701863,3,0,0,0,0,0,0
J.M. Knit & Stitch Wear Ltd.,Knit,5.0,220.0,73,130000.0,"T-Shirts ,Polo Shirts","Nutunpara, Hemayetpur, Dhaka, Savar",Dhaka,Savar,2009,"['T-Shirts', 'Polo Shirts']",1560000.0,Very Large,16,3.0136986301369864,21369.86301369863,2,0,0,0,0,0,0
J.R. Enterprise Ltd.,Woven,5.0,300.0,122,60000.0,"Shirts ,Jackets ,Pants","Yakub Plaza (3Rd & 4Th Fl), 1, Pc Road, Nimtola, Chittagong, Bandar",Chittagong,Bandar,2012,"['Shirts', 'Jackets', 'Pants']",720000.0,Large,13,2.459016393442623,5901.639344262295,3,0,0,1,0,0,0
J.R. Fashion Ltd.,Knit,5.0,245.0,140,80000.0,"Shirts ,Trousers ,T-Shirts ,Skirts","19, C/D Jamal Khan, Chittagong","19, C/D Jamal Khan,",Chittagong,2001,"['Shirts', 'Trousers', 'T-Shirts', 'Skirts']",960000.0,Large,24,1.75,6857.142857142857,4,0,0,0,0,0,0
J.S. Design Ltd.,Sweater,5.0,350.0,120,30000.0,Sweaters,"1543, Badsha Mia School Road, South Khailkoir, National University, Gazipur, National University",Gazipur,National University,2009,['Sweaters'],360000.0,Large,16,2.9166666666666665,3000.0,1,0,0,0,0,0,0
Jaantex Apparel Ltd.,Knit,5.0,350.0,250,320000.0,"T-Shirts ,Polo Shirts","Defoin Tower, Plot # 55, Block - K, Section # 2, Rupnagar, Dhaka, Mirpur",Dhaka,Mirpur,2009,"['T-Shirts', 'Polo Shirts']",3840000.0,Very Large,16,1.4,15360.0,2,0,0,0,0,0,0
Jaase Bangladesh Private Ltd.,Woven,1.0,0.0,132,0.0,"Skirt ,Tops","Hajera Villa, Ground Floor, Mamudpur, Sadhu Matbor Road, Bhuigor, Fatullah, Narayangonj, Narayangonj",Narayangonj,Narayangonj,2022,"['Skirt', 'Tops']",0.0,,3,0.0,0.0,2,0,0,0,0,0,0
Jaba Garments Ltd.,Woven,5.0,250.0,100,50000.0,"Shirts ,Jackets ,Pants","62, East Nasirabad, Ctg., Chittagong, Panchlaish",Chittagong,Panchlaish,1985,"['Shirts', 'Jackets', 'Pants']",600000.0,Large,40,2.5,6000.0,3,0,0,1,0,0,0
Jabe Apparels Ltd.,Sweater,1.0,2.0,112,0.0,Sweater,"Toyubpur, Zirabo, Ashulia, Savar, Dhaka, Dhaka",Dhaka,Dhaka,2022,['Sweater'],0.0,,3,0.017857142857142856,0.0,1,0,0,0,0,0,1
Jade Fashion (BD) Ltd.,Knit,1.0,650.0,200,656667.0,"T-Shirt ,Polo Shirt","Plot # A-38 & A-39, Bscic Industrial Estate, Kalurghat (Extn), Kalurghat, Chittagong, Chittagong",Chittagong,Chittagong,2022,"['T-Shirt', 'Polo Shirt']",7880004.0,Very Large,3,3.25,39400.02,2,1,0,0,0,1,0
Jahura Kamal Apparels Ltd.,Woven,5.0,150.0,76,40000.0,"Shirts ,Pants","Sarulia (Ranimahol), Dhaka, Demra",Dhaka,Demra,2011,"['Shirts', 'Pants']",480000.0,Large,14,1.9736842105263157,6315.789473684211,2,0,0,1,0,0,0
Jahura Kamal Fashion & Sweater Ind. Ltd.,Sweater,5.0,550.0,491,40000.0,"Sweaters ,Jumpers","Sarulia (Ranimahol), Dhaka, Demra",Dhaka,Demra,2011,"['Sweaters', 'Jumpers']",480000.0,Large,14,1.120162932790224,977.5967413441955,2,0,0,0,0,0,0
Jaima Knitwear Ltd.,Knit,5.0,110.0,87,1872000.0,"Shirts ,Pants ,T-Shirts ,Polo Shirts","Hobirbari, Mymensingh, Valuka",Mymensingh,Valuka,2015,"['Shirts', 'Pants', 'T-Shirts', 'Polo Shirts']",22464000.0,Very Large,10,1.264367816091954,258206.89655172414,4,0,0,1,0,0,0
Jaks Sweater Ltd.,Sweater,1.0,70.0,93,360000.0,Sweater,"21, Boro Dewra, Nishat Nagor, Tongi (West), Tongi, Gazipur, Gazipur",Gazipur,Gazipur,2022,['Sweater'],4320000.0,Very Large,3,0.7526881720430108,46451.6129032258,1,0,0,0,0,0,1
Jalal Ahmed Knit Composite Ltd.,Knit,5.0,556.0,262,660000.0,"T-Shirts ,Polo Shirts ,Panties","105, Dogormura, Aricha Road, Dhaka, Dhaka",Dhaka,Dhaka,2008,"['T-Shirts', 'Polo Shirts', 'Panties']",7920000.0,Very Large,17,2.122137404580153,30229.007633587786,3,0,0,0,0,0,0
Jalalshah Fabrics Ltd.,Knit,5.0,250.0,250,72000.0,"Denim Jackets ,Swimming Shorts ,Tank Top","Plot # A/17, Fouzderhat, Bscic I/A, Sagarica Road, Chittagong, Pahartoli",Chittagong,Pahartoli,2007,"['Denim Jackets', 'Swimming Shorts', 'Tank Top']",864000.0,Large,18,1.0,3456.0,3,0,0,0,0,0,0
Jams Apparels (Pvt.) Ltd.,Knit,5.0,500.0,221,600000.0,"Shirts ,Jackets ,T-Shirts ,Muscle Tops","A-69 & 76 Bscic Hosiery I/A, Narayanganj, Fatullah",Narayanganj,Fatullah,2007,"['Shirts', 'Jackets', 'T-Shirts', 'Muscle Tops']",7200000.0,Very Large,18,2.262443438914027,32579.185520361993,4,0,0,0,0,0,0
Jams Design Ltd.,Woven,5.0,750.0,406,160000.0,"Ladies Blouses ,Pants ,Bermuda ,Overalls","Ka-189/3, Jamaz Road, Joar Shahara, Dhaka, Badda",Dhaka,Badda,2005,"['Ladies Blouses', 'Pants', 'Bermuda', 'Overalls']",1920000.0,Very Large,20,1.8472906403940887,4729.064039408867,4,0,0,1,0,0,0
Jams Fashion Ltd.,Woven,5.0,450.0,197,80000.0,"Jackets ,Pants ,Bermuda ,Shorts","Ekata Plaza, B-28 Khilkhet Bazar, Dhaka, Airport Road",Dhaka,Airport Road,2001,"['Jackets', 'Pants', 'Bermuda', 'Shorts']",960000.0,Large,24,2.284263959390863,4873.096446700508,4,0,0,1,0,0,0
Jams Knitwear (Pvt) Ltd.,Sweater,5.0,693.0,501,84000.0,"Sweaters ,Pullovers ,Ponche","Haji Habibullah Super Market, 15-16, New Jurain, Dhaka, Postagola",Dhaka,Postagola,2001,"['Sweaters', 'Pullovers', 'Ponche']",1008000.0,Very Large,24,1.3832335329341316,2011.9760479041915,3,0,0,0,0,0,0
Jams Sweaters (Pvt.) Ltd.,Sweater,5.0,700.0,550,84000.0,"Sweaters ,Pullovers ,Cardigans ,Speneer","14, New Jurain, Alam Super Market, (3Rd Floor) Alambag, Dhaka, Postagola",Dhaka,Postagola,1994,"['Sweaters', 'Pullovers', 'Cardigans', 'Speneer']",1008000.0,Very Large,31,1.2727272727272727,1832.7272727272727,4,0,0,0,0,0,0
Jamuna Apparels Ltd.,Woven,1.0,250.0,1000,400000.0,Bottoms,"94/95 (Old), 46 (New) , Tongi I/A, Tongi, Gazipur, Bangladesh, Gazipur, Gazipur",Gazipur,Gazipur,1992,['Bottoms'],4800000.0,Very Large,33,0.25,4800.0,1,0,0,0,0,0,0
Jamuna Denims Ltd.,Woven,5.0,2500.0,1196,750000.0,"Jackets ,Trousers ,Pants","Konabari, Gazipur, Konabari",Gazipur,Konabari,2007,"['Jackets', 'Trousers', 'Pants']",9000000.0,Very Large,18,2.0903010033444818,7525.083612040134,3,0,0,1,0,0,0
Jamuna Fashion Wears Ltd.,Woven,5.0,395.0,863,120000.0,"Shirts ,Ladies Blouses ,Jackets ,Shorts","Inds. Plot # 75, Road # 5, Section # 2, Rupnagar I/A, Dhaka, Mirpur",Dhaka,Mirpur,1991,"['Shirts', 'Ladies Blouses', 'Jackets', 'Shorts']",1440000.0,Very Large,34,0.45770567786790267,1668.597914252607,4,0,0,0,0,0,0
Jamuna Knitting & Dyeing Ltd.,Knit,5.0,610.0,334,1800000.0,"T-Shirt/Polo Shirts ,Shorts","Konabari, Gazipur, Konabari",Gazipur,Konabari,1991,"['T-ShirtPolo Shirts', 'Shorts']",21600000.0,Very Large,34,1.8263473053892216,64670.658682634734,2,0,0,0,0,0,0
Janani Traders,Woven,5.0,160.0,90,21500.0,"Shirts ,Pants ,Trousers","214, Ledu Mollah Road, Hossain Market, Islampur, Gazipur, Tongi",Gazipur,Tongi,2012,"['Shirts', 'Pants', 'Trousers']",258000.0,Large,13,1.7777777777777777,2866.6666666666665,3,0,0,1,0,0,0
Jans Fabrics Ltd.,Knit,5.0,320.0,185,125000.0,"Shirts ,Pants ,Jackets ,Polo Shirts","154, Kazi Nazrul Islam Avenue, Sadarghat, Chittagong","154, Kazi Nazrul Islam Avenue, Sadarghat",Chittagong,2005,"['Shirts', 'Pants', 'Jackets', 'Polo Shirts']",1500000.0,Very Large,20,1.7297297297297298,8108.108108108108,4,0,0,1,0,0,0
Jaroms Industries Ltd.,Sweater,1.0,20.0,331,3600000.0,"Sweaters ,Cardigans","13/2, Abdus Satter Master Road, West Gazipura, Tongi, Gazipur","13/2, Abdus Satter Master Road, West Gazipura, Tongi",Gazipur,1993,"['Sweaters', 'Cardigans']",43200000.0,Very Large,32,0.06042296072507553,130513.59516616314,2,0,0,0,0,0,0
Jarq Garments Inds. Ltd.,Woven,5.0,408.0,280,36000.0,"Shirts ,Jackets ,Jogging Suits","802, K.B. Dovash Lane, Chittagong, Goshaildanga",Chittagong,Goshaildanga,1985,"['Shirts', 'Jackets', 'Jogging Suits']",432000.0,Large,40,1.457142857142857,1542.857142857143,3,0,0,0,0,0,0
JAS Knitwear Ltd.,Knit,5.0,350.0,95,150000.0,"T-Shirts ,Polo Shirts","A-69 & 76 Bscic I/A, Narayanganj, Fatullah",Narayanganj,Fatullah,2014,"['T-Shirts', 'Polo Shirts']",1800000.0,Very Large,11,3.6842105263157894,18947.36842105263,2,0,0,0,0,0,0
JAS Outwear Ltd.,Woven,1.0,486.0,454,60000.0,"Shirt ,Pant","1936/1, Dakkhin Khailkur, Joy Bangla Road, National University, Gazipur, Gazipur",Gazipur,Gazipur,2022,"['Shirt', 'Pant']",720000.0,Large,3,1.0704845814977975,1585.9030837004404,2,0,1,0,0,0,0
Jay Jay Mills (Bangladesh) Private Ltd.,Knit,1.0,5000.0,1281,400000.0,Baby Wear,"Plot # 2-4 & 9-11, Sector # 7/A, Cepz, South Halishahar, Chittagong, Chittagong",Chittagong,Chittagong,2017,['Baby Wear'],4800000.0,Very Large,8,3.9032006245121,3747.072599531616,1,0,0,0,0,0,0
Jaya Knitting Ltd.,Sweater,5.0,3500.0,700,75000.0,"Sweaters ,Pullovers ,Cardigans ,Jersey","Tatki, Narayanganj, Rupganj",Narayanganj,Rupganj,1998,"['Sweaters', 'Pullovers', 'Cardigans', 'Jersey']",900000.0,Large,27,5.0,1285.7142857142858,4,0,0,0,0,0,0
Jaycee's Apparels Ltd.,Woven,5.0,500.0,200,25000.0,"Jackets ,Jogging Suits","227 (New) 331 (Old) Outer Circular Road, Dhaka, Mogbazar",Dhaka,Mogbazar,1992,"['Jackets', 'Jogging Suits']",300000.0,Large,33,2.5,1500.0,2,0,0,0,0,0,0
Jayed Garments Ltd..,Woven,5.0,162.0,70,25000.0,"Shirts ,Jackets ,Pants","Road # 1, Block - Kha, Section # 6, Dhaka, Mirpur",Dhaka,Mirpur,2000,"['Shirts', 'Jackets', 'Pants']",300000.0,Large,25,2.3142857142857145,4285.714285714285,3,0,0,1,0,0,0
Jazz Sweaters Ltd.,Sweater,5.0,400.0,250,30000.0,"Sweaters ,Pullovers ,Cardigans","328, Choidana, National University, Gazipur","328, Choidana, National University",Gazipur,2007,"['Sweaters', 'Pullovers', 'Cardigans']",360000.0,Large,18,1.6,1440.0,3,0,0,0,0,0,0
Jeacon Garments Ltd.,Knit,5.0,768.0,737,200000.0,"Shirts ,Jackets ,Pants ,Trousers","South Shalna, Gazipur, Joydevpur",Gazipur,Joydevpur,1985,"['Shirts', 'Jackets', 'Pants', 'Trousers']",2400000.0,Very Large,40,1.0420624151967435,3256.4450474898235,4,0,0,1,0,0,0
Jeans & Polo Ltd.,Woven,5.0,620.0,260,104167.0,"Jackets ,Jeans Pants ,Denim","Plot # B-91 (Ground, 1St & 2Nd), Bscic I/A, Gazipur, Tongi",Gazipur,Tongi,2008,"['Jackets', 'Jeans Pants', 'Denim']",1250004.0,Very Large,17,2.3846153846153846,4807.707692307692,3,0,0,0,0,0,0
Jeans 2000 Limited,Woven,5.0,3330.0,800,300000.0,"Jackets ,Trousers ,Skirts ,Bermuda","Plot # 67, Section # 7, Chittagong, Cepz",Chittagong,Cepz,1997,"['Jackets', 'Trousers', 'Skirts', 'Bermuda']",3600000.0,Very Large,28,4.1625,4500.0,4,0,0,0,0,0,0
Jeans And Jackets Ltd.,Woven,1.0,4.0,168,93600.0,"Shirt ,Pant ,T-Shirt ,Polo Shirt","98/B, Shyamoly Housing-2, Beribadh, Adabor, Mohammadpur, Dhaka, Dhaka",Dhaka,Dhaka,2022,"['Shirt', 'Pant', 'T-Shirt', 'Polo Shirt']",1123200.0,Very Large,3,0.023809523809523808,6685.714285714285,4,1,1,0,0,1,0
Jeans Arrow Gmts. Ltd.,Woven,5.0,425.0,220,85000.0,"Shirts ,Trousers ,Vests","Bscic Plot # B26(P) & 27, Fourderhat I/E, Sagarica Road, Chittagong","Bscic Plot # B26(P) & 27, Fourderhat I/E, Sagarica Road",Chittagong,2006,"['Shirts', 'Trousers', 'Vests']",1020000.0,Very Large,19,1.9318181818181819,4636.363636363636,3,0,0,0,0,0,0
Jeans Care Ltd.,Woven,5.0,660.0,245,130000.0,"Jackets ,Pants ,Overalls ,Trousers","348/B, Tejgaon I/A, Dhaka, Tejgaon",Dhaka,Tejgaon,2007,"['Jackets', 'Pants', 'Overalls', 'Trousers']",1560000.0,Very Large,18,2.693877551020408,6367.34693877551,4,0,0,1,0,0,0
Jeans Express Ltd.,Woven,5.0,2500.0,1192,500000.0,"Jackets ,Pants ,Bermuda ,Skirts","49/A, Cda'S Fouzdarhat, Chittagong, Pahartoli",Chittagong,Pahartoli,2005,"['Jackets', 'Pants', 'Bermuda', 'Skirts']",6000000.0,Very Large,20,2.097315436241611,5033.557046979866,4,0,0,1,0,0,0
Jeans Manufacturing Co. Ltd.,Woven,5.0,1200.0,505,195000.0,"5 Pockets Cargo ,Chinos ,Bottoms ,Jackets","13-14, Zoo Road, Mollik Tower, Section # 1, Dhaka, Mirpur",Dhaka,Mirpur,1985,"['5 Pockets Cargo', 'Chinos', 'Bottoms', 'Jackets']",2340000.0,Very Large,40,2.376237623762376,4633.663366336634,4,0,0,0,0,0,0
Jeans Plus Ltd.,Woven,5.0,503.0,670,260000.0,"Pants ,Skirts ,Shorts ,Bermuda","Plot # 398, Sreepur Bus Stand, Ganak Bari, Dhaka, Savar",Dhaka,Savar,2008,"['Pants', 'Skirts', 'Shorts', 'Bermuda']",3120000.0,Very Large,17,0.7507462686567165,4656.7164179104475,4,0,0,1,0,0,0
Jeans Stitch House Ltd.,Woven,5.0,215.0,133,50000.0,"Jackets ,Pants ,Trousers","Block # B, 8/19, Genda, Savar, Dhaka, Dhaka",Dhaka,Dhaka,2012,"['Jackets', 'Pants', 'Trousers']",600000.0,Large,13,1.6165413533834587,4511.278195488721,3,0,0,1,0,0,0
Jerat Fashion Ltd.,Knit,5.0,1200.0,600,165000.0,"Trousers ,Pants ,Shorts ,Skirts","1676/U, South Bakalia, Shah Amanat Bridge Connecting Road, Chittagong, Bakalia",Chittagong,Bakalia,2006,"['Trousers', 'Pants', 'Shorts', 'Skirts']",1980000.0,Very Large,19,2.0,3300.0,4,0,0,1,0,0,0
Jerat Shirt Ltd.,Woven,5.0,100.0,380,130000.0,"Shirts ,Pants","Plot # 188-189, Nasirabad I/A, Chittagong, Nasirabad",Chittagong,Nasirabad,2016,"['Shirts', 'Pants']",1560000.0,Very Large,9,0.2631578947368421,4105.263157894737,2,0,0,1,0,0,0
Jericho Imex Ltd.,Woven,5.0,300.0,157,80000.0,"Shirts ,Pants","Montree Bari Road, South Shalna, Gazipur, Gazipur",Gazipur,Gazipur,2015,"['Shirts', 'Pants']",960000.0,Large,10,1.910828025477707,6114.649681528663,2,0,0,1,0,0,0
Jerkin Wears Ltd.,Woven,5.0,220.0,385,100000.0,"Pants ,Trousers ,Shorts ,Bermuda","1670/2091, West Shaloshahar, Building # 3, Chittagong, Aturar Depot",Chittagong,Aturar Depot,2000,"['Pants', 'Trousers', 'Shorts', 'Bermuda']",1200000.0,Very Large,25,0.5714285714285714,3116.883116883117,4,0,0,1,0,0,0
Jersey Knit Fashion Ltd.,Woven,1.0,2.0,1812,350000.0,"Shirt ,Pant ,T-Shirt ,Polo Shirt","Serkondia, Molla Market, Ashulia, Savar, Dhaka, Dhaka",Dhaka,Dhaka,2023,"['Shirt', 'Pant', 'T-Shirt', 'Polo Shirt']",4200000.0,Very Large,2,0.0011037527593818985,2317.880794701987,4,1,1,0,0,1,0
Jessica Apparels Limited,Woven,5.0,574.0,312,100000.0,"Jackets ,Pants ,Shorts ,Overalls","Fahami Complex, 113, Baipail, Dhaka, Savar",Dhaka,Savar,1992,"['Jackets', 'Pants', 'Shorts', 'Overalls']",1200000.0,Very Large,33,1.8397435897435896,3846.153846153846,4,0,0,1,0,0,0
Jewel Design Limited,Woven,1.0,2.0,137,100000.0,"Shirt ,Pant ,Trouser","Plot # 4 & 5 (5Th Floor), Section # 7, Akram Tower, Pallabi, Mirpur, Dhaka, Dhaka",Dhaka,Dhaka,2023,"['Shirt', 'Pant', 'Trouser']",1200000.0,Very Large,2,0.014598540145985401,8759.12408759124,3,0,1,0,0,0,0
JF & Co. Ltd.,Unknown,,0.0,0,670000.0,"Jackets ,Pants ,T-Shirts ,Polo Shirts","70, Maddhopara Road, Sataish, Tongi, Gazipur","70, Maddhopara Road, Sataish, Tongi",Gazipur,2017,"['Jackets', 'Pants', 'T-Shirts', 'Polo Shirts']",8040000.0,Very Large,8,0.0,0.0,4,0,0,1,0,0,0
JH Industrial Park Limited,Woven,1.0,2.0,150,62500.0,"Shirt ,Pant ,T-Shirt ,Polo Shirt","Gouripur, Bottola, Ashulia, Savar, Dhaka, Dhaka",Dhaka,Dhaka,2023,"['Shirt', 'Pant', 'T-Shirt', 'Polo Shirt']",750000.0,Large,2,0.013333333333333334,5000.0,4,1,1,0,0,1,0
Jhumon Textiles Ltd.,Knit,5.0,310.0,170,120000.0,"Jackets ,Shirts ,Trousers","314, Shekh Mojib Road, Chittagong","314, Shekh Mojib Road,",Chittagong,1993,"['Jackets', 'Shirts', 'Trousers']",1440000.0,Very Large,32,1.8235294117647058,8470.588235294117,3,0,0,0,0,0,0
JIC Suit Ltd.,Woven,5.0,893.0,350,75000.0,"Shirts ,Pants","Chowdhury Tower, Sundor Nagor, Aushkandi, Hobiganj, Nobigonj",Hobiganj,Nobigonj,2014,"['Shirts', 'Pants']",900000.0,Large,11,2.5514285714285716,2571.4285714285716,2,0,0,1,0,0,0
Jilani Fashion Wears Ltd.,Woven,5.0,650.0,270,100000.0,"Shirts ,Skirts ,Overalls","1138, West Sholashahar, Hathazari Road, Chittagong","1138, West Sholashahar, Hathazari Road",Chittagong,1994,"['Shirts', 'Skirts', 'Overalls']",1200000.0,Very Large,31,2.4074074074074074,4444.444444444444,3,0,0,0,0,0,0
Jilani Rahbar Garments Ltd.,Woven,5.0,650.0,270,100000.0,"Shirts ,Shorts","1138, West Sholashahar, Hathazari Road, Chittagong","1138, West Sholashahar, Hathazari Road",Chittagong,1995,"['Shirts', 'Shorts']",1200000.0,Very Large,30,2.4074074074074074,4444.444444444444,2,0,0,0,0,0,0
Jim & Jessi Composite Ltd.,Knit,5.0,475.0,285,250000.0,"Shirts ,Pants ,Polo Shirts","Plot # 1392, Vogra, Gazipur, National University",Gazipur,National University,2015,"['Shirts', 'Pants', 'Polo Shirts']",3000000.0,Very Large,10,1.6666666666666667,10526.315789473685,3,0,0,1,0,0,0
Jinat Fashion,Knit,1.0,201.0,86,117000.0,"T-Shirt ,Polo shirt","Mitali Club Road, Ambag, Konabari, Gazipur, Gazipur",Gazipur,Gazipur,2022,"['T-Shirt', 'Polo shirt']",1404000.0,Very Large,3,2.3372093023255816,16325.581395348838,2,1,0,0,0,0,0
Jinnat Apparels Ltd.,Knit,5.0,2145.0,552,1250000.0,"T-Shirts ,Polo Shirts ,Tank Tops","Sardaganj, Gazipur, Kashimpur",Gazipur,Kashimpur,2000,"['T-Shirts', 'Polo Shirts', 'Tank Tops']",15000000.0,Very Large,25,3.885869565217391,27173.91304347826,3,0,0,0,0,0,0
Jinnat Fashions Ltd.,Knit,5.0,2296.0,574,1300000.0,"Jackets ,T-Shirts ,Tank Tops ,Trousers","Sardaganj, Gazipur, Kashimpur",Gazipur,Kashimpur,2005,"['Jackets', 'T-Shirts', 'Tank Tops', 'Trousers']",15600000.0,Very Large,20,4.0,27177.700348432056,4,0,0,0,0,0,0
Jinnat Knitwears Ltd.,Knit,5.0,2136.0,600,1250000.0,"T-Shirts ,Polo Shirts ,Jackets ,Jersey","Sardaganj, Gazipur, Kashimpur",Gazipur,Kashimpur,2009,"['T-Shirts', 'Polo Shirts', 'Jackets', 'Jersey']",15000000.0,Very Large,16,3.56,25000.0,4,0,0,0,0,0,0
JJH Textiles Bangladesh Ltd.,Knit,5.0,330.0,178,180000.0,"T-Shirts ,Polo Shirts","Plot # Sa 291/292/293, Vhannara, Gazipur, Kaliakoir",Gazipur,Kaliakoir,2015,"['T-Shirts', 'Polo Shirts']",2160000.0,Very Large,10,1.853932584269663,12134.831460674157,2,0,0,0,0,0,0
JMS Composite Knitwear Ltd.,Knit,5.0,380.0,160,327600.0,"T-Shirts ,Polo Shirts ,Tank Tops","Mouchak, Gazipur, Kaliakoir",Gazipur,Kaliakoir,2009,"['T-Shirts', 'Polo Shirts', 'Tank Tops']",3931200.0,Very Large,16,2.375,24570.0,3,0,0,0,0,0,0
JMS Design Ltd.,Woven,1.0,2.0,120,5000000.0,"Shirt ,Pant ,Trouser","Plot # 5/1, 5/2, 1/H, Road # 4, Mirpur-1, Dhaka, Dhaka",Dhaka,Dhaka,2023,"['Shirt', 'Pant', 'Trouser']",60000000.0,Very Large,2,0.016666666666666666,500000.0,3,0,1,0,0,0,0
JMS Garments Ltd.,Knit,5.0,3000.0,2100,1080000.0,"Children Wears ,Jackets ,Trousers ,Active Wears","Plot # 1-4, Sector # 6, Chittagong, Cepz",Chittagong,Cepz,1993,"['Children Wears', 'Jackets', 'Trousers', 'Active Wears']",12960000.0,Very Large,32,1.4285714285714286,6171.428571428572,4,0,0,0,0,0,0
JNG Fashion Fabrics Ltd.,Knit,5.0,355.0,160,150000.0,"T-Shirts ,Children Wears ,Sports Wear ,Polo Shirts","1/G, East Rampura, D.I.T. Road, Dhaka, Rampura",Dhaka,Rampura,1995,"['T-Shirts', 'Children Wears', 'Sports Wear', 'Polo Shirts']",1800000.0,Very Large,30,2.21875,11250.0,4,0,0,0,0,0,0
JNH Hatwears (Bangladesh) Ltd.,Woven,5.0,820.0,360,460000.0,"Hats & Caps ,Denim Jackets ,Denim Pants","House # 79, Block # J (6Th & 7Th Floor), Chairman Bari, Dhaka, Banani",Dhaka,Banani,1992,"['Hats  Caps', 'Denim Jackets', 'Denim Pants']",5520000.0,Very Large,33,2.2777777777777777,15333.333333333334,3,0,0,0,0,0,0
Jns Knitwear Ltd.,Sweater,1.0,145.0,130,36000.0,Sweater,"142, Vatulia, Dutala Mosjid Road, Block # D, Nishat Nagar, Turag, Dhaka, Dhaka",Dhaka,Dhaka,2019,['Sweater'],432000.0,Large,6,1.1153846153846154,3323.076923076923,1,0,0,0,0,0,1
Joint Garments Ltd.,Knit,5.0,320.0,188,80000.0,"Jackets ,Childrens Wear ,T-Shirts ,Vest","Siraj Shopping Complex (3Rd Floor), 85, Muradpur, Chittagong, Panchlaish",Chittagong,Panchlaish,2000,"['Jackets', 'Childrens Wear', 'T-Shirts', 'Vest']",960000.0,Large,25,1.702127659574468,5106.382978723404,4,0,0,0,0,0,0
Jointex Fashion Wears Ltd.,Knit,5.0,362.0,102,150000.0,"Shirts ,Pants ,T-Shirts ,Polo Shirts","4 No, Sujat Nagar (5Th & 6Th Floor), Section # 12, Pallabi, Dhaka, Mirpur-12",Dhaka,Mirpur-12,2016,"['Shirts', 'Pants', 'T-Shirts', 'Polo Shirts']",1800000.0,Very Large,9,3.549019607843137,17647.058823529413,4,0,0,1,0,0,0
Jointex Knitwears Ltd.,Knit,5.0,230.0,74,175000.0,"Knit Items ,Shorts","17 No. Sujat Nagar, Pallabi, Dhaka, Mirpur-12",Dhaka,Mirpur-12,2003,"['Knit Items', 'Shorts']",2100000.0,Very Large,22,3.108108108108108,28378.37837837838,2,0,0,0,0,0,0
Jokky Garments Ltd.,Woven,5.0,722.0,350,150000.0,"Shirts ,Blouses ,Shorts","M-4/5, Mirpur Industrial Area, Section # 14, Dhaka, Mirpur",Dhaka,Mirpur,1985,"['Shirts', 'Blouses', 'Shorts']",1800000.0,Very Large,40,2.0628571428571427,5142.857142857143,3,0,0,0,0,0,0
Jonayid Sweater Link.,Sweater,5.0,170.0,160,76000.0,Sweater,"Nowpara, Narsingdi, Madhabdi",Narsingdi,Madhabdi,2015,['Sweater'],912000.0,Large,10,1.0625,5700.0,1,0,0,0,0,0,1
Jovian Sweater Ltd.,Sweater,1.0,20.0,800,100000.0,Sweaters,"Holding: 958/A, North Khailkur, Bottola Road, Board Bazar, Gazipur, Bangladesh, Gazipur, Gazipur",Gazipur,Gazipur,2002,['Sweaters'],1200000.0,Very Large,23,0.025,1500.0,1,0,0,0,0,0,0
Joy Auto Garments Ltd.,Woven,5.0,150.0,850,3000000.0,"Shirts ,Pants ,T-Shirts ,Polo Shirts","B/274/1, Enayetnagar Purbopara, Godnail, Siddirgonj, Narayangonj, Narayangonj",Narayangonj,Narayangonj,2014,"['Shirts', 'Pants', 'T-Shirts', 'Polo Shirts']",36000000.0,Very Large,11,0.17647058823529413,42352.94117647059,4,0,0,1,0,0,0
Joy Fashion Bangladesh Ltd.,Woven,5.0,352.0,135,40000.0,"Ladies Pants ,Jackets ,Ladies Dresses","Plot # 10/9, Karnapara, Ganda, Dhaka, Savar",Dhaka,Savar,1999,"['Ladies Pants', 'Jackets', 'Ladies Dresses']",480000.0,Large,26,2.6074074074074076,3555.5555555555557,3,0,0,0,0,0,0
Joya Fashion,Sweater,5.0,150.0,80,20000.0,Sweaters,"Nafila Complex, Unique Bus Stand, Gazirchat, Ashulia, Dhaka, Savar",Dhaka,Savar,2012,['Sweaters'],240000.0,Large,13,1.875,3000.0,1,0,0,0,0,0,0
JP Sweaters Ltd.,Sweater,5.0,320.0,412,30000.0,"Sweaters ,Cardigans","H.M. Rahman Plaza (4Th Floor), 1154, Dt Road, Chittagong, D.T. Road",Chittagong,D.T. Road,2004,"['Sweaters', 'Cardigans']",360000.0,Large,21,0.7766990291262136,873.7864077669902,2,0,0,0,0,0,0
JP Garments Ltd.,Knit,5.0,320.0,135,80000.0,"Shirts ,Jackets ,Pants ,Skirts","Siraj Shopping Complex (4Th Fl), 85, Muradpur, Chittagong, Panchlaish",Chittagong,Panchlaish,2001,"['Shirts', 'Jackets', 'Pants', 'Skirts']",960000.0,Large,24,2.3703703703703702,7111.111111111111,4,0,0,1,0,0,0
JP Sweaters Ltd.,Sweater,5.0,320.0,412,30000.0,"Sweaters ,Cardigans","H.M. Rahman Plaza (4Th Floor), 1154, Dt Road, Chittagong, D.T. Road",Chittagong,D.T. Road,2004,"['Sweaters', 'Cardigans']",360000.0,Large,21,0.7766990291262136,873.7864077669902,2,0,0,0,0,0,0
JS Cotton International,Knit,5.0,556.0,237,26000.0,"T-Shirts ,Polo Shirts ,Tank Top ,Payjama","R S -903, Shasongaon, Enayatnagar, Fatullah, Narayanganj, Narayanganj, Narayangonj",Narayanganj,Narayangonj,2015,"['T-Shirts', 'Polo Shirts', 'Tank Top', 'Payjama']",312000.0,Large,10,2.345991561181435,1316.4556962025317,4,0,0,0,0,0,0
JS Sweaters Ltd.,Sweater,5.0,155.0,140,15600.0,Sweaters,"Shirir Chala, Gazipur, Bager Bazar",Gazipur,Bager Bazar,2011,['Sweaters'],187200.0,Large,14,1.1071428571428572,1337.142857142857,1,0,0,0,0,0,0
JSL Stitches Ltd.,Woven,5.0,300.0,200,80000.0,"Shirts ,Pants","Plot # 48, Main Road, Block # D, Beribadh, Dhaka Uddan, Dhaka, Mohammadpur",Dhaka,Mohammadpur,2014,"['Shirts', 'Pants']",960000.0,Large,11,1.5,4800.0,2,0,0,1,0,0,0
JSM Apparels Limited,Knit,5.0,350.0,95,60000.0,"Polar Fleece ,Swim Shorts ,Polo Shirts ,Knit Tops","90, Baizid Bostami Road, Nasirabad I/A, Chittagong","90, Baizid Bostami Road, Nasirabad I/A",Chittagong,1996,"['Polar Fleece', 'Swim Shorts', 'Polo Shirts', 'Knit Tops']",720000.0,Large,29,3.6842105263157894,7578.9473684210525,4,0,0,0,0,0,0
JSR Four Star Fashions Ltd.,Woven,5.0,225.0,115,65000.0,"Shirts ,Jackets ,Pants","Plot # 983, Monipur, Dhaka, Mirpur-2",Dhaka,Mirpur-2,2011,"['Shirts', 'Jackets', 'Pants']",780000.0,Large,14,1.9565217391304348,6782.608695652174,3,0,0,1,0,0,0
Julfikar Fashions Ltd.,Woven,5.0,530.0,300,130000.0,"Shirts ,Blouses ,Shorts","Plot # 27, Holding # 1/A, Milk Vita Road, Section # 7, Dhaka, Mirpur",Dhaka,Mirpur,2001,"['Shirts', 'Blouses', 'Shorts']",1560000.0,Very Large,24,1.7666666666666666,5200.0,3,0,0,0,0,0,0
Julia Sweaters Composite Ltd.,Knit,5.0,500.0,122,0.0,"T-Shirts ,Polo Shirts ,Tank Tops","Hariharpara, Enayetnagar, Narayanganj, Narayangonj",Narayanganj,Narayangonj,2004,"['T-Shirts', 'Polo Shirts', 'Tank Tops']",0.0,,21,4.098360655737705,0.0,3,0,0,0,0,0,0
Jumer Fashion Ltd.,Woven,1.0,450.0,325,425000.0,"Denim Pant ,Non Denim Pant ,T-shirt ,Polo Shirt","Alokdia, Kalampur, Dhamrai, Dhaka, Dhaka",Dhaka,Dhaka,2017,"['Denim Pant', 'Non Denim Pant', 'T-shirt', 'Polo Shirt']",5100000.0,Very Large,8,1.3846153846153846,15692.307692307691,4,0,0,0,0,1,0
Jupiter Readymade Garments Ltd.,Woven,5.0,550.0,275,75000.0,"Pants ,Shorts ,Overalls ,Skirts","Plot # I/2, Road # 6, Section # 7, Dhaka, Mirpur",Dhaka,Mirpur,1985,"['Pants', 'Shorts', 'Overalls', 'Skirts']",900000.0,Large,40,2.0,3272.7272727272725,4,0,0,1,0,0,0
K & D Apparels Inds. Ltd.,Knit,5.0,550.0,250,120000.0,"Jackets ,Pants ,Trousers","Salauddin Plaza (4Th & 5Th Fl), Sharifpur, National University, Gazipur, Gazipur Sadar",Gazipur,Gazipur Sadar,2009,"['Jackets', 'Pants', 'Trousers']",1440000.0,Very Large,16,2.2,5760.0,3,0,0,1,0,0,0
K-2 Kasuals Ltd.,Woven,5.0,256.0,566,300.0,"Shirts ,Pants","Plot # 276 (3Rd Floor) Narshingapur, Ashulia, Dhaka, Savar",Dhaka,Savar,2013,"['Shirts', 'Pants']",3600.0,Small,12,0.45229681978798586,6.360424028268551,2,0,0,1,0,0,0
K-Tex Industrial Co. Ltd.,Knit,5.0,665.0,380,250000.0,"Fleece Jackets ,T-Shirts ,Shorts","683, Shewrapara, Dhaka, Mirpur",Dhaka,Mirpur,2003,"['Fleece Jackets', 'T-Shirts', 'Shorts']",3000000.0,Very Large,22,1.75,7894.736842105263,3,0,0,0,0,0,0
K. Morium Garments Ltd.,Woven,5.0,0.0,0,0.0,"Shirts ,Pants","72/B, Malibagh Chowdhury Para, Dhaka, Rampura",Dhaka,Rampura,2011,"['Shirts', 'Pants']",0.0,,14,0.0,0.0,2,0,0,1,0,0,0
K.A.W. Garments Industry Ltd.,Woven,5.0,559.0,450,5000.0,"Pants ,Shorts ,Kids Items ,Skirts","808/1, Shewrapara, Begum Rokeya Sharani, Mirpur, Dhaka, Dhaka",Dhaka,Dhaka,1992,"['Pants', 'Shorts', 'Kids Items', 'Skirts']",60000.0,Medium,33,1.2422222222222221,133.33333333333334,4,0,0,1,0,0,0
K.B. Apparels Ltd.,Woven,5.0,260.0,135,45000.0,"Men's Shirts ,Ladies Shirts ,Jackets","30, Postagola Industrial Area, Dhaka, Postagola",Dhaka,Postagola,1993,"['Mens Shirts', 'Ladies Shirts', 'Jackets']",540000.0,Large,32,1.9259259259259258,4000.0,3,0,0,0,0,0,0
K.B. Knit Fashion Ltd.,Knit,5.0,250.0,95,340000.0,"Ladies Panties ,Swim Wears ,Babies Wear","Jahan Building No. 2, 23, Agrabad C/A, Chittagong","Jahan Building No. 2, 23, Agrabad C/A",Chittagong,1998,"['Ladies Panties', 'Swim Wears', 'Babies Wear']",4080000.0,Very Large,27,2.6315789473684212,42947.36842105263,3,0,0,0,0,0,0
K.G. Garments Ltd.,Woven,5.0,495.0,300,100000.0,"Jackets ,Trousers ,Pants ,Skirts","Purabi Super Market (4Th & 5Th Floor), Plot # C-35, Section # 7, Pallabi, Dhaka, Mirpur",Dhaka,Mirpur,1998,"['Jackets', 'Trousers', 'Pants', 'Skirts']",1200000.0,Very Large,27,1.65,4000.0,4,0,0,1,0,0,0
K.M. Fashions Ltd.,Woven,5.0,450.0,175,48000.0,"Jackets ,Pants ,Coverall","Vorari Bot Tola, Rajfullbaria, Savar, Dhaka, Dhaka",Dhaka,Dhaka,1998,"['Jackets', 'Pants', 'Coverall']",576000.0,Large,27,2.5714285714285716,3291.4285714285716,3,0,0,1,0,0,0
K.M. Nobely Garments Ltd.,Woven,1.0,2150.0,745,350000.0,"Pant ,Jacket ,Skirt ,Short","Zorun, Konabari, Gazipur, Gazipur, Gazipur",Gazipur,Gazipur,2000,"['Pant', 'Jacket', 'Skirt', 'Short']",4200000.0,Very Large,25,2.8859060402684564,5637.583892617449,4,0,0,0,1,0,0
K.R.K. Garments Ltd.,Woven,5.0,550.0,405,60000.0,"Fleece Jackets ,Shorts ,Bermuda","107, D.I.T Road, Dhaka, Malibagh",Dhaka,Malibagh,1987,"['Fleece Jackets', 'Shorts', 'Bermuda']",720000.0,Large,38,1.3580246913580247,1777.7777777777778,3,0,0,0,0,0,0
K.R.K. Garments Ltd.,Woven,1.0,499.0,400,120000.0,"Pant ,Shirt ,Trouser ,Dress","Dag No- 34773, 72, Dobadia, Uttarkhan, Dhaka, Dhaka",Dhaka,Dhaka,1987,"['Pant', 'Shirt', 'Trouser', 'Dress']",1440000.0,Very Large,38,1.2475,3600.0,4,0,1,0,0,0,0
K.S. Apparels Ltd.,Woven,5.0,731.0,669,12500.0,"Shirta ,Jackets ,Pants","House # 24/A, Road # 2, Sector # 3, Dhaka, Dhaka",Dhaka,Dhaka,2012,"['Shirta', 'Jackets', 'Pants']",150000.0,Large,13,1.092675635276532,224.2152466367713,3,0,0,1,0,0,0
KA Design Ltd.,Woven,5.0,374.0,187,14000.0,"Jackets ,Trousers ,Bermuda","Boro Baraid, Dhaka, Dhaka",Dhaka,Dhaka,2006,"['Jackets', 'Trousers', 'Bermuda']",168000.0,Large,19,2.0,898.3957219251337,3,0,0,0,0,0,0
KA Fashion Ltd.,Knit,5.0,674.0,224,208000.0,"Shirts ,Pants ,T-Shirts ,Polo Shirts","75, Sataish Road, Ward # 2, Gazipur, Tongi",Gazipur,Tongi,2012,"['Shirts', 'Pants', 'T-Shirts', 'Polo Shirts']",2496000.0,Very Large,13,3.0089285714285716,11142.857142857143,4,0,0,1,0,0,0
KAC Composite Knit Inds. Ltd.,Knit,5.0,1000.0,316,250000.0,"T-Shirts ,Polo Shirts ,Shorts ,Trousers","12/13, Tetuibari, Gazipur, Sarabo",Gazipur,Sarabo,2006,"['T-Shirts', 'Polo Shirts', 'Shorts', 'Trousers']",3000000.0,Very Large,19,3.1645569620253164,9493.67088607595,4,0,0,0,0,0,0
KAC Fashion Wear Ltd.,Knit,5.0,1000.0,604,800000.0,"T-Shirts ,Polo Shirts ,Knitted Shorts ,Tank Tops","12/13, Tetuibari, Gazipur, Sarabo",Gazipur,Sarabo,1999,"['T-Shirts', 'Polo Shirts', 'Knitted Shorts', 'Tank Tops']",9600000.0,Very Large,26,1.6556291390728477,15894.039735099337,4,0,0,0,0,0,0
Kaif Maliha Apparels Ltd.,Woven,1.0,132.0,132,66667.0,"Shirt ,Pant ,T-Shirt ,Jacket","Industrial Plot # 02, Road # 01, Section # 07, Pallabi, Mirpur, Dhaka, Dhaka",Dhaka,Dhaka,2022,"['Shirt', 'Pant', 'T-Shirt', 'Jacket']",800004.0,Large,3,1.0,6060.636363636364,4,1,1,0,1,0,0
Kaifeng Textiles Ltd.,Woven,5.0,500.0,210,100000.0,"Shirts ,Pants","Remon Tower, Holding # 606, Baipail, Ashulia, Dhaka, Savar",Dhaka,Savar,2014,"['Shirts', 'Pants']",1200000.0,Very Large,11,2.380952380952381,5714.285714285715,2,0,0,1,0,0,0
Kaisar Sanko JB Textile Ltd.,Woven,5.0,250.0,150,150000.0,"Bed shirts ,Bed cover","M. S. Tower-2, Siddirgonj Pool, Narayanganj, Siddirgonj",Narayanganj,Siddirgonj,2014,"['Bed shirts', 'Bed cover']",1800000.0,Very Large,11,1.6666666666666667,12000.0,2,0,0,0,0,0,0
Kaisar Textile Inds. Ltd.,Woven,5.0,117.0,53,40000.0,"Shirts ,Pants","Senpara, Kanchpur, Narayanganj, Sonargaon",Narayanganj,Sonargaon,2012,"['Shirts', 'Pants']",480000.0,Large,13,2.207547169811321,9056.603773584906,2,0,0,1,0,0,0
Kaixi Fashion Bangladesh Co. Ltd.,Woven,1.0,2036.0,602,24000000.0,"Shirt ,Pant ,T-Shirt ,Jacket","Fs-Sfb-2, Dhaka Epz (Old Zone), Ashulia, Savar, Dhaka, Dhaka",Dhaka,Dhaka,2022,"['Shirt', 'Pant', 'T-Shirt', 'Jacket']",288000000.0,Very Large,3,3.382059800664452,478405.31561461795,4,1,1,0,1,0,0
Kaizer Knitwears Ltd.,Knit,5.0,64.0,250,0.0,"T-Shirts ,Polo Shirts ,Tank Top","Nayapara, Gazipur, B. Baria",Gazipur,B. Baria,2006,"['T-Shirts', 'Polo Shirts', 'Tank Top']",0.0,,19,0.256,0.0,3,0,0,0,0,0,0
Kalam Sweater Ltd.,Sweater,5.0,365.0,320,240000.0,Sweater,"Paragaon, Seedstore, Mymensingh, Valuka",Mymensingh,Valuka,2014,['Sweater'],2880000.0,Very Large,11,1.140625,9000.0,1,0,0,0,0,0,1
Kamtex Ltd.,Knit,5.0,205.0,180,170000.0,"T-Shirts ,Polo Shirts","B-1/1, Hannhati, Chandra, Gazipur, Kaliakoir",Gazipur,Kaliakoir,2011,"['T-Shirts', 'Polo Shirts']",2040000.0,Very Large,14,1.1388888888888888,11333.333333333334,2,0,0,0,0,0,0
Kanak Hosiery,Knit,5.0,300.0,90,270000.0,"T-Shirts, Polo Shirt ,Knitted Garments","77/1, B.B. Road, Narayanganj, B.B. Road",Narayanganj,B.B. Road,1995,"['T-Shirts', 'Polo Shirt', 'Knitted Garments']",3240000.0,Very Large,30,3.3333333333333335,36000.0,3,0,0,0,0,1,0
Kanak Impex,Knit,5.0,270.0,98,30000.0,"Jackets ,T-Shirts, Polo Shirt","77/1, B.B Road, Narayanganj, B.B. Road",Narayanganj,B.B. Road,1992,"['Jackets', 'T-Shirts', 'Polo Shirt']",360000.0,Large,33,2.7551020408163267,3673.469387755102,3,0,0,0,0,1,0
Kang Book Co.(BD) Ltd.,Woven,5.0,1000.0,1300,150000.0,"Pants ,Jackets ,Trousers","Plot # 21, Sector # 1, Export Processing Zone, Chittagong, Cepz",Chittagong,Cepz,1993,"['Pants', 'Jackets', 'Trousers']",1800000.0,Very Large,32,0.7692307692307693,1384.6153846153845,3,0,0,1,0,0,0
Kanta Corporation (Pvt) Ltd.,Sweater,5.0,495.0,200,176000.0,Sweaters,"Vogra, Gazipur, Joydevpur",Gazipur,Joydevpur,2000,['Sweaters'],2112000.0,Very Large,25,2.475,10560.0,1,0,0,0,0,0,0
Kaniz Garments Ltd.,Woven,5.0,550.0,310,95833.0,"Ladies Blouses ,Ladies Trousers ,Nightwears","228/A, Tejgaon, Dhaka, B. Baria",Dhaka,B. Baria,1994,"['Ladies Blouses', 'Ladies Trousers', 'Nightwears']",1149996.0,Very Large,31,1.7741935483870968,3709.664516129032,3,0,0,0,0,0,0
Kanta Corporation (Pvt) Ltd.,Sweater,5.0,495.0,200,176000.0,Sweaters,"Vogra, Gazipur, Joydevpur",Gazipur,Joydevpur,2000,['Sweaters'],2112000.0,Very Large,25,2.475,10560.0,1,0,0,0,0,0,0
Kappa Fashion Wear Ltd.,Knit,1.0,290.0,155,260000.0,"T-Shirt ,Polo Shirt","3630 West Isdair, Tagarpar (Police Line), Fatullah, Narayanganj, Narayangonj",Narayanganj,Narayangonj,2020,"['T-Shirt', 'Polo Shirt']",3120000.0,Very Large,5,1.8709677419354838,20129.032258064515,2,1,0,0,0,1,0
Kaptex Sweater Ltd.,Sweater,5.0,100.0,520,125000.0,Sweater,"Holding # 1225, North Khailkur, Bottola Road, Board Bazar, Gazipur, National University",Gazipur,National University,2015,['Sweater'],1500000.0,Very Large,10,0.19230769230769232,2884.6153846153848,1,0,0,0,0,0,1
Karim Textiles Ltd.,Knit,5.0,2450.0,1400,1800000.0,"Trouser ,T-Shirts ,Polo Shirts ,Tank Tops","Noorbagh, Gazipur, Dhaka",Gazipur,Dhaka,1991,"['Trouser', 'T-Shirts', 'Polo Shirts', 'Tank Tops']",21600000.0,Very Large,34,1.75,15428.57142857143,4,0,0,0,0,0,0
Karims Fashion Wear Ltd.,Woven,5.0,350.0,163,50000.0,"Jackets ,Pants ,Trousers ,Shorts","Plot # 1/2 & 1/3 (1St & 2Nd Floor), Uttar Prishil, Block - Ka, S-1, Dhaka, Mirpur",Dhaka,Mirpur,2004,"['Jackets', 'Pants', 'Trousers', 'Shorts']",600000.0,Large,21,2.147239263803681,3680.9815950920247,4,0,0,1,0,0,0
Karnaphuli Fabrics Ltd.,Knit,5.0,1154.0,591,670000.0,"Jackets ,Polo Shirts ,Sweat Shirts ,Pants","Gorai I/A, Mamin Nagar, Tangail, Mirzapur",Tangail,Mirzapur,1990,"['Jackets', 'Polo Shirts', 'Sweat Shirts', 'Pants']",8040000.0,Very Large,35,1.9526226734348562,13604.060913705584,4,0,0,1,0,0,0
Karnaphuli Knit Wear Ltd.,Knit,5.0,695.0,280,400000.0,"Jackets ,T-Shirts ,Polo Shirts ,Trousers","70, Green Road, Fattah Plaza, Dhaka, Pantha Path",Dhaka,Pantha Path,2001,"['Jackets', 'T-Shirts', 'Polo Shirts', 'Trousers']",4800000.0,Very Large,24,2.482142857142857,17142.85714285714,4,0,0,0,0,0,0
Karnaphuli Sportswear Inds. Limited,Woven,5.0,6716.0,4500,300000.0,"Rain Wears ,Pants ,Jackets ,Down Vest","Plot # 9-14,18-20, Sector # 7, Chittagong, Cepz",Chittagong,Cepz,1996,"['Rain Wears', 'Pants', 'Jackets', 'Down Vest']",3600000.0,Very Large,29,1.4924444444444445,800.0,4,0,0,1,0,0,0
Karooni Fashion Ltd,Woven,1.0,5.0,500,750000.0,Shirt,"Ratanpur, Safipur, Kaliakair, Gazipur-1751, Gazipur, Gazipur",Gazipur,Gazipur,2016,['Shirt'],9000000.0,Very Large,9,0.01,18000.0,1,0,1,0,0,0,0
Karooni Knit Composite Ltd.,Knit,5.0,3500.0,500,1344000.0,"T-Shirts ,Polo Shirts","Ratanpur, Shafipur, Gazipur, Kaliakoir",Gazipur,Kaliakoir,2010,"['T-Shirts', 'Polo Shirts']",16128000.0,Very Large,15,7.0,32256.0,2,0,0,0,0,0,0
Karupannya Rangpur Ltd.,Knit,5.0,4851.0,212,4000000.0,"Rugs ,Floor Mats","Dairy Farm Road, Robertsonsganj, Rangpur, Alamnagar",Rangpur,Alamnagar,2015,"['Rugs', 'Floor Mats']",48000000.0,Very Large,10,22.882075471698112,226415.09433962265,2,0,0,0,0,0,0
Kashfi Knit Wear Ltd.,Knit,5.0,480.0,180,50000.0,"T-Shirts ,Pants","Chaidana, Hazirpukur, Gazipur, National University",Gazipur,National University,2013,"['T-Shirts', 'Pants']",600000.0,Large,12,2.6666666666666665,3333.3333333333335,2,0,0,1,0,0,0
Kashmilon Sweaters Ltd.,Sweater,5.0,500.0,357,35000.0,Sweaters,"1, Darus Salam Road, Dhaka, Mirpur",Dhaka,Mirpur,2001,['Sweaters'],420000.0,Large,24,1.4005602240896358,1176.4705882352941,1,0,0,0,0,0,0
Kass Garments (Pvt) Ltd.,Knit,5.0,370.0,167,66000.0,"Ladies Shirts ,Trousers ,Childrens Wears ,T-Shirts","262 (New) Sk. Mujib Road, Chittagong, Dewnhat",Chittagong,Dewnhat,1984,"['Ladies Shirts', 'Trousers', 'Childrens Wears', 'T-Shirts']",792000.0,Large,41,2.215568862275449,4742.51497005988,4,0,0,0,0,0,0
Katex Fashion Clothing Ltd.,Woven,1.0,256.0,236,265000.0,"Jacket ,Bottom ,Sportswear ,T-Shirt","Shaitalia, Tengra, Sreepur, Gazipur, Gazipur",Gazipur,Gazipur,2022,"['Jacket', 'Bottom', 'Sportswear', 'T-Shirt']",3180000.0,Very Large,3,1.0847457627118644,13474.57627118644,4,1,0,0,1,0,0
Kathgora Composite Ltd.,Knit,1.0,330.0,286,400000.0,"T-Shirt ,Polo Shirt","Kathgora, Zirabo, Ashulia, Dhaka, Dhaka, Dhaka",Dhaka,Dhaka,2022,"['T-Shirt', 'Polo Shirt']",4800000.0,Very Large,3,1.1538461538461537,16783.216783216783,2,1,0,0,0,1,0
Kattali Textile Ltd.,Woven,5.0,1200.0,650,182000.0,"Shirts ,Jackets ,Pants ,Shorts","Colrnel Jones Road, Chowdhury Bari, North Kattali, Chittagong","Colrnel Jones Road, Chowdhury Bari, North Kattali",Chittagong,2004,"['Shirts', 'Jackets', 'Pants', 'Shorts']",2184000.0,Very Large,21,1.8461538461538463,3360.0,4,0,0,1,0,0,0
Kaveri Sweaters Ltd.,Sweater,5.0,960.0,400,88000.0,Sweaters,"Pretty Squire, South Salna, Gazipur, Salna",Gazipur,Salna,2006,['Sweaters'],1056000.0,Very Large,19,2.4,2640.0,1,0,0,0,0,0,0
Kay Garments Ltd.,Woven,5.0,284.0,125,75000.0,"Children Wears ,Jackets ,Pants ,Polo Shirts","Didar Market (3Rd Floor), 321, Sirajuddullah Road, Chittagong, Dewan Bazar",Chittagong,Dewan Bazar,1984,"['Children Wears', 'Jackets', 'Pants', 'Polo Shirts']",900000.0,Large,41,2.272,7200.0,4,0,0,1,0,0,0
Kaya Taiga (J.V.) Bangladesh Ltd.,Knit,5.0,130.0,90,120000.0,"T-Shirts ,Polo Shirts","520, Gouripur Bottola, Ashulia, Dhaka, Savar",Dhaka,Savar,2015,"['T-Shirts', 'Polo Shirts']",1440000.0,Very Large,10,1.4444444444444444,16000.0,2,0,0,0,0,0,0
Kaynat Ltd.,Woven,5.0,360.0,135,90000.0,"Jackets ,Trousers ,Skirts","Plot # 16, Road # 13 (4Th & 6Th Floor), Section # 12, Pallabi, Dhaka, Mirpur",Dhaka,Mirpur,2001,"['Jackets', 'Trousers', 'Skirts']",1080000.0,Very Large,24,2.6666666666666665,8000.0,3,0,0,0,0,0,0
Kazipur Fashions Ltd.,Woven,5.0,1872.0,300,80000.0,"Jackets ,Pants ,Shorts ,Shirt","Plot # 647-652, Kalma # 01, Word # 07, Deiry Farm, Savar, Dhaka, Dhaka",Dhaka,Dhaka,2000,"['Jackets', 'Pants', 'Shorts', 'Shirt']",960000.0,Large,25,6.24,3200.0,4,0,1,1,0,0,0
KC Apparels Ltd.,Knit,5.0,3000.0,1050,1500000.0,"T-Shirts ,Polo Shirts ,Sweat Shirts","62, Water Works Road, Narayanganj, Narayangonj",Narayanganj,Narayangonj,2009,"['T-Shirts', 'Polo Shirts', 'Sweat Shirts']",18000000.0,Very Large,16,2.857142857142857,17142.85714285714,3,0,0,0,0,0,0
KC Lingerie Ltd.,Knit,1.0,2000.0,312,1000000.0,Unknown,"57/1,Water Works Road, Godnail, Narayangonj, Narayanganj, Narayangonj",Narayanganj,Narayangonj,2020,[],12000000.0,Very Large,5,6.410256410256411,38461.53846153846,0,0,0,0,0,0,0
KC Print Limited,Woven,5.0,5500.0,188,300000.0,"Shirts ,Jackets ,T-Shirts","57/1, Water Works Road, Narayanganj, Narayangonj",Narayanganj,Narayangonj,2012,"['Shirts', 'Jackets', 'T-Shirts']",3600000.0,Very Large,13,29.25531914893617,19148.936170212764,3,0,0,0,0,0,0
KC Spinning Mills Ltd.,Woven,1.0,4.0,87,200000.0,"Lingerie ,Bra ,Panty","117, Godnail, Siddirgonj, Narayanganj, Narayangonj",Narayanganj,Narayangonj,2020,"['Lingerie', 'Bra', 'Panty']",2400000.0,Very Large,5,0.04597701149425287,27586.206896551725,3,0,0,0,0,0,0
KCA Garments Industry Ltd.,Woven,5.0,305.0,125,48000.0,"Shirts ,Jackets ,Overalls","67, Chowdhury Para, Hazipara, Dhaka, Rampura",Dhaka,Rampura,1994,"['Shirts', 'Jackets', 'Overalls']",576000.0,Large,31,2.44,4608.0,3,0,0,0,0,0,0
KDS Apparels Ltd.,Knit,5.0,425.0,509,200000.0,"Shirts ,Jackets ,Fleece Trousers","251, Nasirabad I/A, Baizid Bostami Road, Chittagong","251, Nasirabad I/A, Baizid Bostami Road",Chittagong,2004,"['Shirts', 'Jackets', 'Fleece Trousers']",2400000.0,Very Large,21,0.8349705304518664,4715.127701375246,3,0,0,0,0,0,0
KDS Fashion Ltd.,Knit,5.0,1500.0,481,1100000.0,"Shirts ,Jackets ,T-Shirts ,Polo Shirts","253-254, Nasirabad I/A, Chittagong","253-254, Nasirabad I/A,",Chittagong,2008,"['Shirts', 'Jackets', 'T-Shirts', 'Polo Shirts']",13200000.0,Very Large,17,3.1185031185031185,27442.82744282744,4,0,0,0,0,0,0
KDS Garment Inds. Ltd.,Knit,5.0,7600.0,2650,960000.0,"Shirts ,Jackets ,Nightwears","255, Nasirabad I/A, Chittagong, Nasirabad",Chittagong,Nasirabad,1983,"['Shirts', 'Jackets', 'Nightwears']",11520000.0,Very Large,42,2.8679245283018866,4347.169811320755,3,0,0,0,0,0,0
KDS Hi-Tech Garments (BD) Ltd.,Knit,5.0,300.0,407,170000.0,"Jackets ,Swim Wears ,Knit Top ,Trousers","255, Nasirabad I/A, Chittagong","255, Nasirabad I/A,",Chittagong,1998,"['Jackets', 'Swim Wears', 'Knit Top', 'Trousers']",2040000.0,Very Large,27,0.7371007371007371,5012.285012285012,4,0,0,0,0,0,0
KDS IDR Ltd.,Knit,5.0,4000.0,2350,120000000.0,"Shirts ,Pants ,T-Shirts ,Polo-Shirts","Cda Plot # 15(P)+16, Mohora I/A, Chittagong, Chandgaon",Chittagong,Chandgaon,2014,"['Shirts', 'Pants', 'T-Shirts', 'Polo-Shirts']",1440000000.0,Very Large,11,1.702127659574468,612765.9574468085,4,0,0,1,0,0,0
KDS Textile Mills Ltd.,Knit,5.0,200.0,92,0.0,"T-Shirts ,Underwear ,Swimming Tak","251, 252 Baizid Bostami Road, Nasirabad I.A, Chittagong","251, 252 Baizid Bostami Road, Nasirabad I.A",Chittagong,2003,"['T-Shirts', 'Underwear', 'Swimming Tak']",0.0,,22,2.1739130434782608,0.0,3,0,0,0,0,0,0
Keen Apparels Ltd.,Knit,5.0,300.0,120,220000.0,"T-Shirts ,Polo Shirts","Plot # 9-A, Bscic I/A, Shasangaon, Narayanganj, Fatullah",Narayanganj,Fatullah,2015,"['T-Shirts', 'Polo Shirts']",2640000.0,Very Large,10,2.5,22000.0,2,0,0,0,0,0,0
Keilock Newage Bangladesh Ltd.,Woven,5.0,1000.0,1031,62774.0,"Shirts ,Pants","Nichantapur, Ashulia, Dhaka, Savar",Dhaka,Savar,2013,"['Shirts', 'Pants']",753288.0,Large,12,0.9699321047526673,730.6382153249273,2,0,0,1,0,0,0
Kems Fashions Ltd.,Woven,5.0,480.0,180,100000.0,"Shirts ,Jackets ,Pants","376, South Manda (7Th Fl), Dhaka, Sabujbagh",Dhaka,Sabujbagh,2011,"['Shirts', 'Jackets', 'Pants']",1200000.0,Very Large,14,2.6666666666666665,6666.666666666667,3,0,0,1,0,0,0
Kenpark Bangladesh (Pvt) Ltd.,Knit,5.0,1800.0,1600,550000.0,"Jackets ,Trousers ,Shorts","Plot # 31-42, Sector # 8, Chittagong, Cepz",Chittagong,Cepz,1995,"['Jackets', 'Trousers', 'Shorts']",6600000.0,Very Large,30,1.125,4125.0,3,0,0,0,0,0,0
Kenpark Bangladesh Apparel (Pvt) Ltd.,Woven,5.0,2000.0,1800,600000.0,"Jackets ,Trousers ,Shorts","Plot # 69-85, Patenga (North), Chittagong, Kepz",Chittagong,Kepz,2008,"['Jackets', 'Trousers', 'Shorts']",7200000.0,Very Large,17,1.1111111111111112,4000.0,3,0,0,0,0,0,0
Kent Fashion (Pvt.) Ltd.,Woven,5.0,250.0,120,48000.0,"Jackets ,Swim Shorts ,Pants","610/687, East Sholashahar, Chittagong, Bahaddarhat",Chittagong,Bahaddarhat,1994,"['Jackets', 'Swim Shorts', 'Pants']",576000.0,Large,31,2.0833333333333335,4800.0,3,0,0,1,0,0,0
Kent Garments (Pvt.) Ltd.,Woven,5.0,289.0,124,50000.0,"Jackets ,Swim Shorts ,Pants","111/117, Nazrul Market (3Rd Floor), Chittagong, Chawkbazar",Chittagong,Chawkbazar,1985,"['Jackets', 'Swim Shorts', 'Pants']",600000.0,Large,40,2.3306451612903225,4838.709677419355,3,0,0,1,0,0,0
Kento Asia Ltd.,Knit,5.0,180.0,150,0.0,"Shirts ,Trousers ,T-Shirts ,Polo Shirts","Plot # B-32, Bscic I/A, Gazipur, Tongi",Gazipur,Tongi,2007,"['Shirts', 'Trousers', 'T-Shirts', 'Polo Shirts']",0.0,,18,1.2,0.0,4,0,0,0,0,0,0
Kentucky Knit Composite Ltd.,Knit,5.0,282.0,259,10000.0,"T-Shirts ,Polo Shirts","Ratondi, Baro Nagar, Mugrapara, Narayanganj, Narayangonj",Narayanganj,Narayangonj,2016,"['T-Shirts', 'Polo Shirts']",120000.0,Large,9,1.0888030888030888,463.3204633204633,2,0,0,0,0,0,0
Kentucky Textiles Ltd.,Knit,5.0,2767.0,650,1400000.0,"T-Shirts ,Polo Shirts ,Tank Tops","Ratondi, Mugrapara, Narayanganj, Sonargaon",Narayanganj,Sonargaon,2011,"['T-Shirts', 'Polo Shirts', 'Tank Tops']",16800000.0,Very Large,14,4.256923076923077,25846.153846153848,3,0,0,0,0,0,0
Kera Fashion Ltd.,Woven,5.0,150.0,85,96000.0,"Shirts ,Jackets ,Pants","3/2, Shah Ali Bagh, Section # 1, Dhaka, Mirpur",Dhaka,Mirpur,2001,"['Shirts', 'Jackets', 'Pants']",1152000.0,Very Large,24,1.7647058823529411,13552.941176470587,3,0,0,1,0,0,0
Keya Knit Composite Ltd.,Knit,5.0,3659.0,1760,6000000.0,"T-Shirts ,Polo Shirts","Jarun, Gazipur, Konabari",Gazipur,Konabari,2006,"['T-Shirts', 'Polo Shirts']",72000000.0,Very Large,19,2.078977272727273,40909.09090909091,2,0,0,0,0,0,0
KGS Knitting (Pvt.) Ltd.,Knit,5.0,480.0,95,300000.0,"T-Shirts ,Polo Shirts","Bhabanipur (Kashimpur), Bara Bhabanipur, Gazipur, Gazipur Sadar",Gazipur,Gazipur Sadar,2010,"['T-Shirts', 'Polo Shirts']",3600000.0,Very Large,15,5.052631578947368,37894.73684210526,2,0,0,0,0,0,0
Khalifa Apparels Ltd.,Woven,5.0,700.0,320,1500000.0,"Pants ,Shorts ,Jacket ,Denim","398, Sreepur Bus Stand, Ganak Bari, Ashulia, Dhaka, Dhaka",Dhaka,Dhaka,2007,"['Pants', 'Shorts', 'Jacket', 'Denim']",18000000.0,Very Large,18,2.1875,56250.0,4,0,0,1,1,0,0
Khan Brothers Knitwear Industries Ltd.,Knit,1.0,4.0,760,6000000.0,"T-Shirt ,Polo Shirt","Laskorchala, Kashimpur, Joydevpur, Dhaka, Dhaka",Dhaka,Dhaka,2022,"['T-Shirt', 'Polo Shirt']",72000000.0,Very Large,3,0.005263157894736842,94736.84210526316,2,1,0,0,0,1,0
Khantex Composite Textiles Ltd.,Knit,1.0,1723.0,662,1250000.0,"T-Shirt ,Polo Shirt","Barotopa, South Barotopa, Mawna, Sreepur, Gazipur Sadar, Gazipur, Gazipur",Gazipur,Gazipur,2023,"['T-Shirt', 'Polo Shirt']",15000000.0,Very Large,2,2.602719033232628,22658.610271903322,2,1,0,0,0,1,0
Khondker Fashions Ltd.,Sweater,5.0,650.0,487,50000.0,"Sweaters ,Cardigans ,Pullovers","Dagerchala, National University, Gazipur","Dagerchala, National University",Gazipur,2008,"['Sweaters', 'Cardigans', 'Pullovers']",600000.0,Large,17,1.3347022587268993,1232.0328542094455,3,0,0,0,0,0,0
Kids Zone Apparels Ltd.,Knit,5.0,180.0,70,180000.0,"T-Shirts ,Panties ,Rompers","133/436/457, Gazi Shah Lane, Dev Pahar, Chittagong, Kotowali",Chittagong,Kotowali,2010,"['T-Shirts', 'Panties', 'Rompers']",2160000.0,Very Large,15,2.5714285714285716,30857.14285714286,3,0,0,0,0,0,0
Kimberley Apparels Ltd.,Woven,5.0,950.0,480,280000.0,"Shirts ,Blouses ,Uniforms ,Pajama","586/1, Shewrapara (5Th -8Th Fl), Begum Rokeya Sarani, Dhaka, Mirpur",Dhaka,Mirpur,1993,"['Shirts', 'Blouses', 'Uniforms', 'Pajama']",3360000.0,Very Large,32,1.9791666666666667,7000.0,4,0,0,0,0,0,0
Kimberley Design,Woven,5.0,500.0,350,150000.0,"Shirts ,Pants","214/3, Tecnogpara, Gazipur, Joydevpur",Gazipur,Joydevpur,2014,"['Shirts', 'Pants']",1800000.0,Very Large,11,1.4285714285714286,5142.857142857143,2,0,0,1,0,0,0
Kimberly Fashions Ltd.,Woven,5.0,450.0,334,72000.0,"Shirts ,Blouses ,Shorts","South Panishail, Gazipur, B. Baria",Gazipur,B. Baria,1999,"['Shirts', 'Blouses', 'Shorts']",864000.0,Large,26,1.347305389221557,2586.8263473053894,3,0,0,0,0,0,0
Kimberly Garments Ltd.,Knit,5.0,650.0,225,150000.0,"Shirts ,Pants ,Blouses ,Shorts","South Panishail, Gazipur, Kashimpur",Gazipur,Kashimpur,2008,"['Shirts', 'Pants', 'Blouses', 'Shorts']",1800000.0,Very Large,17,2.888888888888889,8000.0,4,0,0,1,0,0,0
Kimia Apparels Industry Ltd.,Woven,5.0,1150.0,482,72000.0,"Shirts ,Jackets ,Swimming Trunks ,Trousers","Ka-59, Joar Sahara Bazar, Dhaka, Cantonment",Dhaka,Cantonment,1999,"['Shirts', 'Jackets', 'Swimming Trunks', 'Trousers']",864000.0,Large,26,2.3858921161825726,1792.5311203319502,4,0,0,0,0,0,0
Kimia Garments Ind. Ltd.,Woven,5.0,1250.0,580,120000.0,"Shirts ,Shorts ,Trousers","Ka-59, Joar Sahara Bazar, Dhaka, Cantonment",Dhaka,Cantonment,1997,"['Shirts', 'Shorts', 'Trousers']",1440000.0,Very Large,28,2.1551724137931036,2482.7586206896553,3,0,0,0,0,0,0
Kims Corporation Ltd.,Woven,5.0,1000.0,500,300000.0,"Shirts ,Pants ,Bermuda ,Vest","16, Sutar Noardda, Arapara, Dhaka, B. Baria",Dhaka,B. Baria,2007,"['Shirts', 'Pants', 'Bermuda', 'Vest']",3600000.0,Very Large,18,2.0,7200.0,4,0,0,1,0,0,0
KITH FASHION LIMITED.,Woven,1.0,0.0,235,0.0,Unknown,"8(P) Fidc Road Kalurghat H/E, Mohra Chittagong, Chittagong, Chittagong",Chittagong,Chittagong,2020,[],0.0,,5,0.0,0.0,0,0,0,0,0,0,0
KL Design Apparel Ltd.,Woven,5.0,540.0,290,1500000.0,"Shirts ,Pants","39, Haji Younus Ali Road, Kamarpara, Dhaka, Savar",Dhaka,Savar,2015,"['Shirts', 'Pants']",18000000.0,Very Large,10,1.8620689655172413,62068.96551724138,2,0,0,1,0,0,0
KL Fashion Ltd.,Woven,5.0,550.0,300,120000.0,"Shirts ,Pants","75/1, Master Bari, Mudafa West, Gazipur, Tongi",Gazipur,Tongi,2013,"['Shirts', 'Pants']",1440000.0,Very Large,12,1.8333333333333333,4800.0,2,0,0,1,0,0,0
Klarion Designs Ltd.,Woven,5.0,550.0,280,120000.0,"Pant ,Jacket ,Polo Shirt ,Single Jersey","Adhunik Chawk Super Market (3Rd Floor), Chittagong City Corporation, Chittagong, Chittagong",Chittagong,Chittagong,2003,"['Pant', 'Jacket', 'Polo Shirt', 'Single Jersey']",1440000.0,Very Large,22,1.9642857142857142,5142.857142857143,4,0,0,0,1,1,0
KLD Apparels Ltd.,Woven,5.0,500.0,290,125000.0,"Shirts ,Pants","635, Barabo, Tarabo, Narayanganj, Rupganj",Narayanganj,Rupganj,2014,"['Shirts', 'Pants']",1500000.0,Very Large,11,1.7241379310344827,5172.413793103448,2,0,0,1,0,0,0
KM Apparels Knit (Pvt.) Ltd.,Knit,1.0,0.0,0,333000.0,"T-Shirts ,Polo Shirts ,Pants","Holding # 8/A, Chandpara, Uttarkhan, Dhaka","Holding # 8/A, Chandpara, Uttarkhan",Dhaka,2018,"['T-Shirts', 'Polo Shirts', 'Pants']",3996000.0,Very Large,7,0.0,0.0,3,0,0,1,0,0,0
Knit Asia Ltd. (Unit-2),Knit,1.0,3.0,2423,1400000.0,"T-Shirt ,Polo Shirt","Ward # 9, Holding # F-22/1, Shafipur, Ratanpur Road, Kaliakoir, Gazipur, Gazipur",Gazipur,Gazipur,2021,"['T-Shirt', 'Polo Shirt']",16800000.0,Very Large,4,0.0012381345439537762,6933.553446141147,2,1,0,0,0,1,0
Knit & Knitex (Pvt) Ltd.,Knit,5.0,550.0,215,22000.0,"Pants ,T-Shirts ,Polo Shirts","Baliara, Dagerchala, National University, Gazipur, National University",Gazipur,National University,2012,"['Pants', 'T-Shirts', 'Polo Shirts']",264000.0,Large,13,2.558139534883721,1227.906976744186,3,0,0,1,0,0,0
Knit & Knitwears Ltd.,Knit,5.0,250.0,204,700000.0,"T-Shirts ,Polo Shirts ,Tank Tops","Sarder Complex (5Th Floor), 1, East Kamalapur, Dhaka, Kamalapur",Dhaka,Kamalapur,2007,"['T-Shirts', 'Polo Shirts', 'Tank Tops']",8400000.0,Very Large,18,1.2254901960784315,41176.470588235294,3,0,0,0,0,0,0
Knit 2007 Ltd.,Knit,5.0,133.0,96,0.0,"T-Shirts ,Polo Shirts","Kuturia, Savar Cantonment, Ashulia, Dhaka, Savar",Dhaka,Savar,2011,"['T-Shirts', 'Polo Shirts']",0.0,,14,1.3854166666666667,0.0,2,0,0,0,0,0,0
Knit Asia Ltd.,Knit,5.0,2281.0,1232,241726.0,"T-Shirts ,Polo Shirt ,Tank Tops","Buripara, Yearpur, Ashulia, Dhaka, Savar",Dhaka,Savar,2000,"['T-Shirts', 'Polo Shirt', 'Tank Tops']",2900712.0,Very Large,25,1.8514610389610389,2354.474025974026,3,0,0,0,0,1,0
Knit Avenue Ltd.,Knit,5.0,250.0,130,156000.0,"T-Shirts ,Polo Shirts ,Night Dress ,Legging","53/1, Mudafa, Gazipur, Tongi",Gazipur,Tongi,2009,"['T-Shirts', 'Polo Shirts', 'Night Dress', 'Legging']",1872000.0,Very Large,16,1.9230769230769231,14400.0,4,0,0,0,0,0,0
Knit Bazaar (Pvt) Ltd.,Woven,5.0,3000.0,220,25000.0,"Shirts ,Pants ,T-Shirts ,Polo Shirts","40/41, Vadam, Gazipur, Gazipur",Gazipur,Gazipur,2014,"['Shirts', 'Pants', 'T-Shirts', 'Polo Shirts']",300000.0,Large,11,13.636363636363637,1363.6363636363637,4,0,0,1,0,0,0
Knit Concern Ltd.,Knit,5.0,11000.0,900,1000000.0,"T-Shirts ,Polo Shirts ,Sweat Shirts","62, Water Works Road, Narayanganj, Narayangonj",Narayanganj,Narayangonj,1996,"['T-Shirts', 'Polo Shirts', 'Sweat Shirts']",12000000.0,Very Large,29,12.222222222222221,13333.333333333334,3,0,0,0,0,0,0
Knit Export (BD) Ltd.,Knit,5.0,210.0,95,230000.0,"T-Shirts ,Polo Shirts","West Shoildubi, Kashimpur, Gazipur, Gazipur Sadar",Gazipur,Gazipur Sadar,2010,"['T-Shirts', 'Polo Shirts']",2760000.0,Very Large,15,2.210526315789474,29052.63157894737,2,0,0,0,0,0,0
Knit Express Ltd.,Knit,5.0,700.0,153,0.0,"T-Shirts ,Polo Shirts ,Panties ,Sweat Shirts","Plot # 61, Bscic I/A, Chittagong, Chandgaon",Chittagong,Chandgaon,2006,"['T-Shirts', 'Polo Shirts', 'Panties', 'Sweat Shirts']",0.0,,19,4.57516339869281,0.0,4,0,0,0,0,0,0
Knit Fair Ltd.,Knit,5.0,500.0,202,350000.0,T-Shirts,"Enayetnagar, Lakibazar, Godnail, Narayanganj, Siddirgonj",Narayanganj,Siddirgonj,2014,['T-Shirts'],4200000.0,Very Large,11,2.4752475247524752,20792.079207920793,1,0,0,0,0,0,0
Knit Fashion (Pvt.) Ltd.,Sweater,5.0,350.0,180,60000.0,"Sweaters ,Cardigans","House # 686, Road # 20,, C.D.A R/A, Chittagong, Agrabad",Chittagong,Agrabad,1993,"['Sweaters', 'Cardigans']",720000.0,Large,32,1.9444444444444444,4000.0,2,0,0,0,0,0,0
Knit Horizon Ltd.,Knit,5.0,220.0,71,70000.0,"T-Shirts ,Polo Shirts","Bohererchala, Gazipur, Sreepur",Gazipur,Sreepur,2012,"['T-Shirts', 'Polo Shirts']",840000.0,Large,13,3.0985915492957745,11830.985915492958,2,0,0,0,0,0,0
Knit Line Fashion,Knit,5.0,250.0,110,25000.0,"T-Shirts ,Polo Shirts ,Tank Top ,Sweat Shirt","13/16, Pallabi Shopping Centre, Pallabi, Dhaka, Dhaka",Dhaka,Dhaka,2011,"['T-Shirts', 'Polo Shirts', 'Tank Top', 'Sweat Shirt']",300000.0,Large,14,2.272727272727273,2727.2727272727275,4,0,0,0,0,0,0
Knit Moon Ltd.,Knit,5.0,300.0,123,200000.0,"T-Shirts ,Polo Shirts ,Under Wears","Plot # S-10, Bscic I/A, Chittagong, Kalurghat",Chittagong,Kalurghat,2009,"['T-Shirts', 'Polo Shirts', 'Under Wears']",2400000.0,Very Large,16,2.4390243902439024,19512.19512195122,3,0,0,0,0,0,0
Knit Plus Limited,Knit,5.0,4500.0,1500,180000.0,"Shirt ,Pant ,Cardigan ,T-Shirt","Plot # 2036, Mouchak, Gazipur, Gazipur",Gazipur,Gazipur,2010,"['Shirt', 'Pant', 'Cardigan', 'T-Shirt']",2160000.0,Very Large,15,3.0,1440.0,4,1,1,0,0,0,0
Knit Radix Ltd.,Knit,5.0,650.0,350,400000.0,"T-Shirts ,Polo Shirts","Shasongaon, Panchabati To Baktaboli Road,, Enayetnagar, Narayanganj, Fatullah",Narayanganj,Fatullah,2014,"['T-Shirts', 'Polo Shirts']",4800000.0,Very Large,11,1.8571428571428572,13714.285714285714,2,0,0,0,0,0,0
Knit Reflex Ltd.,Knit,5.0,165.0,85,200000.0,"T-Shirts ,Polo Shirts","4, Sirajudullah Road, Falpatti, Narayanganj","4, Sirajudullah Road, Falpatti",Narayanganj,2010,"['T-Shirts', 'Polo Shirts']",2400000.0,Very Large,15,1.9411764705882353,28235.29411764706,2,0,0,0,0,0,0
Knit Softwear Ltd. (U-2),Knit,5.0,390.0,314,0.0,"T-Shirts ,Polo Shirts ,Tank Tops","Mouchak, Gazipur, Gazipur",Gazipur,Gazipur,2009,"['T-Shirts', 'Polo Shirts', 'Tank Tops']",0.0,,16,1.2420382165605095,0.0,3,0,0,0,0,0,0
Knit Studio Ltd.,Sweater,5.0,480.0,617,16300.0,Sweaters,"Holding # 460/1, Shaheed Siddik Road, North Khailkur,National University, Gazipur, Gazipur",Gazipur,Gazipur,2010,['Sweaters'],195600.0,Large,15,0.7779578606158833,317.0178282009725,1,0,0,0,0,0,0
Knit Style Composite Ltd.,Woven,1.0,202.0,81,300000.0,"Shirt ,Pant ,T-Shirt ,Trouser","132/1, Bahadurpur, Word # 22, Vim Bazar, Mirzapur, Gazipur, Gazipur",Gazipur,Gazipur,2021,"['Shirt', 'Pant', 'T-Shirt', 'Trouser']",3600000.0,Very Large,4,2.493827160493827,44444.444444444445,4,1,1,0,0,0,0
Knit Syndicate,Knit,5.0,405.0,283,364000.0,"T-Shirts ,Polo Shirts","Jalkuri, Narayanganj, Siddirgonj",Narayanganj,Siddirgonj,2014,"['T-Shirts', 'Polo Shirts']",4368000.0,Very Large,11,1.431095406360424,15434.628975265017,2,0,0,0,0,0,0
Knit Valley Ltd.,Sweater,5.0,410.0,275,0.0,Sweaters,"Plot # (Old) 58, New -53, Chapulia, Gazipur, Simulia",Gazipur,Simulia,2005,['Sweaters'],0.0,,20,1.490909090909091,0.0,1,0,0,0,0,0,0
Knit World Ltd.,Knit,5.0,359.0,150,4000.0,"T-Shirts ,Polo Shirts","A-91, Bscic I/A, Narayanganj, Fatullah",Narayanganj,Fatullah,2014,"['T-Shirts', 'Polo Shirts']",48000.0,Medium,11,2.3933333333333335,320.0,2,0,0,0,0,0,0
Knitex Apparels Ltd.,Knit,5.0,250.0,250,450000.0,"T-Shirts ,Pants ,Panties","28,29,30, Bscic Industrial Area, Block - B, Chittagong, Chandgaon",Chittagong,Chandgaon,1997,"['T-Shirts', 'Pants', 'Panties']",5400000.0,Very Large,28,1.0,21600.0,3,0,0,1,0,0,0
Knitex Dresses Ltd.,Knit,5.0,250.0,182,330000.0,"T-Shirts ,Polo Shirts ,Tank Tops","Sarodaganj, Gazipur, Kashimpur",Gazipur,Kashimpur,2007,"['T-Shirts', 'Polo Shirts', 'Tank Tops']",3960000.0,Very Large,18,1.3736263736263736,21758.24175824176,3,0,0,0,0,0,0
Knitexpo Ltd.,Sweater,5.0,860.0,736,72000.0,"Sweaters ,Pullovers ,Cardigans","Plot # 6594 - 6595, South Halishahar, Chittagong, Bandar",Chittagong,Bandar,1998,"['Sweaters', 'Pullovers', 'Cardigans']",864000.0,Large,27,1.1684782608695652,1173.9130434782608,3,0,0,0,0,0,0
Knittex Industries Ltd.,Knit,5.0,1844.0,911,650000.0,"T-Shirts ,Polo Shirts ,Leggings ,Knitted Jacket","Plot # 247-252, Baimile, Gazipur, Gazipur",Gazipur,Gazipur,1994,"['T-Shirts', 'Polo Shirts', 'Leggings', 'Knitted Jacket']",7800000.0,Very Large,31,2.0241492864983535,8562.019758507135,4,0,0,0,0,0,0
Knitting N Style Ltd.,Knit,5.0,220.0,109,48000.0,"Shirts ,Pants ,Polo Shirts","Khadija Shopping Complex, Ahalia, Dhaka, Turag",Dhaka,Turag,2013,"['Shirts', 'Pants', 'Polo Shirts']",576000.0,Large,12,2.018348623853211,5284.40366972477,3,0,0,1,0,0,0
Koala Apparel Ltd.,Sweater,1.0,235.0,0,6250.0,Unknown,"Holding # 137, Sharifpur, National University, Gazipur, Gazipur",Gazipur,Gazipur,2019,[],75000.0,Medium,6,0.0,0.0,0,0,0,0,0,0,0
Kohinoor Apparels Ltd.,Woven,1.0,900.0,600,300000.0,"Panty ,Boxer ,Pajamaset ,Bikini","436/457, Gazi Shah Lane, Dev Pahar, Chittagong, Chittagong",Chittagong,Chittagong,1998,"['Panty', 'Boxer', 'Pajamaset', 'Bikini']",3600000.0,Very Large,27,1.5,6000.0,4,0,0,0,0,0,0
Kohinoor Garments Inds. Ltd.,Knit,5.0,200.0,115,300000.0,"Shirts ,Pants ,T-Shirts","Asha Plaza (1St Floor), Hemayetpur, Dhaka, Savar",Dhaka,Savar,2012,"['Shirts', 'Pants', 'T-Shirts']",3600000.0,Very Large,13,1.7391304347826086,31304.347826086956,3,0,0,1,0,0,0
Kojima Lyric Garments Ltd.,Woven,5.0,1550.0,800,100000.0,"Jacket ,Ladies Pants ,Ladies Skirt ,Ladies Casual coat","Chandona-Naljani, Bashan, Gazipur, Gazipur",Gazipur,Gazipur,1994,"['Jacket', 'Ladies Pants', 'Ladies Skirt', 'Ladies Casual coat']",1200000.0,Very Large,31,1.9375,1500.0,4,0,0,0,1,0,0
Koka Industries Ltd.,Knit,5.0,450.0,345,120000.0,"Kids Wears ,Ladies Tops ,Panties ,Trousers","67, Panchlaish, Chittagong, Panchlaish",Chittagong,Panchlaish,1994,"['Kids Wears', 'Ladies Tops', 'Panties', 'Trousers']",1440000.0,Very Large,31,1.3043478260869565,4173.913043478261,4,0,0,0,0,0,0
Konabari Fashion Ltd.,Sweater,5.0,250.0,135,33300.0,Sweaters,"Sharif Medical Bhaban, Nilnagar, Gazipur, Konabari",Gazipur,Konabari,2011,['Sweaters'],399600.0,Large,14,1.8518518518518519,2960.0,1,0,0,0,0,0,0
Kores (Bangladesh) Ltd.,Sweater,5.0,700.0,570,60000.0,Sweaters,"Mouchak, Sanarpar, Narayanganj, Siddirganj",Narayanganj,Siddirganj,1999,['Sweaters'],720000.0,Large,26,1.2280701754385965,1263.157894736842,1,0,0,0,0,0,0
KRC Composite Textile Industry Ltd.,Knit,5.0,273.0,130,100000.0,"T-Shirts ,Polo Shirts ,Babies Wears","Volial, Munshiganj Road, Narayanganj, Narayangonj",Narayanganj,Narayangonj,1996,"['T-Shirts', 'Polo Shirts', 'Babies Wears']",1200000.0,Very Large,29,2.1,9230.76923076923,3,0,0,0,0,0,0
Krishan Knitting Ltd.,Sweater,5.0,425.0,325,72000.0,"Sweaters ,Cardigans ,Ponchu","Steel House, 360, Strand Road, Chittagong, Strand Road",Chittagong,Strand Road,1995,"['Sweaters', 'Cardigans', 'Ponchu']",864000.0,Large,30,1.3076923076923077,2658.4615384615386,3,0,0,0,0,0,0
Kron Sweater Limited,Sweater,5.0,520.0,366,54000.0,Sweaters,"4497/A, Arakan Road, Chittagong, Chandgaon",Chittagong,Chandgaon,1997,['Sweaters'],648000.0,Large,28,1.4207650273224044,1770.4918032786886,1,0,0,0,0,0,0
KS Fashions Ltd.,Woven,5.0,480.0,180,50000.0,"Shirts ,Pants","Chaydana, Hazirpukur, Gazipur, National University",Gazipur,National University,2014,"['Shirts', 'Pants']",600000.0,Large,11,2.6666666666666665,3333.3333333333335,2,0,0,1,0,0,0
KSS Knit Composite Ltd.,Knit,5.0,569.0,388,580000.0,"T-Shirts ,Polo Shirts ,Tank Tops","Bahararchala, Gazipur, Mowna",Gazipur,Mowna,2008,"['T-Shirts', 'Polo Shirts', 'Tank Tops']",6960000.0,Very Large,17,1.4664948453608246,17938.144329896906,3,0,0,0,0,0,0
KTJ Gloves Ltd.,Unknown,,0.0,0,500000.0,Hand Gloves,"Fs Sfb (3Rd Floor), Depz, Gonak Bari, Dhaka","Fs Sfb (3Rd Floor), Depz, Gonak Bari",Dhaka,2020,['Hand Gloves'],6000000.0,Very Large,5,0.0,0.0,1,0,0,0,0,0,0
Kujess Garments Inds. (Pvt) Ltd.,Woven,5.0,400.0,120,60000.0,"Jeans Cargo ,Wind Pants ,Sport Shorts","227/B, Ehsan Tower, Hafiz Nagar, Chittagong, Bakalia",Chittagong,Bakalia,1984,"['Jeans Cargo', 'Wind Pants', 'Sport Shorts']",720000.0,Large,41,3.3333333333333335,6000.0,3,0,0,0,0,0,0
Kuliarchar Sweater Inds. Ltd.,Sweater,5.0,1400.0,900,130000.0,"Shirts ,Ladies Shirts ,Pullovers","Bada Kalmasher, Gazipur, K.B. Bazar",Gazipur,K.B. Bazar,1995,"['Shirts', 'Ladies Shirts', 'Pullovers']",1560000.0,Very Large,30,1.5555555555555556,1733.3333333333333,3,0,0,0,0,0,0
Kumudini Apparels,Woven,5.0,436.0,183,116600.0,"Windbreakers ,Trousers ,Skirts ,Shorts","72,Serajuddowla Road, Narayanganj, Khanpur",Narayanganj,Khanpur,1996,"['Windbreakers', 'Trousers', 'Skirts', 'Shorts']",1399200.0,Very Large,29,2.3825136612021858,7645.901639344263,4,0,0,0,0,0,0
Kumudini Garments,Woven,5.0,434.0,161,50000.0,"Shirts ,Jackets ,Shorts ,Windbreakers","72,Serajuddowla Road, Narayanganj, Khanpur",Narayanganj,Khanpur,1985,"['Shirts', 'Jackets', 'Shorts', 'Windbreakers']",600000.0,Large,40,2.6956521739130435,3726.7080745341614,4,0,0,0,0,0,0
Kunimoto Sweater & Knitwears Ltd.,Sweater,5.0,250.0,236,35000.0,Sweater,"Kodda Nandun, Gazipur, Joydevpur",Gazipur,Joydevpur,2013,['Sweater'],420000.0,Large,12,1.0593220338983051,1779.6610169491526,1,0,0,0,0,0,1
Kushiara Composite Knit Inds. Ltd.,Knit,5.0,2000.0,794,1500000.0,"T-Shirts ,Polo Shirts ,Tank Top","Tetoi Bari, Dehra, Dhaka, B. Baria",Dhaka,B. Baria,2000,"['T-Shirts', 'Polo Shirts', 'Tank Top']",18000000.0,Very Large,25,2.5188916876574305,22670.025188916876,3,0,0,0,0,0,0
Kushtia Fashions Ltd.,Woven,5.0,300.0,106,0.0,"Jogging Suits ,Babies Wear ,Knit Items","Sotobali Mahar, Dhaka, Savar",Dhaka,Savar,1999,"['Jogging Suits', 'Babies Wear', 'Knit Items']",0.0,,26,2.830188679245283,0.0,3,0,0,0,0,0,0
Kwun Tong Apparels Ltd.,Unknown,,0.0,0,100000.0,"Shirts ,Jackets ,Knit Items","Shed # 122, Plot # 59-87, Ademjee Nagar, Narayanganj","Shed # 122, Plot # 59-87, Ademjee Nagar",Narayanganj,2020,"['Shirts', 'Jackets', 'Knit Items']",1200000.0,Very Large,5,0.0,0.0,3,0,0,0,0,0,0
KZ Fashion MFRS. Ltd.,Woven,1.0,4.0,656,208333.0,"Jacket ,Pant ,Bra ,Panty","Chickair, Durgabari, Raozan, Chittagong, Chittagong",Chittagong,Chittagong,2023,"['Jacket', 'Pant', 'Bra', 'Panty']",2499996.0,Very Large,2,0.006097560975609756,3810.9695121951218,4,0,0,0,1,0,0
KZM Apparels (Pvt.) Ltd.,Knit,5.0,319.0,107,104000.0,"T-Shirts ,Trousers ,Polo Shirts ,Polo Shirts","15, Agrabad C/A (4Th Floor), Noor Mansion (3Rd Floor), Chittagong","15, Agrabad C/A (4Th Floor), Noor Mansion (3Rd Floor)",Chittagong,2008,"['T-Shirts', 'Trousers', 'Polo Shirts', 'Polo Shirts']",1248000.0,Very Large,17,2.9813084112149535,11663.55140186916,4,0,0,0,0,0,0
L Usine Fashion Ltd.,Sweater,5.0,2150.0,1500,250000.0,"Sweaters ,Pullovers ,Cardigans","Channapara, Gazipur, Sreepur",Gazipur,Sreepur,2008,"['Sweaters', 'Pullovers', 'Cardigans']",3000000.0,Very Large,17,1.4333333333333333,2000.0,3,0,0,0,0,0,0
L.A. Fashion (Pvt.) Ltd.,Woven,5.0,800.0,400,80000.0,"Shirts ,Ladies Dresses ,Shorts ,Pajama Sets","261/2, West Agargaon, Dhaka, Agargaon",Dhaka,Agargaon,1994,"['Shirts', 'Ladies Dresses', 'Shorts', 'Pajama Sets']",960000.0,Large,31,2.0,2400.0,4,0,0,0,0,0,0
L.K. Sweater (Pvt.) Ltd.,Sweater,5.0,500.0,300,50000.0,Sweaters,"House # 3 & 5, Road # 3, Section # 7, Dhaka, Mirpur",Dhaka,Mirpur,2012,['Sweaters'],600000.0,Large,13,1.6666666666666667,2000.0,1,0,0,0,0,0,0
L' Esquire Limited,Woven,1.0,5.0,1698,5720000.0,"Shirt ,Pant ,T-Shirt ,Polo Shirt","Jamirdia, Valuka, Mymensingh, Mymensingh",Mymensingh,Mymensingh,2023,"['Shirt', 'Pant', 'T-Shirt', 'Polo Shirt']",68640000.0,Very Large,2,0.002944640753828033,40424.028268551236,4,1,1,0,0,1,0
La Camicia Ltd.,Woven,5.0,312.0,166,1123200.0,"Shirts ,Pants","Uttarpara, Piruzali, Gazipur, Gazipur Sadar",Gazipur,Gazipur Sadar,2016,"['Shirts', 'Pants']",13478400.0,Very Large,9,1.8795180722891567,81195.18072289157,2,0,0,1,0,0,0
La-Muni Apparels Ltd.,Unknown,,150.0,457,137500.0,"Shirts ,Pant","Barendra, Kashimpur, Gazipur, Gazipur",Gazipur,Gazipur,2017,"['Shirts', 'Pant']",1650000.0,Very Large,8,0.3282275711159737,3610.503282275711,2,0,0,0,0,0,0
Labib Attire,Woven,1.0,1.0,128,150000.0,"Shirt ,Pant","Kathgura, Dewanbari, Ashulia, Savar, Dhaka, Dhaka",Dhaka,Dhaka,2022,"['Shirt', 'Pant']",1800000.0,Very Large,3,0.0078125,14062.5,2,0,1,0,0,0,0
Labib Fashions Ltd.,Sweater,5.0,800.0,350,130000.0,Cardigans,"Vogra, Chandana Chowrasta, Gazipur, Gazipur Sadar",Gazipur,Gazipur Sadar,2001,['Cardigans'],1560000.0,Very Large,24,2.2857142857142856,4457.142857142857,1,0,0,0,0,0,0
Lagoon Clothing Ltd.,Knit,5.0,350.0,168,120000.0,"T-Shirts ,Polo Shirts ,Panties","Plot # 6207, East Halishahar, Ali Plaza (5Th Floor), Chittagong, Bandar",Chittagong,Bandar,1998,"['T-Shirts', 'Polo Shirts', 'Panties']",1440000.0,Very Large,27,2.0833333333333335,8571.42857142857,3,0,0,0,0,0,0
Laila Styles Ltd.,Woven,5.0,4952.0,2665,104000.0,"Shirts ,Pants ,Trouser ,Skirt","Bhadurpur, Shikder Bari, Gazipur Sadar, Gazipur, Bangladesh., Gazipur, Gazipur",Gazipur,Gazipur,2016,"['Shirts', 'Pants', 'Trouser', 'Skirt']",1248000.0,Very Large,9,1.8581613508442776,468.2926829268293,4,0,0,1,0,0,0
Lakhsma Innerwear Ltd.,Knit,1.0,1100.0,667,856840.0,"T-Shirt ,Polo Shirt","House#8/I,Flat#100, Road # 81, Gulshan, Dhaka, Dhaka",Dhaka,Dhaka,2016,"['T-Shirt', 'Polo Shirt']",10282080.0,Very Large,9,1.6491754122938531,15415.412293853073,2,1,0,0,0,1,0
Lakhsma Sweaters Ltd.,Sweater,5.0,2000.0,1319,150000.0,"Sweaters ,Pullovers ,Cardigans","Joy Bangla Sarak, Khailkoir, Barabari, Gazipur, K.B. Bazar",Gazipur,K.B. Bazar,2000,"['Sweaters', 'Pullovers', 'Cardigans']",1800000.0,Very Large,25,1.5163002274450341,1364.6702047005308,3,0,0,0,0,0,0
Lalmai Sportswear Industries Ltd.,Woven,5.0,4475.0,3197,180000.0,"Jackets ,Pants ,Rain Wears ,Down Vest","Plot # 7-20, Sector # 3, Chittagong, Cepz",Chittagong,Cepz,1998,"['Jackets', 'Pants', 'Rain Wears', 'Down Vest']",2160000.0,Very Large,27,1.3997497654050672,675.6334063184236,4,0,0,1,0,0,0
Lam Mim Apparels Ltd.,Knit,1.0,825.0,1407,666000.0,"T-Shirt ,Polo Shirt ,Sweat shirt ,Tops","Bangabandhu Road, Tongabari, Ashulia, Savar, Dhaka, Dhaka, Dhaka",Dhaka,Dhaka,2021,"['T-Shirt', 'Polo Shirt', 'Sweat shirt', 'Tops']",7992000.0,Very Large,4,0.5863539445628998,5680.170575692964,4,1,0,0,0,1,0
Lamiya Adnan Quality Garments,Woven,5.0,250.0,150,40000.0,"Shirts ,Pants","194, Shanarpar, Narayanganj, Siddirgonj",Narayanganj,Siddirgonj,2013,"['Shirts', 'Pants']",480000.0,Large,12,1.6666666666666667,3200.0,2,0,0,1,0,0,0
Landmark Design Wear Ltd.,Knit,5.0,473.0,105,150000.0,"T-Shirts ,Polo Shirts ,Tank Tops","Landmark Complex, Shadhur Para, Baro Ashulia, Dhaka, Savar",Dhaka,Savar,1998,"['T-Shirts', 'Polo Shirts', 'Tank Tops']",1800000.0,Very Large,27,4.504761904761905,17142.85714285714,3,0,0,0,0,0,0
Landmark Fabrics Ltd.,Knit,5.0,816.0,1150,800000.0,"T-Shirts ,Polo Shirts ,Tank Tops","Landmark Complex, Shadhur Para, Baro Ashulia, Dhaka, Savar",Dhaka,Savar,2001,"['T-Shirts', 'Polo Shirts', 'Tank Tops']",9600000.0,Very Large,24,0.7095652173913043,8347.826086956522,3,0,0,0,0,0,0
Landmark Fashion Wear (Pvt) Ltd.,Knit,5.0,496.0,171,40000.0,"T-Shirts ,Polo Shirts ,Pyjama Sets","Landmark Complex, Shadhur Para, Baro Ashulia, Dhaka, Savar",Dhaka,Savar,1999,"['T-Shirts', 'Polo Shirts', 'Pyjama Sets']",480000.0,Large,26,2.9005847953216373,2807.0175438596493,3,0,0,0,0,0,0
Landmark Textile,Knit,5.0,105.0,110,156000.0,"Shirts ,Shorts ,T-Shirts","124, Bashir Uddin Road, Kalabagan, Dhaka, Mirpur Road",Dhaka,Mirpur Road,1993,"['Shirts', 'Shorts', 'T-Shirts']",1872000.0,Very Large,32,0.9545454545454546,17018.18181818182,3,0,0,0,0,0,0
Landmark Yarn Dyeing Ltd.,Sweater,5.0,995.0,2195,500000.0,"Sweaters ,Cardigans ,Pullovers","Landmark Complex, Shadhur Para, Baro Ashulia, Dhaka, Savar",Dhaka,Savar,2003,"['Sweaters', 'Cardigans', 'Pullovers']",6000000.0,Very Large,22,0.4533029612756264,2733.485193621868,3,0,0,0,0,0,0
Lantabur Apparels Ltd.,Knit,5.0,1054.0,348,200000.0,"TShirts ,Polo Shirts","Kewa, Boherarchala, Gila Beraeed, Gazipur, Sreepur",Gazipur,Sreepur,2014,"['TShirts', 'Polo Shirts']",2400000.0,Very Large,11,3.028735632183908,6896.551724137931,2,0,0,0,0,0,0
Larson Fashion Ltd,Woven,5.0,450.0,67,40000.0,"Shirts ,Jackets ,Skirts","Rahat Complex, 199/A, Dighirpar, Dewanhat, Chittagong","Rahat Complex, 199/A, Dighirpar, Dewanhat",Chittagong,2000,"['Shirts', 'Jackets', 'Skirts']",480000.0,Large,25,6.7164179104477615,7164.179104477612,3,0,0,0,0,0,0
Latest Fashion,Knit,5.0,250.0,125,150000.0,"T-Shirts ,Children Wears","Joy Bangla Road, Khailkoir , Baro Bari, Gazipur, National University",Gazipur,National University,1998,"['T-Shirts', 'Children Wears']",1800000.0,Very Large,27,2.0,14400.0,2,0,0,0,0,0,0
Latest Garments Ltd.,Knit,5.0,500.0,290,350000.0,"T-Shirts ,Polo Shirts ,Night Wears ,Fleece Jackets","519, Chater, Chotobari, Gazipur, Joydevpur",Gazipur,Joydevpur,1990,"['T-Shirts', 'Polo Shirts', 'Night Wears', 'Fleece Jackets']",4200000.0,Very Large,35,1.7241379310344827,14482.758620689656,4,0,0,0,0,0,0
Latif Fashions Ltd.,Knit,5.0,349.0,150,250000.0,"T-Shirts ,Polo Shirts","Plot # 326, Road # 6, Block # B, Ward # 1, Mizmizi T.C Road, East Painadi, Narayanganj, Siddirgonj",Narayanganj,Siddirgonj,2014,"['T-Shirts', 'Polo Shirts']",3000000.0,Very Large,11,2.3266666666666667,20000.0,2,0,0,0,0,0,0
Latif Knitting Mills Ltd.,Knit,5.0,600.0,350,390000.0,"T-Shirts ,Polo Shirts","A/111-112, Bscic I/E, Narayanganj, Fatullah",Narayanganj,Fatullah,2014,"['T-Shirts', 'Polo Shirts']",4680000.0,Very Large,11,1.7142857142857142,13371.42857142857,2,0,0,0,0,0,0
Laurels Fashion Ltd.,Sweater,5.0,475.0,360,50000.0,Sweater,"23, Shahin Complex, Sataish Road, Gazipura, Gazipur, Tongi",Gazipur,Tongi,2014,['Sweater'],600000.0,Large,11,1.3194444444444444,1666.6666666666667,1,0,0,0,0,0,1
Lavender Fashion Ltd.,Woven,1.0,2.0,80,70000.0,"Shirt ,Pant ,T-Shirt ,Polo Shirt","Dighirchala, Chondona Chow Rasta, Bason, Gazipur Sadar, Gazipur, Gazipur",Gazipur,Gazipur,2022,"['Shirt', 'Pant', 'T-Shirt', 'Polo Shirt']",840000.0,Large,3,0.025,10500.0,4,1,1,0,0,1,0
Lavender Garment Ltd.,Woven,5.0,724.0,286,144000.0,"Shirts ,Jackets ,Trousers ,Pants","Mouchak, Kaliakoir, Gazipur, Gazipur",Gazipur,Gazipur,2006,"['Shirts', 'Jackets', 'Trousers', 'Pants']",1728000.0,Very Large,19,2.5314685314685317,6041.958041958042,4,0,0,1,0,0,0
Laverntex Sweaters Ltd.,Sweater,5.0,200.0,203,24000.0,Sweater,"Night Angel Medical College Road, Sarkar Market, Beron, Ashulia, Dhaka, Savar",Dhaka,Savar,2016,['Sweater'],288000.0,Large,9,0.9852216748768473,1418.71921182266,1,0,0,0,0,0,1
Lavish Design Limited,Woven,1.0,3.0,120,233000.0,"Shirt ,Pant ,T-Shirt ,Polo Shirt","Amtola, Kathgora, Ashulia, Savar, Dhaka, Dhaka",Dhaka,Dhaka,2022,"['Shirt', 'Pant', 'T-Shirt', 'Polo Shirt']",2796000.0,Very Large,3,0.025,23300.0,4,1,1,0,0,1,0
Lawyee Fashion Ltd.,Woven,5.0,330.0,50,100000.0,Unknown,"149, East Kazipara, Mirpur-14, Dhaka, Mirpur",Dhaka,Mirpur,2016,[],1200000.0,Very Large,9,6.6,24000.0,0,0,0,0,0,0,0
Lax Lingerie Ltd.,Knit,5.0,600.0,478,1200000.0,"T-Shirts ,Polo Shirts","Plot # A/1 & 2, Block - B, Bscic I/A, Chittagong, Fouzdarhat",Chittagong,Fouzdarhat,2009,"['T-Shirts', 'Polo Shirts']",14400000.0,Very Large,16,1.2552301255230125,30125.5230125523,2,0,0,0,0,0,0
Lazim Apparels Ltd.,Unknown,,0.0,0,120000.0,"Jackets ,Trousers ,Pants","Holding No A - 46/2, Mogorkhal, National University, Gazipur, Gazipur",Gazipur,Gazipur,2018,"['Jackets', 'Trousers', 'Pants']",1440000.0,Very Large,7,0.0,0.0,3,0,0,1,0,0,0
Le Nouveautex (Pvt) Ltd.,Knit,5.0,242.0,112,250000.0,"Ladies Wears ,Children Wears ,T-Shirts/Polo Shirts","Board Bazar, Gazipur, Tongi",Gazipur,Tongi,1995,"['Ladies Wears', 'Children Wears', 'T-ShirtsPolo Shirts']",3000000.0,Very Large,30,2.1607142857142856,26785.714285714286,3,0,0,0,0,0,0
Le-Nouveautex Knit Fashion,Knit,5.0,350.0,220,100000.0,"T-Shirts ,Polo Shirts ,Tank Tops","Vannara Road, Mouchak, Gazipur, Kaliakoir",Gazipur,Kaliakoir,2008,"['T-Shirts', 'Polo Shirts', 'Tank Tops']",1200000.0,Very Large,17,1.5909090909090908,5454.545454545455,3,0,0,0,0,0,0
Leading Fashion Ltd.,Woven,5.0,365.0,165,40000.0,"Shirts ,Jackets ,Pants","68/4, Sagarika Road, Chittagong, Pahartali",Chittagong,Pahartali,1998,"['Shirts', 'Jackets', 'Pants']",480000.0,Large,27,2.212121212121212,2909.090909090909,3,0,0,1,0,0,0
Leaf Grade Casualwear Ltd.,Woven,5.0,470.0,280,120000.0,"Ladies Long Pant ,Short ,Skirt ,Jacket","Kewa (Madrasa Road), Sreepur, Gazipur-1740, Gazipur, Gazipur",Gazipur,Gazipur,2016,"['Ladies Long Pant', 'Short', 'Skirt', 'Jacket']",1440000.0,Very Large,9,1.6785714285714286,5142.857142857143,4,0,0,0,1,0,0
Leather Craftsman Ltd.,Woven,5.0,320.0,265,65000.0,"Shirts ,Jackets ,Pants","House # 67, Road # 3, Block - D, Ward # 3, Kamarpara, Dhaka, Turag",Dhaka,Turag,2012,"['Shirts', 'Jackets', 'Pants']",780000.0,Large,13,1.2075471698113207,2943.396226415094,3,0,0,1,0,0,0
Lebaz Sweater Inds. Ltd.,Sweater,5.0,370.0,235,72000.0,"Sweaters ,Pullovers ,Jersey","Ovizatrra # 95, Mondol Market, Boro Dewra, Gazipur, Gazipur",Gazipur,Gazipur,2011,"['Sweaters', 'Pullovers', 'Jersey']",864000.0,Large,14,1.574468085106383,3676.595744680851,3,0,0,0,0,0,0
Leeu Fashion Ltd.,Sweater,5.0,790.0,255,255000.0,Sweater,"Meharabari, Hazir Bazar, Mymensingh, Valuka",Mymensingh,Valuka,2015,['Sweater'],3060000.0,Very Large,10,3.0980392156862746,12000.0,1,0,0,0,0,0,1
Legacy Fashion Ltd.,Woven,5.0,2500.0,1200,400000.0,"Shirts ,Blouses ,Dresses","Bscic Industrial Estate, Chittagong, Kalurghat",Chittagong,Kalurghat,2006,"['Shirts', 'Blouses', 'Dresses']",4800000.0,Very Large,19,2.0833333333333335,4000.0,3,0,0,0,0,0,0
Legend Textiles Limited,Knit,5.0,100.0,100,120000.0,"Shirts ,T-Shirts ,Polo Shirts","Plot # 3-5, Sector # 3, Karnaphuli Epz, Chittagong, North Patenga",Chittagong,North Patenga,2012,"['Shirts', 'T-Shirts', 'Polo Shirts']",1440000.0,Very Large,13,1.0,14400.0,3,0,0,0,0,0,0
Lemond Apparels & Textiles Ltd.,Knit,5.0,381.0,110,350000.0,"T-Shirts ,Boxer ,Panties","East Madarbari, 545, Majirghat Road, Chittagong, Doublemooring",Chittagong,Doublemooring,2005,"['T-Shirts', 'Boxer', 'Panties']",4200000.0,Very Large,20,3.463636363636364,38181.818181818184,3,0,0,0,0,0,0
Lemond Fashion Ltd.,Knit,5.0,352.0,100,300000.0,"Shirts ,T-Shirts ,Panties ,Boxers","545, East Madarbari, Chittagong, Majhirghat Road",Chittagong,Majhirghat Road,1994,"['Shirts', 'T-Shirts', 'Panties', 'Boxers']",3600000.0,Very Large,31,3.52,36000.0,4,0,0,0,0,0,0
Lenient Fashion Ltd.,Woven,1.0,3.0,202,75000.0,"Shirt ,Pant ,Jacket ,T-Shirt","13402 & 14417, Satarkul Road, Satarkul, Badda, Dhaka, Dhaka",Dhaka,Dhaka,2019,"['Shirt', 'Pant', 'Jacket', 'T-Shirt']",900000.0,Large,6,0.01485148514851485,4455.445544554455,4,1,1,0,1,0,0
Lenny Apparels Ltd.,Unknown,,0.0,0,450000.0,"Shirts ,Jackets ,Pants","54-56, Ganakbari, Depz, Ashulia, Dhaka","54-56, Ganakbari, Depz, Ashulia",Dhaka,2020,"['Shirts', 'Jackets', 'Pants']",5400000.0,Very Large,5,0.0,0.0,3,0,0,1,0,0,0
Lenny Fashions Ltd.,Unknown,,0.0,0,650000.0,"Ladies Bottom ,Ladies Tops ,Mens Bottoms","Plot # 66-68, Depz, Ganakbari, Ashulia, Dhaka","Plot # 66-68, Depz, Ganakbari, Ashulia",Dhaka,1995,"['Ladies Bottom', 'Ladies Tops', 'Mens Bottoms']",7800000.0,Very Large,30,0.0,0.0,3,0,0,0,0,0,0
Les Pulls D' Alex Ltd.,Sweater,5.0,625.0,474,80000.0,Sweaters,"Khilkhet Bazar, Dhaka, Airport Road",Dhaka,Airport Road,2004,['Sweaters'],960000.0,Large,21,1.3185654008438819,2025.3164556962026,1,0,0,0,0,0,0
Lethe Apparels Ltd.,Unknown,,0.0,0,600000.0,"T-Shirts ,Polo Shirts ,Under Wears ,Tank Top","Lithe Complex, Shanarpar, Asian Highway, Narayanganj","Lithe Complex, Shanarpar, Asian Highway",Narayanganj,1994,"['T-Shirts', 'Polo Shirts', 'Under Wears', 'Tank Top']",7200000.0,Very Large,31,0.0,0.0,4,0,0,0,0,0,0
Libas Knit Wear Ltd.,Knit,5.0,665.0,320,80000.0,"T-Shirts ,Polo Shirts","Kewa, Boherarchala, Gila Beraeed, Gazipur, Sreepur",Gazipur,Sreepur,2010,"['T-Shirts', 'Polo Shirts']",960000.0,Large,15,2.078125,3000.0,2,0,0,0,0,0,0
Libas Stitch,Woven,5.0,400.0,130,100000.0,"Shirts ,Pants","Plot & Holding #1, Turag Housing, Beribadh, Mohammadpur, Dhaka-1207, Dhaka, B. Baria",Dhaka,B. Baria,2014,"['Shirts', 'Pants']",1200000.0,Very Large,11,3.076923076923077,9230.76923076923,2,0,0,1,0,0,0
Libas Textiles Ltd.,Knit,5.0,3500.0,1100,1250000.0,"T-Shirts ,Polo Shirts","Nischintopur, Mouchak, Gazipur, Kaliakoir",Gazipur,Kaliakoir,2015,"['T-Shirts', 'Polo Shirts']",15000000.0,Very Large,10,3.1818181818181817,13636.363636363636,2,0,0,0,0,0,0
Liberty Fashion Wears Ltd.,Knit,5.0,3000.0,1040,500000.0,"Jackets ,Trousers ,T-Shirts ,Shorts","Plot # 101, Mousa-Tenguri, Zirani Bazar, Dhaka, Savar",Dhaka,Savar,2001,"['Jackets', 'Trousers', 'T-Shirts', 'Shorts']",6000000.0,Very Large,24,2.8846153846153846,5769.2307692307695,4,0,0,0,0,0,0
Liberty Garments Inds. Ltd.,Woven,5.0,575.0,200,150000.0,"Jackets ,Trousers ,Shorts","Plot #9, Block # D, Section # 2, Road # 3, Dhaka, Mirpur",Dhaka,Mirpur,1985,"['Jackets', 'Trousers', 'Shorts']",1800000.0,Very Large,40,2.875,9000.0,3,0,0,0,0,0,0
Liberty Knitwear Ltd.,Knit,5.0,345.0,115,0.0,Knit Items,"Pamarbagh, Kutubpur, Narayanganj, B. Baria",Narayanganj,B. Baria,2001,['Knit Items'],0.0,,24,3.0,0.0,1,0,0,0,0,0,0
Lida Textile & Dyeing Ltd.,Woven,1.0,0.0,2752,953333.0,"T-Shirts ,Polo Shirts ,Briefs","Holding # 100/2, Block # B, East Chandra, Ward-8, Sofipur, Kaliakoir, Gazipur-1751, Bangladesh., Gazipur, Gazipur",Gazipur,Gazipur,2007,"['T-Shirts', 'Polo Shirts', 'Briefs']",11439996.0,Very Large,18,0.0,4156.975290697675,3,0,0,0,0,0,0
Life Textile (Pvt.) Ltd.,Woven,5.0,0.0,20,0.0,Unknown,"69,70,71 Bscic Industrial Esate, Gazipur, Konabari",Gazipur,Konabari,1997,[],0.0,,28,0.0,0.0,0,0,0,0,0,0,0
Lifestyle Fashion Maker Ltd.,Woven,5.0,550.0,320,125000.0,"Shirts ,Jackets ,Jogging Suits ,Pants","Lutfon Tower (8Th & 9Th Floor), Plot # E/13, Middle Badda, Dhaka, Badda",Dhaka,Badda,2007,"['Shirts', 'Jackets', 'Jogging Suits', 'Pants']",1500000.0,Very Large,18,1.71875,4687.5,4,0,0,1,0,0,0
Lilac Fashion Wear Ltd.,Knit,5.0,450.0,322,416000.0,"Shirts ,Pants ,T-Shirts","Ganak Bari, Ashulia, Dhaka, Savar",Dhaka,Savar,2013,"['Shirts', 'Pants', 'T-Shirts']",4992000.0,Very Large,12,1.3975155279503106,15503.105590062112,3,0,0,1,0,0,0
Lily Apparels Ltd.,Woven,5.0,525.0,156,100000.0,"Shirts ,Blouses ,Children Wears","Kathgora, Zirabo, Ashulia, Dhaka, Savar",Dhaka,Savar,1984,"['Shirts', 'Blouses', 'Children Wears']",1200000.0,Very Large,41,3.3653846153846154,7692.307692307692,3,0,0,0,0,0,0
Lily Jeans Ltd.,Woven,1.0,250.0,150,120000.0,"Shirt ,Pant ,T-Shirt ,Polo Shirt","840/838, D.T. Road, Dhanalapara, Double Mooring, Chattogram, Chittagong",Chittagong,Chittagong,2022,"['Shirt', 'Pant', 'T-Shirt', 'Polo Shirt']",1440000.0,Very Large,3,1.6666666666666667,9600.0,4,1,1,0,0,1,0
Link Wear Ltd.,Knit,5.0,650.0,280,300000.0,"Shirts ,Pants ,Dresses ,Shorts","687, Cda R/A, Road # 20, Alhaj Nurul Amin Sowdagar Lane, Chittagong, South Agrabad",Chittagong,South Agrabad,1991,"['Shirts', 'Pants', 'Dresses', 'Shorts']",3600000.0,Very Large,34,2.3214285714285716,12857.142857142857,4,0,0,1,0,0,0
Link-Tex Sportswear Ltd.,Knit,5.0,271.0,114,400000.0,"T-Shirts ,Polo Shirts","Nichintapur, Mouchak, Gazipur, Konabari",Gazipur,Konabari,2011,"['T-Shirts', 'Polo Shirts']",4800000.0,Very Large,14,2.3771929824561404,42105.26315789474,2,0,0,0,0,0,0
Linkon Fashion Ltd.,Knit,5.0,220.0,120,80000.0,"Shirts ,Pants","Commercial Plot # 30, Main Road # 01,, Section # 10, Senpara Parbata, Dhaka, Mirpur-2",Dhaka,Mirpur-2,2014,"['Shirts', 'Pants']",960000.0,Large,11,1.8333333333333333,8000.0,2,0,0,1,0,0,0
Lisha Tex Ltd.,Knit,5.0,90.0,60,78000.0,"Shirts ,Pants ,T-Shirts","Ka-140/1, Shahara Bazar, Dhaka, Dhaka",Dhaka,Dhaka,2013,"['Shirts', 'Pants', 'T-Shirts']",936000.0,Large,12,1.5,15600.0,3,0,0,1,0,0,0
Litun Fabrics Ltd.,Knit,5.0,190.0,154,200000.0,"Jackets ,Pants ,T-Shirts ,Trousers","Barpa, Narayanganj, Rupganj",Narayanganj,Rupganj,2007,"['Jackets', 'Pants', 'T-Shirts', 'Trousers']",2400000.0,Very Large,18,1.2337662337662338,15584.415584415585,4,0,0,1,0,0,0
Liz Apparels Ltd.,Woven,5.0,1110.0,1000,100000.0,"Shirts ,Pants ,Trousers ,Shorts","Kunia, K.B. Bazar, Targas, Gazipur, Board Bazar",Gazipur,Board Bazar,2002,"['Shirts', 'Pants', 'Trousers', 'Shorts']",1200000.0,Very Large,23,1.11,1200.0,4,0,0,1,0,0,0
Liz Fashion Industry Ltd.,Woven,5.0,0.0,2900,1083333.0,"Jackets ,Pants ,Under Wears","Building #02, Holding # 01, Block# C, Shaheed Mosharaf Hossain Road, Purbo Chandora, Sofipur, Kaliakoir, Gazipur, Bangladesh., Gazipur, Gazipur",Gazipur,Gazipur,1997,"['Jackets', 'Pants', 'Under Wears']",12999996.0,Very Large,28,0.0,4482.7572413793105,3,0,0,1,0,0,0
LM Masinara Asia Ltd.,Knit,5.0,1296.0,1004,312000.0,"Shirts ,Pants ,T-Shirts ,Polo Shirts","Plot # 1-2, Sector # 03,, Kepz, Chittagong, North Patenga",Chittagong,North Patenga,2014,"['Shirts', 'Pants', 'T-Shirts', 'Polo Shirts']",3744000.0,Very Large,11,1.2908366533864541,3729.0836653386455,4,0,0,1,0,0,0
Lodestar Fashions Ltd.,Woven,5.0,2500.0,1043,500000.0,"Shirts ,Blouses ,Pants","M-16, Section # 14, Dhaka, Mirpur",Dhaka,Mirpur,1995,"['Shirts', 'Blouses', 'Pants']",6000000.0,Very Large,30,2.3969319271332696,5752.636625119847,3,0,0,1,0,0,0
Lodestar Garments Ltd.,Woven,5.0,450.0,300,100000.0,"Jackets ,Pants ,Skirts ,Trousers","C-35, Section # 7, Purobi Super Market, Dhaka, Mirpur",Dhaka,Mirpur,1985,"['Jackets', 'Pants', 'Skirts', 'Trousers']",1200000.0,Very Large,40,1.5,4000.0,4,0,0,1,0,0,0
Logos Apparels Ltd.,Knit,5.0,1126.0,423,500000.0,"T-Shirts ,Trousers ,Kids Item ,Ladies Vests","Telir Chala Mouchak, Gazipur, Kaliakoir",Gazipur,Kaliakoir,1998,"['T-Shirts', 'Trousers', 'Kids Item', 'Ladies Vests']",6000000.0,Very Large,27,2.66193853427896,14184.397163120568,4,0,0,0,0,0,0
Louietex Manufacturing Ltd.,Woven,5.0,670.0,286,156000.0,"Twill Pants ,Twill Shorts ,Cargo Shorts","Mouza- Sandha, Sharifpur, National University, Gazipur, National University",Gazipur,National University,2012,"['Twill Pants', 'Twill Shorts', 'Cargo Shorts']",1872000.0,Very Large,13,2.3426573426573425,6545.454545454545,3,0,0,0,0,0,0
Lovecraft Garments (Pvt.) Ltd.,Woven,5.0,483.0,234,62000.0,"Shirts ,Pants","7 & 8, A. C. Roy Road, Armanitola, Dhaka, Old Dhaka",Dhaka,Old Dhaka,1984,"['Shirts', 'Pants']",744000.0,Large,41,2.0641025641025643,3179.4871794871797,2,0,0,1,0,0,0
Loyal Apparels Ltd.,Knit,5.0,840.0,714,800000.0,"Hipster ,Bikini ,Cami ,Briefs","434, Kulgaon, Baluchara, Jalalabad, Chittagong, Baizid",Chittagong,Baizid,2012,"['Hipster', 'Bikini', 'Cami', 'Briefs']",9600000.0,Very Large,13,1.1764705882352942,13445.378151260504,4,0,0,0,0,0,0
Loyaltex Limited,Knit,5.0,647.0,300,800000.0,"Hipster ,Bikini ,Thong","434, Kulgaon, Baluchara, Jalalabad, Chittagong, Baizid",Chittagong,Baizid,2012,"['Hipster', 'Bikini', 'Thong']",9600000.0,Very Large,13,2.1566666666666667,32000.0,3,0,0,0,0,0,0
Lucid Apparels Ltd.,Woven,5.0,204.0,170,22500.0,"Jackets ,Pants ,Trousers ,Vests","13, D.I.T Road, Khilgaon Chowdhury Para, Dhaka, Khilgaon",Dhaka,Khilgaon,1994,"['Jackets', 'Pants', 'Trousers', 'Vests']",270000.0,Large,31,1.2,1588.235294117647,4,0,0,1,0,0,0
Lucky Star Apparels Ltd.,Woven,5.0,495.0,275,55000.0,"Wind Breakers ,Swim Shorts ,Bottoms","141/142, Lalasarat, 234/4, Kachukhet, Dhaka, Cantonment",Dhaka,Cantonment,1992,"['Wind Breakers', 'Swim Shorts', 'Bottoms']",660000.0,Large,33,1.8,2400.0,3,0,0,0,0,0,0
Lufa Fashion Ltd.,Woven,5.0,320.0,204,30000.0,"Swimming Shorts ,Paded Jackets ,Overalls","16/1Kh, New Jurain, Buriganga Shetu Market (3Rd Floor), Dhaka, Jurain",Dhaka,Jurain,1995,"['Swimming Shorts', 'Paded Jackets', 'Overalls']",360000.0,Large,30,1.5686274509803921,1764.7058823529412,3,0,0,0,0,0,0
Lufa Garments Ltd.,Woven,5.0,351.0,212,25000.0,"Jackets ,Pants ,Vests ,Trousers","476/B, D.I.T Road, Dhaka, Malibagh",Dhaka,Malibagh,1992,"['Jackets', 'Pants', 'Vests', 'Trousers']",300000.0,Large,33,1.6556603773584906,1415.0943396226414,4,0,0,1,0,0,0
Luman Dresses Limited,Woven,5.0,376.0,177,23500.0,"Jackets ,Pants ,Trousers ,Vests","476-B, D.I.T Road, Dhaka, Malibagh",Dhaka,Malibagh,1996,"['Jackets', 'Pants', 'Trousers', 'Vests']",282000.0,Large,29,2.1242937853107344,1593.2203389830509,4,0,0,1,0,0,0
Luman Fashions Ltd.,Woven,5.0,700.0,420,37500.0,"Jackets ,Pants ,Trousers ,Vests","476-B, D.I.T Road, Dhaka, Malibagh",Dhaka,Malibagh,2000,"['Jackets', 'Pants', 'Trousers', 'Vests']",450000.0,Large,25,1.6666666666666667,1071.4285714285713,4,0,0,1,0,0,0
Lumbini Limited,Sweater,5.0,456.0,750,60000.0,"Sweaters ,Pullovers ,Cardigans","Bandarban Zilla Parishad Complex, Bandarban, Meghla",Bandarban,Meghla,2011,"['Sweaters', 'Pullovers', 'Cardigans']",720000.0,Large,14,0.608,960.0,3,0,0,0,0,0,0
Luminous Garments Limited,Woven,1.0,5.0,120,0.0,"Shirt ,Pant ,T-Shirt ,Polo Shirt","45/4, East Kadamtoly, Meraj Nagar, Dhaka, Dhaka, Dhaka",Dhaka,Dhaka,2022,"['Shirt', 'Pant', 'T-Shirt', 'Polo Shirt']",0.0,,3,0.041666666666666664,0.0,4,1,1,0,0,1,0
Luna Apparels (Pvt.) Ltd.,Woven,5.0,500.0,200,60000.0,"Jackets ,Shorts","322/1/2, North Goran, Dhaka, Sabujbagh",Dhaka,Sabujbagh,1994,"['Jackets', 'Shorts']",720000.0,Large,31,2.5,3600.0,2,0,0,0,0,0,0
Lusaka Fashion Ltd.,Woven,5.0,400.0,120,120000.0,"Shirts ,Blouses","261, Ibrahimpur (6Th Floor), Dhaka, Cantonment",Dhaka,Cantonment,1995,"['Shirts', 'Blouses']",1440000.0,Very Large,30,3.3333333333333335,12000.0,2,0,0,0,0,0,0
Lushai Apparels,Woven,5.0,0.0,0,0.0,"Shirts ,Jackets ,Overalls","Fidc Road, Bscic I/E, Chittagong, Kalurghat",Chittagong,Kalurghat,2004,"['Shirts', 'Jackets', 'Overalls']",0.0,,21,0.0,0.0,3,0,0,0,0,0,0
Luthan Sweater Ltd.,Sweater,5.0,468.0,160,28000.0,Sweaters,"Dhour, Gazipur, Turag",Gazipur,Turag,2009,['Sweaters'],336000.0,Large,16,2.925,2100.0,1,0,0,0,0,0,0
Lyceum Fabrics Ltd.,Knit,5.0,450.0,245,180000.0,"T-Shirts ,Polo Shirts ,Panties ,Boxers","Plot # 6207, East Halishahar, Ali Plaza (4Th Floor), Chittagong, Bandar",Chittagong,Bandar,1998,"['T-Shirts', 'Polo Shirts', 'Panties', 'Boxers']",2160000.0,Very Large,27,1.836734693877551,8816.326530612245,4,0,0,0,0,0,0
Lynda Fashions Ltd.,Woven,5.0,485.0,317,120000.0,"Long Pants ,Cargo Pants ,Trousers ,Bermuda","Shamir Plaza Shopping Complex (5Th Floor), Jamgara, Ashulia, Dhaka, Savar",Dhaka,Savar,2005,"['Long Pants', 'Cargo Pants', 'Trousers', 'Bermuda']",1440000.0,Very Large,20,1.5299684542586751,4542.586750788643,4,0,0,0,0,0,0
Lyric Apparels Ltd.,Woven,5.0,1050.0,350,130000.0,"Winsbreakers ,Pants ,Jogging Suits ,Shorts","Mirzapur Bhaban (5Th To 7Th Floor), 69/B-1, Malibagh Chowdhury Para, Dhaka, Malibagh",Dhaka,Malibagh,2002,"['Winsbreakers', 'Pants', 'Jogging Suits', 'Shorts']",1560000.0,Very Large,23,3.0,4457.142857142857,4,0,0,1,0,0,0
Lyric Industries (Pvt) Ltd.,Woven,5.0,1060.0,350,130000.0,"Jackets ,Shorts ,Jogging Suits ,Windbreakers","464, West Rampura, Mollah Tower (7Th-8Th Floor), Dhaka, Rampura",Dhaka,Rampura,2001,"['Jackets', 'Shorts', 'Jogging Suits', 'Windbreakers']",1560000.0,Very Large,24,3.0285714285714285,4457.142857142857,4,0,0,0,0,0,0
LZ Fashion Wear Ltd.,Woven,5.0,399.0,182,33333333.0,"Shirts ,Pants","Plot # 154, Depz (Extension),, Ganakbari, Dhaka, Savar",Dhaka,Savar,2014,"['Shirts', 'Pants']",399999996.0,Very Large,11,2.1923076923076925,2197802.175824176,2,0,0,1,0,0,0
LZ Textiles Ltd.,Woven,5.0,250.0,79,25000.0,"Shirts ,Pants","Dewallia Bari, Gazipur, Konabari",Gazipur,Konabari,2015,"['Shirts', 'Pants']",300000.0,Large,10,3.1645569620253164,3797.46835443038,2,0,0,1,0,0,0
M & H Corporation (Pvt) Ltd.,Knit,5.0,415.0,180,120000.0,"T-Shirts ,Polo Shirts ,Sweat Shirts","Dag # 1415/5482, Dolipara, Sector # 3, Dhaka, Uttara",Dhaka,Uttara,1998,"['T-Shirts', 'Polo Shirts', 'Sweat Shirts']",1440000.0,Very Large,27,2.3055555555555554,8000.0,3,0,0,0,0,0,0
M & M Dresses Ltd.,Woven,5.0,450.0,174,80000.0,"Shirts ,Boy's Shirts","964, Shewrapara, Begum Rokeya Sarani, Dhaka, Mirpur",Dhaka,Mirpur,1995,"['Shirts', 'Boys Shirts']",960000.0,Large,30,2.586206896551724,5517.241379310345,2,0,0,0,0,0,0
M & M Shirts Ltd.,Woven,5.0,800.0,360,140000.0,"Shirts ,Ladies Shirts ,Boy's Shirts","964, Shewrapara, Rokeya Sarani, Dhaka, Mirpur",Dhaka,Mirpur,1996,"['Shirts', 'Ladies Shirts', 'Boys Shirts']",1680000.0,Very Large,29,2.2222222222222223,4666.666666666667,3,0,0,0,0,0,0
M & S Sweater Ltd.,Sweater,5.0,1010.0,590,50000.0,Sweaters,"68X (2), Fouzdarhat H/I Area, Chittagong, Pahartoli",Chittagong,Pahartoli,2008,['Sweaters'],600000.0,Large,17,1.7118644067796611,1016.9491525423729,1,0,0,0,0,0,0
M & W Fashion Ltd.,Woven,5.0,312.0,118,6000000.0,"Shirts ,Pants ,Jacket","Plot # 37, Block # B, Milla Gate, Gazipur, Tongi",Gazipur,Tongi,2013,"['Shirts', 'Pants', 'Jacket']",72000000.0,Very Large,12,2.6440677966101696,610169.4915254237,3,0,0,1,1,0,0
M N Sweaters Ltd.,Sweater,5.0,1000.0,436,70000.0,"Sweaters ,Cardigans ,Pullovers","79-B, Malibagh Chowdhury Para, Dhaka, Malibagh",Dhaka,Malibagh,1993,"['Sweaters', 'Cardigans', 'Pullovers']",840000.0,Large,32,2.293577981651376,1926.605504587156,3,0,0,0,0,0,0
M R SWEATER,Woven,1.0,0.0,100,0.0,Unknown,"538/1, Kamarjuri, National University, Gazipur., Gazipur, Gazipur",Gazipur,Gazipur,2021,[],0.0,,4,0.0,0.0,0,0,0,0,0,0,0
M-Nur Sweaters Ltd.,Sweater,5.0,350.0,520,60000.0,Sweater,"Kolomeshwar, Zhazur Road, Gazipur, National University",Gazipur,National University,2014,['Sweater'],720000.0,Large,11,0.6730769230769231,1384.6153846153845,1,0,0,0,0,0,1
M U Fashion Ltd.,Woven,1.0,1500.0,1200,375000.0,"Shorts ,Trouser ,Jacket ,Skirt","South Salimpur, Jafarabad-4317, Fouzderhat I/A, Chattogram, Chittagong",Chittagong,Chittagong,2019,"['Shorts', 'Trouser', 'Jacket', 'Skirt']",4500000.0,Very Large,6,1.25,3750.0,4,0,0,0,1,0,0
M-Nur Sweaters Ltd.,Sweater,5.0,350.0,520,60000.0,Sweater,"Kolomeshwar, Zhazur Road, Gazipur, National University",Gazipur,National University,2014,['Sweater'],720000.0,Large,11,0.6730769230769231,1384.6153846153845,1,0,0,0,0,0,1
M-Yew Fashion Ltd.,Woven,5.0,730.0,365,160000.0,"Long Pants ,Trousers ,Jackets ,Skirts","Haji Sahabuddin Shopping Complex(3Rd & 4Th), 15/6, Rasulbagh, Dhaka, Mohakhali",Dhaka,Mohakhali,1997,"['Long Pants', 'Trousers', 'Jackets', 'Skirts']",1920000.0,Very Large,28,2.0,5260.273972602739,4,0,0,0,0,0,0
M. I. Knitwear Ltd.,Sweater,5.0,600.0,517,85000.0,"Sweaters ,Pullovers ,Cardigans ,Vest","Pm Centre, 215/216, Dewandighi, Chittagong, Dewanhat",Chittagong,Dewanhat,2004,"['Sweaters', 'Pullovers', 'Cardigans', 'Vest']",1020000.0,Very Large,21,1.1605415860735009,1972.9206963249517,4,0,0,0,0,0,0
M.B. Knit Fashion,Knit,5.0,1000.0,430,750000.0,"T-Shirts ,Polo Shirts ,Sweat Shirts ,Tank Tops","A/122, Bscic Inds. Estate, Narayanganj, Fatullah",Narayanganj,Fatullah,1997,"['T-Shirts', 'Polo Shirts', 'Sweat Shirts', 'Tank Tops']",9000000.0,Very Large,28,2.3255813953488373,20930.232558139534,4,0,0,0,0,0,0
M.H. Fashion,Woven,5.0,133.0,88,60000.0,"Shirts ,Pants ,Trousers","79/8, North Jatrabari, Bibir Bagicha, 4 No. Gate, Dhaka, Jatrabari",Dhaka,Jatrabari,2012,"['Shirts', 'Pants', 'Trousers']",720000.0,Large,13,1.5113636363636365,8181.818181818182,3,0,0,1,0,0,0
M.I.M. Dresses Ltd.,Woven,5.0,400.0,0,19000.0,"Top ,Bottom ,Jacket","East Haydabad, Majukhan, Road #39, (Kudabo Road), Block-A, Holding-Rs 3362, Pubail, Gazipur, Gazipur",Gazipur,Gazipur,2004,"['Top', 'Bottom', 'Jacket']",228000.0,Large,21,0.0,0.0,3,0,0,0,1,0,0
M.I.M. Fashion Wear Ltd.,Knit,5.0,10.0,550,700000.0,"T-Shirts ,Polo Shirts ,Tank Tops","Plot # 226/1, Tilargati, Shingbari Road, Tongi, Gazipur, Bangladesh., Gazipur, Gazipur",Gazipur,Gazipur,1998,"['T-Shirts', 'Polo Shirts', 'Tank Tops']",8400000.0,Very Large,27,0.01818181818181818,15272.727272727272,3,0,0,0,0,0,0
M.K. Sweaters Ltd.,Sweater,5.0,485.0,300,40000.0,"Sweaters ,Pullovers ,Cardigans","2013/A, Block # 3, South Salna, Salna Bazar, Gazipur, Joydevpur",Gazipur,Joydevpur,2003,"['Sweaters', 'Pullovers', 'Cardigans']",480000.0,Large,22,1.6166666666666667,1600.0,3,0,0,0,0,0,0
M.M. Brothers Wear Ltd.,Woven,5.0,300.0,120,37500.0,"Shirts ,Trousers ,Shorts","201/A, M.N. Plaza, Rampur, Eidgah, Dit Road, Chittagong, D.T. Road",Chittagong,D.T. Road,2004,"['Shirts', 'Trousers', 'Shorts']",450000.0,Large,21,2.5,3750.0,3,0,0,0,0,0,0
M.M. Composite Knit Ltd.,Knit,5.0,400.0,150,125000.0,"T-Shirts ,Polo Shirts","C.S.-36, Teknogopara, Salna, Gazipur, Gazipur Sadar",Gazipur,Gazipur Sadar,2007,"['T-Shirts', 'Polo Shirts']",1500000.0,Very Large,18,2.6666666666666665,10000.0,2,0,0,0,0,0,0
M.M. Dress Wear Ltd.,Knit,5.0,252.0,84,150000.0,"Shirta ,Pants ,T-Shirts ,Polo Shirts","Afaznagar, Narayanganj, Fatullah",Narayanganj,Fatullah,2016,"['Shirta', 'Pants', 'T-Shirts', 'Polo Shirts']",1800000.0,Very Large,9,3.0,21428.571428571428,4,0,0,1,0,0,0
M.M. Fashions & Composite Ltd.,Knit,5.0,546.0,216,108000.0,"T-Shirts ,Polo Shirts ,Tank Tops","1180, Shahid Siddiqu Road, Khailkoir, Gazipur, Board Bazar",Gazipur,Board Bazar,2009,"['T-Shirts', 'Polo Shirts', 'Tank Tops']",1296000.0,Very Large,16,2.5277777777777777,6000.0,3,0,0,0,0,0,0
M.M. Knitwear Ltd.,Knit,5.0,3800.0,950,1196000.0,"T-Shirts ,Polo Shirts ,Jackets ,Tank Tops","Ambagh Road, Nilnagar, Gazipur, Konabari",Gazipur,Konabari,2001,"['T-Shirts', 'Polo Shirts', 'Jackets', 'Tank Tops']",14352000.0,Very Large,24,4.0,15107.368421052632,4,0,0,0,0,0,0
M.M. Trade Apparels,Knit,5.0,350.0,205,120000.0,"T-Shirts ,Polo Shirts ,Polar Fleece","Plot # 1342, Char Ramzan, Sanaullah, Narayanganj, Sonargaon",Narayanganj,Sonargaon,1995,"['T-Shirts', 'Polo Shirts', 'Polar Fleece']",1440000.0,Very Large,30,1.7073170731707317,7024.390243902439,3,0,0,0,0,0,0
M.N. Clothing Ltd.,Woven,5.0,900.0,420,90000.0,"Shirts ,Dresses ,Shorts","516/590, Cornel Jones, Chittagong, Pahartoli",Chittagong,Pahartoli,2007,"['Shirts', 'Dresses', 'Shorts']",1080000.0,Very Large,18,2.142857142857143,2571.4285714285716,3,0,0,0,0,0,0
"M.N. Dyeing, Printing & Washing Mills Limited",Knit,1.0,2350.0,100,165000.0,"T-Shirt ,Polo Shirt","Baniarchala, Bhabanipur, Gazipur Sadar, Gazipur, Gazipur",Gazipur,Gazipur,2022,"['T-Shirt', 'Polo Shirt']",1980000.0,Very Large,3,23.5,19800.0,2,1,0,0,0,1,0
M.N. Garments Ltd.,Woven,5.0,381.0,140,50000.0,"Shirts ,Dresses ,Trousers ,Shorts","754, Uttar Agrabad, D.T. Road, Chittagong, Monsurabad",Chittagong,Monsurabad,1984,"['Shirts', 'Dresses', 'Trousers', 'Shorts']",600000.0,Large,41,2.7214285714285715,4285.714285714285,4,0,0,0,0,0,0
M.N. Knitwears Ltd.,Woven,5.0,725.0,290,70000.0,"Shirts ,Trousers ,Shorts ,Dresses","201/A, M.N. Plaza, Rampur, Eidgah, Dt Road, Chittagong, Eidgah",Chittagong,Eidgah,1999,"['Shirts', 'Trousers', 'Shorts', 'Dresses']",840000.0,Large,26,2.5,2896.551724137931,4,0,0,0,0,0,0
M.P. Sweaters Ltd.,Sweater,5.0,650.0,874,160000.0,"Sweaters ,Jumpers ,Maflers ,Trouser","Kashimpur, Gazipur, Barenda",Gazipur,Barenda,2006,"['Sweaters', 'Jumpers', 'Maflers', 'Trouser']",1920000.0,Very Large,19,0.7437070938215103,2196.796338672769,4,0,0,0,0,0,0
M.R. Sweater Composite Ltd.,Sweater,5.0,409.0,400,0.0,Sweaters,"Hariharpara, Enayetnagar, Narayanganj, Dhaka",Narayanganj,Dhaka,2004,['Sweaters'],0.0,,21,1.0225,0.0,1,0,0,0,0,0,0
M.R.M Apparel,Woven,1.0,1.0,120,100000.0,"Shirt ,Pant ,T-shirt ,Polo Shirt","68/Xy, Fouzderhat Heavy I/A, Sagorika Road, Pahartoli, Chittagong, Chittagong",Chittagong,Chittagong,2023,"['Shirt', 'Pant', 'T-shirt', 'Polo Shirt']",1200000.0,Very Large,2,0.008333333333333333,10000.0,4,0,1,0,0,1,0
M.S. Dyeing Printing & Finishing Ltd.,Knit,5.0,2000.0,400,1800000.0,"T-Shirts ,Polo Shirts","Plot # B-237, B-252, B-260-273, Bscic I/A, Enayetnagar, Narayanganj, Fatullah",Narayanganj,Fatullah,2014,"['T-Shirts', 'Polo Shirts']",21600000.0,Very Large,11,5.0,54000.0,2,0,0,0,0,0,0
M.S. Wearing Apparels Ltd.,Knit,5.0,189.0,203,40000.0,"T-Shirts ,Trousers","74, Agrabad C/A, Chittagong","74, Agrabad C/A,",Chittagong,1996,"['T-Shirts', 'Trousers']",480000.0,Large,29,0.9310344827586207,2364.5320197044334,2,0,0,0,0,0,0
M.T. Sweaters Ltd.,Sweater,5.0,0.0,214,0.0,Pullovers,"Plot # 1703, Gacha, Gazipur, Gazipur Sadar",Gazipur,Gazipur Sadar,2001,['Pullovers'],0.0,,24,0.0,0.0,1,0,0,0,0,0,0
M.T.S Fashion Club,Woven,1.0,1.0,69,77500.0,"Shirt ,Pant ,T-Shirt ,Polo Shirt","Holding No # 146, Block # A, Road # 3, Siddirgonj, Narayanganj, Narayangonj",Narayanganj,Narayangonj,2023,"['Shirt', 'Pant', 'T-Shirt', 'Polo Shirt']",930000.0,Large,2,0.014492753623188406,13478.260869565218,4,1,1,0,0,1,0
M2M (CEPZ) Limited,Knit,5.0,313.0,200,960000.0,"Jackets ,Trousers ,T-Shirts ,Polo Shirts","Plot # 8-9, Sector # 2/A, Chittagong, Cepz",Chittagong,Cepz,2011,"['Jackets', 'Trousers', 'T-Shirts', 'Polo Shirts']",11520000.0,Very Large,14,1.565,57600.0,4,0,0,0,0,0,0
Ma. J&J Ltd.,Woven,1.0,0.0,0,0.0,"Shirt ,Pant ,Jacket","A.T.M. Complex, South Burishchar, Dhoppole, Hathazari, Chittagong, Chittagong",Chittagong,Chittagong,2021,"['Shirt', 'Pant', 'Jacket']",0.0,,4,0.0,0.0,3,0,1,0,1,0,0
Maa Composite Ltd.,Knit,5.0,131.0,250,2028000.0,"T-Shirts ,Pants","Plot # 102-104, Adamjee Epz, Adamjeenagar, Narayanganj, Shiddirganj",Narayanganj,Shiddirganj,2013,"['T-Shirts', 'Pants']",24336000.0,Very Large,12,0.524,97344.0,2,0,0,1,0,0,0
Maaa Apparels Ltd.,Sweater,5.0,525.0,450,37500.0,Sweater,"Plot # 1187, 1214-15, Gacha Road, Gacha Maddapara, Gazipur, Gazipur Sadar",Gazipur,Gazipur Sadar,2016,['Sweater'],450000.0,Large,9,1.1666666666666667,1000.0,1,0,0,0,0,0,1
Mac-Tex Inds. Ltd.,Knit,5.0,415.0,163,55000.0,"Jackets ,Trousers ,T-Shirts ,Polo Shirts","Dcc, 82 Ibrahimpur (2Nd & 3Rd Floor), Kafrul, Dhaka, Cantonment",Dhaka,Cantonment,2006,"['Jackets', 'Trousers', 'T-Shirts', 'Polo Shirts']",660000.0,Large,19,2.5460122699386503,4049.079754601227,4,0,0,0,0,0,0
MACK Shirts Ltd.,Woven,5.0,1500.0,463,218400.0,Shirts,"135-138, Abdullahpur (4Th Fl), Dhaka, Uttara",Dhaka,Uttara,2012,['Shirts'],2620800.0,Very Large,13,3.239740820734341,5660.475161987041,1,0,0,0,0,0,0
Macys Fashions Ltd.,Woven,5.0,300.0,179,0.0,"Shirts ,Trousers ,Infants Wear","Khilkhet Super Market (7Th Floor), B-34/Ka, Khilkhet, Dhaka","Khilkhet Super Market (7Th Floor), B-34/Ka, Khilkhet",Dhaka,1998,"['Shirts', 'Trousers', 'Infants Wear']",0.0,,27,1.675977653631285,0.0,3,0,0,0,0,0,0
Madany Fashion Wear Ltd.,Knit,5.0,264.0,144,193140.0,"t-Shirts ,Polo Shirts","Madany Super Market, Hemayetpur Bus Stand, Hemayetpur, Dhaka, Dhaka",Dhaka,Dhaka,2014,"['t-Shirts', 'Polo Shirts']",2317680.0,Very Large,11,1.8333333333333333,16095.0,2,0,0,0,0,0,0
Madaripur Garments Ltd.,Woven,1.0,200.0,180,10400.0,"Shirt ,Pant ,Jacket ,Trouser","East Baghbari, Word # 05, Kashimpur, Gazipur Sadar, Dhaka, Dhaka",Dhaka,Dhaka,2021,"['Shirt', 'Pant', 'Jacket', 'Trouser']",124800.0,Large,4,1.1111111111111112,693.3333333333334,4,0,1,0,1,0,0
Madina Establishments Ltd.,Woven,5.0,200.0,80,24000.0,"Shirts ,Jackets ,Pants","687, South Agrabad, Road # 20, Chittagong, Cda R/A",Chittagong,Cda R/A,1994,"['Shirts', 'Jackets', 'Pants']",288000.0,Large,31,2.5,3600.0,3,0,0,1,0,0,0
Madina Fashion & DESIGN,Woven,1.0,1.0,99,240000.0,"Shirt ,Pant ,Jacket ,trouser","144/1 Nababer Bag, Sahaali, Mirpur-1, Dhaka, Dhaka",Dhaka,Dhaka,2022,"['Shirt', 'Pant', 'Jacket', 'trouser']",2880000.0,Very Large,3,0.010101010101010102,29090.909090909092,4,0,1,0,1,0,0
Madina Garments Ltd.,Woven,5.0,100.0,156,50000.0,"Shirts ,Padded Jackets ,Pants","Word # 3, Noyahat, Paclaish, Chittagong, Baizid",Chittagong,Baizid,1984,"['Shirts', 'Padded Jackets', 'Pants']",600000.0,Large,41,0.6410256410256411,3846.153846153846,3,0,0,1,0,0,0
Madinaple Fashions Craft Ltd.,Sweater,5.0,1500.0,1200,140000.0,"Sweaters ,Pullovers","Ward # 7, Holding # E-44/1, Chandura, Gazipur, Kaliakoir",Gazipur,Kaliakoir,2004,"['Sweaters', 'Pullovers']",1680000.0,Very Large,21,1.25,1400.0,2,0,0,0,0,0,0
Magic Sweater Ltd.,Sweater,1.0,0.0,210,120000.0,Unknown,"Bashati, Khamargao, Chandipasha, Nandail, Mymensingh, Mymensingh, Mymensingh",Mymensingh,Mymensingh,2021,[],1440000.0,Very Large,4,0.0,6857.142857142857,0,0,0,0,0,0,0
Maggie & Liz Corporation (Pvt.) Ltd.,Knit,5.0,400.0,203,60000.0,"Trousers ,Pants ,Briefs ,T-Shirts","864, Noor Ahmad Road, Metropole Building (3Rd Floor), Chittagong, Kotawali",Chittagong,Kotawali,1991,"['Trousers', 'Pants', 'Briefs', 'T-Shirts']",720000.0,Large,34,1.9704433497536946,3546.7980295566504,4,0,0,1,0,0,0
Magic Sweater Ltd.,Sweater,1.0,0.0,210,120000.0,Unknown,"Bashati, Khamargao, Chandipasha, Nandail, Mymensingh, Mymensingh, Mymensingh",Mymensingh,Mymensingh,2021,[],1440000.0,Very Large,4,0.0,6857.142857142857,0,0,0,0,0,0,0
Magpie Composite Textile Ltd.,Knit,5.0,1648.0,975,75840.0,"Gray Fabric ,Dyeing ,Garments","832/833, Dewan Edris Road, Amtala, Kathgara, Ashulia, Savar, Dhaka, Dhaka",Dhaka,Dhaka,2007,"['Gray Fabric', 'Dyeing', 'Garments']",910080.0,Large,18,1.6902564102564102,933.4153846153846,3,0,0,0,0,0,0
Magpie Knit Wear Ltd.,Sweater,5.0,1800.0,800,41666.0,"Knitting ,Linking ,Trimming Mending","141, Yarpur, Zirabo, Dhaka, Dhaka",Dhaka,Dhaka,2003,"['Knitting', 'Linking', 'Trimming Mending']",499992.0,Large,22,2.25,624.99,3,0,0,0,0,0,0
Mahadi Fashion (Pvt) Ltd.,Woven,5.0,850.0,200,13000.0,"Shirts ,Pants","Bashugaon, Pubail, Gazipur, Gazipur Sadar",Gazipur,Gazipur Sadar,2013,"['Shirts', 'Pants']",156000.0,Large,12,4.25,780.0,2,0,0,1,0,0,0
Mahboob Apparels Ltd.,Sweater,5.0,0.0,0,0.0,Sweaters,"Kondolbag, Pukur Para, Ashulia, Dhaka, Savar",Dhaka,Savar,2008,['Sweaters'],0.0,,17,0.0,0.0,1,0,0,0,0,0,0
Mahbub Knit Fashion Ltd.,Knit,5.0,130.0,42,90000.0,"Knit Items ,Shorts","476/A & B, Dit Road, Dhaka, Malibagh",Dhaka,Malibagh,2001,"['Knit Items', 'Shorts']",1080000.0,Very Large,24,3.0952380952380953,25714.285714285714,2,0,0,0,0,0,0
Mahdeen Sweaters Ltd.,Sweater,5.0,4500.0,2300,300000.0,"Sweaters ,Pullovers ,Cardigans","Jamidia, Mymensingh, Valuka",Mymensingh,Valuka,2007,"['Sweaters', 'Pullovers', 'Cardigans']",3600000.0,Very Large,18,1.9565217391304348,1565.2173913043478,3,0,0,0,0,0,0
Mahdi Knit Design Ltd.,Knit,5.0,210.0,127,200000.0,"T-Shirts ,Polo Shirts","Aminul Complex, Zirabo, Ashulia, Dhaka, Savar",Dhaka,Savar,2014,"['T-Shirts', 'Polo Shirts']",2400000.0,Very Large,11,1.6535433070866141,18897.63779527559,2,0,0,0,0,0,0
Mahee Intimates Ltd.,Woven,1.0,1712.0,0,0.0,Unknown,"Epz Road, Zirabo, Ashulia, Dhaka, Dhaka, Dhaka",Dhaka,Dhaka,2021,[],0.0,,4,0.0,0.0,0,0,0,0,0,0,0
Mahid Apparel Ltd.,Knit,5.0,711.0,390,75000.0,"Shirts ,Pants ,T-Shirt ,Polo-Shirt","Nowapara, Madhabdi, Narsingdi, Narinda",Narsingdi,Narinda,2013,"['Shirts', 'Pants', 'T-Shirt', 'Polo-Shirt']",900000.0,Large,12,1.823076923076923,2307.6923076923076,4,1,0,1,0,0,0
Mahid Expo Int'l Tex Ltd.,Knit,5.0,230.0,208,4000.0,"T-Shirts ,Polo Shirts","Nowpara, Narsingdi, Madhabdi",Narsingdi,Madhabdi,2014,"['T-Shirts', 'Polo Shirts']",48000.0,Medium,11,1.1057692307692308,230.76923076923077,2,0,0,0,0,0,0
Mahin Apparels Ltd.,Woven,5.0,1125.0,612,292000.0,"Overalls ,Trousers ,Jackets","Plot # 4, Road # 7, Block - C, Section # 6, Dhaka, Mirpur",Dhaka,Mirpur,1992,"['Overalls', 'Trousers', 'Jackets']",3504000.0,Very Large,33,1.838235294117647,5725.490196078431,3,0,0,0,0,0,0
Mahmud Jeans Ltd.,Woven,5.0,0.0,173,266880.0,"Shirts ,Trousers","Hortokitala, Chandra, Gazipur, Kaliakoir",Gazipur,Kaliakoir,2008,"['Shirts', 'Trousers']",3202560.0,Very Large,17,0.0,18511.907514450868,2,0,0,0,0,0,0
Mahmuda Attires Ltd.,Woven,5.0,1000.0,1293,2000000.0,"Shirts ,Pants ,T-Shirts ,Polo Shirts","Balitha, Sutipara, Dhaka, Dhaka",Dhaka,Dhaka,2015,"['Shirts', 'Pants', 'T-Shirts', 'Polo Shirts']",24000000.0,Very Large,10,0.7733952049497294,18561.484918793503,4,0,0,1,0,0,0
Maisha Fashions,Knit,1.0,300.0,100,10000.0,"T-Shirt ,Polo Shirt","Gouripur, Ashulia, Savar, Dhaka, Dhaka",Dhaka,Dhaka,2021,"['T-Shirt', 'Polo Shirt']",120000.0,Large,4,3.0,1200.0,2,1,0,0,0,1,0
Maisha Mim Apparels Ltd.,Woven,1.0,1000.0,500,700000.0,Unknown,"46/1, Boro Dewra, Badam Road, Tongi West Thana, Gazipur, Gazipur",Gazipur,Gazipur,2021,[],8400000.0,Very Large,4,2.0,16800.0,0,0,0,0,0,0,0
Majumder Apparels Ltd.,Woven,5.0,566.0,242,117000.0,"Shirts ,Ladies Shirts ,Infants Wear","Kunia (4Th Floor), K.B. Bazar, Gazipur, Gazipur Sadar",Gazipur,Gazipur Sadar,1992,"['Shirts', 'Ladies Shirts', 'Infants Wear']",1404000.0,Very Large,33,2.3388429752066116,5801.652892561983,3,0,0,0,0,0,0
Majumder Fashions Ltd.,Woven,5.0,520.0,317,150000.0,"Trousers ,Jeans ,Jackets","Mouza-Kunia, K.B. Bazar, Gazipur, Gazipur Sadar",Gazipur,Gazipur Sadar,2006,"['Trousers', 'Jeans', 'Jackets']",1800000.0,Very Large,19,1.640378548895899,5678.233438485804,3,0,0,0,0,0,0
Majumder Garments Ltd.,Woven,5.0,791.0,400,182000.0,"Shirts ,Ladies Shirts ,Infant Wears","Majumder Center, 113/1, Mudafa, Pachimpara, Gazipur, Tongi",Gazipur,Tongi,1984,"['Shirts', 'Ladies Shirts', 'Infant Wears']",2184000.0,Very Large,41,1.9775,5460.0,3,0,0,0,0,0,0
Maks Fashion Ltd.,Knit,5.0,360.0,260,450000.0,"T-Shirts ,Panties ,Cami ,Bra","1, Kapashgola Road, Chawk Bazar, Chittagong, Panchlaish",Chittagong,Panchlaish,1990,"['T-Shirts', 'Panties', 'Cami', 'Bra']",5400000.0,Very Large,35,1.3846153846153846,20769.23076923077,4,0,0,0,0,0,0
Mallick Fabrics Ltd.,Knit,5.0,675.0,443,935000.0,"t-Shirts ,Polo Shirts","246, Nayapara, Kashimpur, Gazipur, Konabari",Gazipur,Konabari,2015,"['t-Shirts', 'Polo Shirts']",11220000.0,Very Large,10,1.5237020316027088,25327.313769751694,2,0,0,0,0,0,0
Mam Apparel & Textiles Ltd.,Knit,5.0,190.0,73,1030000.0,"Panties ,Briefs ,Boxers ,Shirts","Pranhoridas Road, Loharpool, Saraypara, Chittagong, Pahartali",Chittagong,Pahartali,2006,"['Panties', 'Briefs', 'Boxers', 'Shirts']",12360000.0,Very Large,19,2.6027397260273974,169315.0684931507,4,0,0,0,0,0,0
MAM Garments Ltd.,Woven,5.0,430.0,205,60000.0,"Shirts ,Pants ,Trousers ,Shorts","4, Tayabpur, Nichintapur,, Zirabo, Dhaka, Savar",Dhaka,Savar,1993,"['Shirts', 'Pants', 'Trousers', 'Shorts']",720000.0,Large,32,2.097560975609756,3512.1951219512193,4,0,0,1,0,0,0
Mam Knit Inds. Ltd.,Knit,5.0,325.0,125,150000.0,"T-Shirts ,Polo Shirts ,Shorts ,Tank Tops","102, Auch Para, Gazipur, Tongi",Gazipur,Tongi,2006,"['T-Shirts', 'Polo Shirts', 'Shorts', 'Tank Tops']",1800000.0,Very Large,19,2.6,14400.0,4,0,0,0,0,0,0
Mamun Knitwear Ltd.,Knit,5.0,0.0,256,0.0,"Shirts ,Pants","Ambagh Road, Konabari, Gazipur, Nilanagar",Gazipur,Nilanagar,2013,"['Shirts', 'Pants']",0.0,,12,0.0,0.0,2,0,0,1,0,0,0
Manali Jeans Ltd.,Woven,5.0,240.0,159,65000.0,"Shirts ,Pants","Samsul Haque Tower, Kunia, Targas, Gazipur, Gazipur Sadar",Gazipur,Gazipur Sadar,2016,"['Shirts', 'Pants']",780000.0,Large,9,1.509433962264151,4905.66037735849,2,0,0,1,0,0,0
Manami Fashions Ltd.,Knit,5.0,418.0,200,300000.0,"T-Shirts ,Polo Shirts ,Hooded Sweat","Kabirpur, Ashulia, Savar, Dhaka, Dhaka, Dhaka",Dhaka,Dhaka,2008,"['T-Shirts', 'Polo Shirts', 'Hooded Sweat']",3600000.0,Very Large,17,2.09,18000.0,3,0,0,0,0,0,0
Mane Clothing Ltd.,Woven,5.0,250.0,110,16000.0,"Shirts ,Pants","Kelia, Dhamrai-1350, Dhamrai, Dhaka, Dhaka",Dhaka,Dhaka,2015,"['Shirts', 'Pants']",192000.0,Large,10,2.272727272727273,1745.4545454545455,2,0,0,1,0,0,0
Manel Fashion Ltd.,Knit,5.0,218.0,160,625000.0,"Shirts ,Pants ,T-Shirts ,Polo Shirts","Cb-4/1, Siraj Market (3Rd-5Th Floor), Kachukhet, Dhaka, Cantonment",Dhaka,Cantonment,2014,"['Shirts', 'Pants', 'T-Shirts', 'Polo Shirts']",7500000.0,Very Large,11,1.3625,46875.0,4,0,0,1,0,0,0
Mango Knit Composite Ltd.,Knit,5.0,410.0,158,100000.0,"T-Shirts ,Polo Shirts","2 No, Sujat Nagar, Sujat Plaza, Dhaka, Mirpur-12",Dhaka,Mirpur-12,2014,"['T-Shirts', 'Polo Shirts']",1200000.0,Very Large,11,2.5949367088607596,7594.93670886076,2,0,0,0,0,0,0
Mango Tex,Knit,1.0,1.0,403,10000000.0,"T-Shirt ,Polo Shirt","Hossain Plaza-2, Tongabari, Ashulia, Savar, Dhaka, Dhaka",Dhaka,Dhaka,2022,"['T-Shirt', 'Polo Shirt']",120000000.0,Very Large,3,0.0024813895781637717,297766.7493796526,2,1,0,0,0,1,0
Mans Attires Ltd.,Knit,5.0,300.0,130,300000.0,"T-Shirts ,Polo Shirts","A-87, Bscic I/E, Narayanganj, Fatullah",Narayanganj,Fatullah,2014,"['T-Shirts', 'Polo Shirts']",3600000.0,Very Large,11,2.3076923076923075,27692.30769230769,2,0,0,0,0,0,0
Mansheen Co. (BD) Limited.,Knit,5.0,567.0,235,96000.0,"Shorts ,Pajama Sets ,Polo Shirts ,Dusters","Cha-72/1/C, Progati Sarani, North Badda, Dhaka, Gulshan",Dhaka,Gulshan,1995,"['Shorts', 'Pajama Sets', 'Polo Shirts', 'Dusters']",1152000.0,Very Large,30,2.4127659574468083,4902.127659574468,4,0,0,0,0,0,0
Manta Apparels Ltd.,Knit,5.0,2400.0,1050,50000.0,"Shirts ,Jackets ,Trousers","Zamgara, Yearpur, Dhaka, Savar",Dhaka,Savar,2004,"['Shirts', 'Jackets', 'Trousers']",600000.0,Large,21,2.2857142857142856,571.4285714285714,3,0,0,0,0,0,0
Mantrust Fashion Ltd.,Woven,5.0,920.0,390,250000.0,"Shirts ,Blouses ,Pajama","20/1-A, Shataish (3Rd Floor), Gazipur, Tongi",Gazipur,Tongi,1992,"['Shirts', 'Blouses', 'Pajama']",3000000.0,Very Large,33,2.358974358974359,7692.307692307692,3,0,0,0,0,0,0
Mantrust Sweater Ltd.,Sweater,5.0,1200.0,800,150000.0,"Ladies Sweaters ,Pullovers ,Cardigans","Mantrust Industrial Complex, Vogra, Gazipur, Chandana",Gazipur,Chandana,2000,"['Ladies Sweaters', 'Pullovers', 'Cardigans']",1800000.0,Very Large,25,1.5,2250.0,3,0,0,0,0,0,0
Manvill Styles Ltd.,Knit,5.0,885.0,330,180000.0,"Shirts ,T-Shirts ,Polo Shirts","728, South Shampur, Hemayetpur, Dhaka, Savar",Dhaka,Savar,2010,"['Shirts', 'T-Shirts', 'Polo Shirts']",2160000.0,Very Large,15,2.6818181818181817,6545.454545454545,3,0,0,0,0,0,0
Map Knitwear Ltd.,Knit,5.0,120.0,80,100000.0,"T-Shirts ,Polo Shirts","House # 2, Road # 1, Block # A, West Vatara, Dhaka, Gulshan",Dhaka,Gulshan,2015,"['T-Shirts', 'Polo Shirts']",1200000.0,Very Large,10,1.5,15000.0,2,0,0,0,0,0,0
Marigold Knittex Ltd.,Woven,1.0,4.0,387,1612000.0,"Shirt ,Pant ,Jacket ,T-Shirt","Akran, Birulia, Savar, Dhaka, Dhaka",Dhaka,Dhaka,2022,"['Shirt', 'Pant', 'Jacket', 'T-Shirt']",19344000.0,Very Large,3,0.0103359173126615,49984.49612403101,4,1,1,0,1,0,0
Marina Apparels Ltd.,Woven,5.0,1750.0,500,408000.0,"Jackets ,T-Shirts ,Pants","Plot # 746, Edrakpur, Narayanganj, Fatullah",Narayanganj,Fatullah,2002,"['Jackets', 'T-Shirts', 'Pants']",4896000.0,Very Large,23,3.5,9792.0,3,0,0,1,0,0,0
Maritime Bags Ltd.,Woven,5.0,460.0,266,125000.0,"Children Wears ,Pants ,Tops","37, Hemayetpur, Dhaka, Savar",Dhaka,Savar,1993,"['Children Wears', 'Pants', 'Tops']",1500000.0,Very Large,32,1.7293233082706767,5639.097744360903,3,0,0,1,0,0,0
Mark 2000 Ltd.,Woven,5.0,377.0,359,8500.0,"Mens Pant ,Boys Pant ,Ladies Pant ,Jacket","Plot # 12 & 13, Dhaka, Dhaka",Dhaka,Dhaka,2000,"['Mens Pant', 'Boys Pant', 'Ladies Pant', 'Jacket']",102000.0,Large,25,1.0501392757660166,284.1225626740947,4,0,0,0,1,0,0
Mark Designers Ltd.,Woven,5.0,728.0,231,100000.0,"Jackets ,Pants","Plot # 22, Road # 4, Section # 7, Dhaka, Mirpur",Dhaka,Mirpur,1996,"['Jackets', 'Pants']",1200000.0,Very Large,29,3.1515151515151514,5194.805194805195,2,0,0,1,0,0,0
Mark Fashion Wear (Pvt.) Ltd. (U-2),Knit,5.0,480.0,446,130000.0,"Shirts ,T-Shirts ,Shorts ,Trousers","3520/A, Kalurghat Road, Chittagong, Chandgaon",Chittagong,Chandgaon,1991,"['Shirts', 'T-Shirts', 'Shorts', 'Trousers']",1560000.0,Very Large,34,1.0762331838565022,3497.7578475336322,4,0,0,0,0,0,0
Mark Fashion Wear (Pvt). Ltd.,Knit,5.0,330.0,314,60000.0,"Shirts ,Ladies Blouses ,Pants ,T-Shirts","320, Old Church Compound, Chittagong, Laldighi",Chittagong,Laldighi,1985,"['Shirts', 'Ladies Blouses', 'Pants', 'T-Shirts']",720000.0,Large,40,1.0509554140127388,2292.9936305732485,4,0,0,1,0,0,0
Mark Garments Inds. Ltd.,Woven,5.0,175.0,110,37000.0,"Shirts ,Pants","342, Tongi Diversion Road, Dhaka, Mogbazar",Dhaka,Mogbazar,1985,"['Shirts', 'Pants']",444000.0,Large,40,1.5909090909090908,4036.3636363636365,2,0,0,1,0,0,0
Mark Limited,Woven,5.0,115.0,53,30000.0,"Shirts ,Pants ,Skirts ,Jackets","B.K. Bari, Taltoli, Mirzapur Bazar, Gazipur Sadar, Gazipur",Gazipur Sadar,Gazipur,2005,"['Shirts', 'Pants', 'Skirts', 'Jackets']",360000.0,Large,20,2.169811320754717,6792.452830188679,4,0,0,1,0,0,0
Mark Mode Ltd.,Woven,5.0,750.0,320,188000.0,"Shirts ,Blouses ,Uniforms ,Skirts","20/1-A, Shataish (3Rd Floor), Gazipura, Gazipur, Tongi",Gazipur,Tongi,2007,"['Shirts', 'Blouses', 'Uniforms', 'Skirts']",2256000.0,Very Large,18,2.34375,7050.0,4,0,0,0,0,0,0
Mark Sweater Ltd.,Sweater,5.0,1160.0,520,60000.0,Sweaters,"Nayapara, Gazipur, Kashimpur",Gazipur,Kashimpur,2002,['Sweaters'],720000.0,Large,23,2.230769230769231,1384.6153846153845,1,0,0,0,0,0,0
Mark Wear Ltd.,Woven,5.0,1108.0,739,17000.0,"Mens Pant ,Boys Pant ,Ladies Pant ,Jacket","136/9, Dakhinkhan,, Dhirajram, Gazipur, Gazipur",Gazipur,Gazipur,2014,"['Mens Pant', 'Boys Pant', 'Ladies Pant', 'Jacket']",204000.0,Large,11,1.4993234100135318,276.0487144790257,4,0,0,0,1,0,0
MARMA Composite Ltd.,Knit,1.0,5.0,750,2000000.0,"T-Shirt ,Polo Shirt","Tongabari, Ashulia, Savar, Dhaka, Dhaka",Dhaka,Dhaka,2023,"['T-Shirt', 'Polo Shirt']",24000000.0,Very Large,2,0.006666666666666667,32000.0,2,1,0,0,0,1,0
Marquee Manufacturers Ltd.,Woven,1.0,400.0,190,169000.0,"Shirt ,Pant ,T-Shirt ,Polo Shirt","Holding # 05, Samair, Birulia, Savar, Dhaka, Dhaka",Dhaka,Dhaka,2022,"['Shirt', 'Pant', 'T-Shirt', 'Polo Shirt']",2028000.0,Very Large,3,2.1052631578947367,10673.684210526315,4,1,1,0,0,1,0
Mars Apparels Ltd.,Knit,5.0,950.0,416,70000.0,"Sports Bra ,Panties ,Athletic Wears","64, Nasirabad I/A, Bazid Bostami Road, Chittagong, Chittagong",Chittagong,Chittagong,1994,"['Sports Bra', 'Panties', 'Athletic Wears']",840000.0,Large,31,2.2836538461538463,2019.2307692307693,3,0,0,0,0,0,0
MARS Design Ltd.,Woven,5.0,400.0,212,83000.0,"Shirts ,Pants","195/919, Purbohaty Road (Natunpara), Hemayetpur, Dhaka, Savar",Dhaka,Savar,2014,"['Shirts', 'Pants']",996000.0,Large,11,1.8867924528301887,4698.11320754717,2,0,0,1,0,0,0
Mars Sportswear Ltd.,Knit,5.0,1200.0,780,2000000.0,"Sports Bra ,Panty ,Leggins ,Tank Top","Plot # 15 & 16, Sector # 1, Chittagong, Chittagong",Chittagong,Chittagong,2011,"['Sports Bra', 'Panty', 'Leggins', 'Tank Top']",24000000.0,Very Large,14,1.5384615384615385,30769.23076923077,4,0,0,0,0,0,0
MARS Stitch Ltd.,Woven,5.0,1750.0,950,360000.0,"Jackets ,Trousers ,Bottom","1/E, Nyemuddin Mollah Road, Auchpara, Gazipur, Tongi",Gazipur,Tongi,2007,"['Jackets', 'Trousers', 'Bottom']",4320000.0,Very Large,18,1.8421052631578947,4547.368421052632,3,0,0,0,0,0,0
Marshaa Ltd.,Knit,5.0,0.0,0,0.0,"Jackets ,Jogging Suits ,Borka ,Pants","593, Khilgaon, Dhaka, Khilgaon",Dhaka,Khilgaon,2002,"['Jackets', 'Jogging Suits', 'Borka', 'Pants']",0.0,,23,0.0,0.0,4,0,0,1,0,0,0
Martin Knit-Wear Ltd.,Knit,5.0,800.0,235,60000.0,"T-Shirts ,Polo Shirts ,Sweat Shirts","74/75 Bscic Hosiery Inds. Estate, Shasangaon, Narayanganj, Fatullah",Narayanganj,Fatullah,2002,"['T-Shirts', 'Polo Shirts', 'Sweat Shirts']",720000.0,Large,23,3.404255319148936,3063.8297872340427,3,0,0,0,0,0,0
Maruhisa Pacific Co. Ltd.,Knit,5.0,2440.0,1057,9600000.0,"T-Shirts ,Polo Shirts ,Trousers ,Shorts","Plot # 118-121, Adamjee Epz, Narayanganj, Siddirganj",Narayanganj,Siddirganj,2010,"['T-Shirts', 'Polo Shirts', 'Trousers', 'Shorts']",115200000.0,Very Large,15,2.3084200567644277,108987.70104068118,4,0,0,0,0,0,0
Marvelous Sweaters Ltd.,Sweater,5.0,180.0,180,45000.0,Sweaters,"688, Hossain Market, Gazipur, Tongi",Gazipur,Tongi,2011,['Sweaters'],540000.0,Large,14,1.0,3000.0,1,0,0,0,0,0,0
Mas Trade Int'l. Garments Ltd.,Woven,5.0,1390.0,595,90000.0,"Pants ,Trousers ,Shorts ,Tops","Helal Complex (4Th & 5Th Fl), Plot # 72, Moghar Khal, National University, Gazipur","Helal Complex (4Th & 5Th Fl), Plot # 72, Moghar Khal, National University",Gazipur,1992,"['Pants', 'Trousers', 'Shorts', 'Tops']",1080000.0,Very Large,33,2.3361344537815127,1815.126050420168,4,0,0,1,0,0,0
Masaha Knitting And Dyeing Inds. Ltd.,Knit,5.0,510.0,350,900000.0,Knit Items,"Plot # C173, B-181, 182, 192, Bscic I/A, Gazipur, Tongi",Gazipur,Tongi,1998,['Knit Items'],10800000.0,Very Large,27,1.457142857142857,30857.14285714286,1,0,0,0,0,0,0
Masco Cottons Ltd.,Knit,5.0,2067.0,876,1200000.0,"T-Shirts ,Polo - Shirts","221, 225 Khartail, Shataish Road, Gazipur, Tongi",Gazipur,Tongi,2013,"['T-Shirts', 'Polo - Shirts']",14400000.0,Very Large,12,2.3595890410958904,16438.35616438356,2,0,0,0,0,0,0
Masco Exports Ltd.,Knit,5.0,219.0,15,3120000.0,"T-Shirts ,Polo Shirts","Baghata, Narsingdi, Palbari",Narsingdi,Palbari,2015,"['T-Shirts', 'Polo Shirts']",37440000.0,Very Large,10,14.6,2496000.0,2,0,0,0,0,0,0
Masco Inds. Ltd. (Composite Unit),Knit,5.0,1451.0,672,8500000.0,"T-Shirts ,Polo Shirts ,Legging ,Tank Tops","221-223, Khartail, Sataish Road, Gazipur, Tongi",Gazipur,Tongi,2007,"['T-Shirts', 'Polo Shirts', 'Legging', 'Tank Tops']",102000000.0,Very Large,18,2.1592261904761907,151785.7142857143,4,0,0,0,0,0,0
Masco Industries Ltd.,Knit,5.0,719.0,300,540000.0,"T-Shirts ,Polo Shirts ,Tank Top ,Legging","22, Sataish Road, Gazipura, Gazipur, Tongi",Gazipur,Tongi,2000,"['T-Shirts', 'Polo Shirts', 'Tank Top', 'Legging']",6480000.0,Very Large,25,2.3966666666666665,21600.0,4,0,0,0,0,0,0
Mascot Apparel Ltd.,Woven,5.0,988.0,450,150000.0,"Shorts ,Trousers","146, Zirobo, Dewan Idris Road, Ashulia, Dhaka, Savar",Dhaka,Savar,1992,"['Shorts', 'Trousers']",1800000.0,Very Large,33,2.1955555555555555,4000.0,2,0,0,0,0,0,0
Mascot Fashions Ltd.,Woven,5.0,876.0,426,120000.0,"Shirts ,Blouses","146, Zirabo (Basement, 2Nd & 4Th Floor), Dewan Idris Road, Yerpur, Ashulia, Dhaka, Savar",Dhaka,Savar,1990,"['Shirts', 'Blouses']",1440000.0,Very Large,35,2.056338028169014,3380.281690140845,2,0,0,0,0,0,0
Mascot Garments Ltd.,Woven,5.0,763.0,425,144000.0,"Shorts ,Trousers","146, Zirabo (2Nd Floor), Dewan Idris Road, Yearpur, Ashulia, Dhaka, Savar",Dhaka,Savar,1984,"['Shorts', 'Trousers']",1728000.0,Very Large,41,1.795294117647059,4065.8823529411766,2,0,0,0,0,0,0
Mascot Knits Ltd.,Knit,5.0,582.0,252,270000.0,"T-Shirts ,Polo Shirts ,Night Wears ,Fleece Shirts","146, Zirabo, Dewan Idris Road, Union Yarpur, Ashulia, Dhaka, Savar",Dhaka,Savar,2006,"['T-Shirts', 'Polo Shirts', 'Night Wears', 'Fleece Shirts']",3240000.0,Very Large,19,2.3095238095238093,12857.142857142857,4,0,0,0,0,0,0
Mascotex Ltd.,Knit,5.0,1560.0,866,11000000.0,"T-Shirts ,Polo Shirts ,Legging ,Tank Tops","Mannan Mansion (4Th - 5Th Floor), 31/32, Khartail, Sataish Road, Gazipur, Tongi",Gazipur,Tongi,2009,"['T-Shirts', 'Polo Shirts', 'Legging', 'Tank Tops']",132000000.0,Very Large,16,1.8013856812933025,152424.94226327946,4,0,0,0,0,0,0
Mashallah Knit Fashion,Knit,5.0,130.0,101,31200.0,"T-Shirts ,Polo Shirts ,Sweater","B-6,7 (Part), Bscic Industrial Estate, Gazipur, Konabari",Gazipur,Konabari,2014,"['T-Shirts', 'Polo Shirts', 'Sweater']",374400.0,Large,11,1.2871287128712872,3706.930693069307,3,0,0,0,0,0,1
Masihata Sweaters Ltd.,Sweater,5.0,0.0,550,0.0,Sweaters,"South Panishail (Opposite Bksp), Gazipur, Gazipur Sadar",Gazipur,Gazipur Sadar,2003,['Sweaters'],0.0,,22,0.0,0.0,1,0,0,0,0,0,0
Maska Sweater Ltd.,Sweater,5.0,1500.0,1050,350000.0,Sweaters,"Maska Bazar, Netrakona, Kendua",Netrakona,Kendua,2012,['Sweaters'],4200000.0,Very Large,13,1.4285714285714286,4000.0,1,0,0,0,0,0,0
Masriquee Textiles Ltd.,Knit,5.0,250.0,95,130000.0,"T-Shirts ,Polo Shirts ,Tank Tops","Plot # S-33-34, A-110, 105, 109 (Part), Bscic Eastate, Gazipur, Konabari",Gazipur,Konabari,2010,"['T-Shirts', 'Polo Shirts', 'Tank Tops']",1560000.0,Very Large,15,2.6315789473684212,16421.052631578947,3,0,0,0,0,0,0
Mass Fashion BD,Woven,1.0,1.0,55,78000.0,"Shirt ,Pant ,T-Shirt ,Trouser","Ka-147/4 D, Nayanagar, Khilkhet, Dhaka, Dhaka",Dhaka,Dhaka,2022,"['Shirt', 'Pant', 'T-Shirt', 'Trouser']",936000.0,Large,3,0.01818181818181818,17018.18181818182,4,1,1,0,0,0,0
Mass Fashion Ltd.,Woven,5.0,264.0,130,72000.0,"Shirts ,Blouses ,Infants Wears","76-77 Agrabad C/A, Chittagong, Double Mooring",Chittagong,Double Mooring,1990,"['Shirts', 'Blouses', 'Infants Wears']",864000.0,Large,35,2.0307692307692307,6646.153846153846,3,0,0,0,0,0,0
Master Cham Ltd.,Unknown,,0.0,0,125000.0,Sweaters,"She-E-17, Moslem Ali Complex, Nowjur, Kadda Bazar, Gazipur, Bangladesh, Gazipur","She-E-17, Moslem Ali Complex, Nowjur, Kadda Bazar, Gazipur, Bangladesh",Gazipur,2019,['Sweaters'],1500000.0,Very Large,6,0.0,0.0,1,0,0,0,0,0,0
Master Fashions Ltd.,Woven,5.0,480.0,157,70000.0,"Shirts ,Blouses ,Jackets","Holding # 2256, Mouza # 332, Matuail, Dhaka, Demra",Dhaka,Demra,2002,"['Shirts', 'Blouses', 'Jackets']",840000.0,Large,23,3.0573248407643314,5350.3184713375795,3,0,0,0,0,0,0
Master Garments Ltd.,Woven,5.0,500.0,225,150000.0,"Shirts ,Ladies Dresses ,Trousers","Holding # 2256, Mouza # 332, Matuail, Dhaka, Demra",Dhaka,Demra,1985,"['Shirts', 'Ladies Dresses', 'Trousers']",1800000.0,Very Large,40,2.2222222222222223,8000.0,3,0,0,0,0,0,0
Master Knitwear Ltd.,Sweater,5.0,3000.0,3110,2400000.0,Sweater,"Kamarpukur, Nilphamari, Saidpur",Nilphamari,Saidpur,2014,['Sweater'],28800000.0,Very Large,11,0.9646302250803859,9260.450160771705,1,0,0,0,0,0,1
Mastex Industries Ltd.,Knit,5.0,170.0,140,200000.0,"T-Shirts ,Polo Shirts","91 Dhour, Thana Road, Dhaka, Turag",Dhaka,Turag,2014,"['T-Shirts', 'Polo Shirts']",2400000.0,Very Large,11,1.2142857142857142,17142.85714285714,2,0,0,0,0,0,0
Masud Apparels Ltd.,Woven,5.0,315.0,135,72000.0,"Shirts ,Blouses ,Nightwears","H-79 Block-E, (1St Floor), Int. Airport Road, Chairmanbari, Dhaka, Banani",Dhaka,Banani,1995,"['Shirts', 'Blouses', 'Nightwears']",864000.0,Large,30,2.3333333333333335,6400.0,3,0,0,0,0,0,0
Matexport (Bangladesh) Ltd.,Woven,5.0,790.0,260,50000.0,"Shirts ,Jackets ,Pants ,Shorts","Jarun, Gazipur, Konabari",Gazipur,Konabari,2000,"['Shirts', 'Jackets', 'Pants', 'Shorts']",600000.0,Large,25,3.0384615384615383,2307.6923076923076,4,0,0,1,0,0,0
Matin Kntwears Ltd.,Knit,5.0,1650.0,600,1250000.0,"T-Shirts ,Polo Shirts ,Jackets","Sardaganj, Gazipur, Kashimpur",Gazipur,Kashimpur,2010,"['T-Shirts', 'Polo Shirts', 'Jackets']",15000000.0,Very Large,15,2.75,25000.0,3,0,0,0,0,0,0
Matrix Apparels Ltd.,Unknown,,0.0,0,125000.0,Unknown,"55/1, Borua Rajpara, Bir Muktijoddha Dm Ramiz Uddin Road Borua, Khilkhet, Dhaka-1229, Bangladesh., Dhaka, Dhaka",Dhaka,Dhaka,2020,[],1500000.0,Very Large,5,0.0,0.0,0,0,0,0,0,0,0
Matrix Dresses Ltd.,Knit,5.0,150.0,150,234000.0,"T-Shirts ,Tank Tops","Plot # 6, Road # 27/Ka, Rupnagar I/A, Pallabi, Dhaka, Mirpur",Dhaka,Mirpur,2012,"['T-Shirts', 'Tank Tops']",2808000.0,Very Large,13,1.0,18720.0,2,0,0,0,0,0,0
Matrix Sweaters Ltd.,Sweater,5.0,4500.0,712,150000.0,"Sweaters ,Pullovers","Choidana, National University, Gazipur, Board Bazar",Gazipur,Board Bazar,2007,"['Sweaters', 'Pullovers']",1800000.0,Very Large,18,6.320224719101123,2528.0898876404494,2,0,0,0,0,0,0
Matsuoka Apparels Ltd.,Woven,5.0,880.0,220,166600.0,"Shirts ,Pants ,Rampers ,Shorts","Kumkumary, Ashulia, Dhaka, Savar",Dhaka,Savar,2008,"['Shirts', 'Pants', 'Rampers', 'Shorts']",1999200.0,Very Large,17,4.0,9087.272727272728,4,0,0,1,0,0,0
Maurisus Intercontinental Ltd.,Knit,5.0,720.0,209,75000.0,"T-Shirts ,Polo Shirts ,Tank Tops","Kashimpur, Gazipur, Konabari",Gazipur,Konabari,1997,"['T-Shirts', 'Polo Shirts', 'Tank Tops']",900000.0,Large,28,3.444976076555024,4306.2200956937795,3,0,0,0,0,0,0
Mavis Garments Ltd.,Knit,5.0,690.0,415,362500.0,"T-Shirts ,Polo Shirts ,Sweat Shirts","Shahid Rowshan Sarak, Chandana, Gazipur, Joydevpur",Gazipur,Joydevpur,1985,"['T-Shirts', 'Polo Shirts', 'Sweat Shirts']",4350000.0,Very Large,40,1.6626506024096386,10481.927710843374,3,0,0,0,0,0,0
Mawna Fashions Ltd.,Knit,5.0,480.0,350,1410000.0,"T-Shirts ,Polo Shirts ,Tank Tops","Tepir Bari, Gazipur, Sreepur",Gazipur,Sreepur,2011,"['T-Shirts', 'Polo Shirts', 'Tank Tops']",16920000.0,Very Large,14,1.3714285714285714,48342.857142857145,3,0,0,0,0,0,0
Max Sweater (BD) Ltd.,Sweater,5.0,1000.0,687,0.0,Sweaters,"24-26, Deghi Borabo, Tarabo, Narayanganj, Rupganj",Narayanganj,Rupganj,2002,['Sweaters'],0.0,,23,1.455604075691412,0.0,1,0,0,0,0,0,0
Maxbrite Ltd.,Woven,5.0,480.0,375,48000.0,"Shirts ,Sleeping Suits ,Pants","610/687, 687/A, East Sholoshahar, Chittagong, Bahaddarhat",Chittagong,Bahaddarhat,1992,"['Shirts', 'Sleeping Suits', 'Pants']",576000.0,Large,33,1.28,1536.0,3,0,0,1,0,0,0
Maxcom International (BD) Ltd.,Woven,5.0,3443.0,2800,4965000.0,"Jacket ,Overall ,Shirt ,Pant","37, Hemayetpur, Savar, Dhaka, Dhaka, Dhaka",Dhaka,Dhaka,2005,"['Jacket', 'Overall', 'Shirt', 'Pant']",59580000.0,Very Large,20,1.229642857142857,21278.571428571428,4,0,1,0,1,0,0
Maxim Fashions Ltd.,Woven,5.0,480.0,430,60000.0,"Babies Wears ,Sleeping Wears ,Trousers","2098/A, South Halishahar, Chittagong, Bandar",Chittagong,Bandar,2000,"['Babies Wears', 'Sleeping Wears', 'Trousers']",720000.0,Large,25,1.1162790697674418,1674.4186046511627,3,0,0,0,0,0,0
Maxim Ltd.,Woven,5.0,1000.0,500,120000.0,"Shirts ,Sleeping Suits ,Pants","Jahan Building # 4, 76/77, Agrabad C/A, Chittagong","Jahan Building # 4, 76/77, Agrabad C/A",Chittagong,1985,"['Shirts', 'Sleeping Suits', 'Pants']",1440000.0,Very Large,40,2.0,2880.0,3,0,0,1,0,0,0
Maya Mithu Fashion Ltd.,Knit,5.0,376.0,183,200000.0,"T-Shirts ,Polo Shirts","Bashaid, Ashulia, Savar, Dhaka, Dhaka",Dhaka,Dhaka,2014,"['T-Shirts', 'Polo Shirts']",2400000.0,Very Large,11,2.0546448087431695,13114.754098360656,2,0,0,0,0,0,0
Mayc`s Garments Ltd.,Woven,5.0,676.0,408,150000.0,"Jackets ,Pants ,Trousers ,Shorts","House # 9, Road # 1, Block - Kha, Section # 6, Dhaka, Mirpur",Dhaka,Mirpur,2001,"['Jackets', 'Pants', 'Trousers', 'Shorts']",1800000.0,Very Large,24,1.6568627450980393,4411.764705882353,4,0,0,1,0,0,0
Mazarine Fashion,Woven,1.0,201.0,150,250000.0,Unknown,"434, Khaza Road, Khulgoan, Baluchora, Jalalabad, Baizid, Chittagong, Chittagong, Chittagong",Chittagong,Chittagong,2021,[],3000000.0,Very Large,4,1.34,20000.0,0,0,0,0,0,0,0
Mazib Fashions Ltd.,Knit,5.0,298.0,118,375000.0,"TShirts ,Polo Shirts","Mizmizi, Narayanganj, Siddirgonj",Narayanganj,Siddirgonj,2014,"['TShirts', 'Polo Shirts']",4500000.0,Very Large,11,2.5254237288135593,38135.59322033898,2,0,0,0,0,0,0
Mazim Fabrics Ltd.,Knit,5.0,252.0,213,300000.0,"T-Shirts ,Polo Shirts","103, Mohakhali C/A, Dhaka, Mohakhali",Dhaka,Mohakhali,2011,"['T-Shirts', 'Polo Shirts']",3600000.0,Very Large,14,1.1830985915492958,16901.408450704224,2,0,0,0,0,0,0
Mazkan Jeans Ltd.,Woven,5.0,325.0,130,60000.0,"Shirts ,Trousers ,Skirts ,Polo Shirts","1817/4, Uttar Kattoly, Chittagong, Badamtoly",Chittagong,Badamtoly,2007,"['Shirts', 'Trousers', 'Skirts', 'Polo Shirts']",720000.0,Large,18,2.5,5538.461538461538,4,0,0,0,0,0,0
MBA Fashion Ltd.,Knit,5.0,225.0,143,0.0,"Jackets ,Babies Wear ,T-Shirts","Raj Fulbaria, Dhaka, Savar",Dhaka,Savar,2000,"['Jackets', 'Babies Wear', 'T-Shirts']",0.0,,25,1.5734265734265733,0.0,3,0,0,0,0,0,0
MBH Fashion,Knit,5.0,100.0,52,0.0,"Shirts ,Pants","Mayn Uddin Tower, 5224 South Matuyal, Dhaka, Jatrabari",Dhaka,Jatrabari,2013,"['Shirts', 'Pants']",0.0,,12,1.9230769230769231,0.0,2,0,0,1,0,0,0
MBM Fashion Wear Ltd.,Woven,5.0,0.0,171,25000.0,"Shirts ,Skirts ,Trousers","M-19 & M-14, Section # 14, Dhaka, B. Baria",Dhaka,B. Baria,1993,"['Shirts', 'Skirts', 'Trousers']",300000.0,Large,32,0.0,1754.3859649122808,3,0,0,0,0,0,0
MBM Garments Ltd.,Woven,5.0,0.0,950,400000.0,"Bottoms: Trousers ,Shorts and Tops ,Shirts ,Jackets","M-19 & M-14, Section # 14, Dhaka, B. Baria",Dhaka,B. Baria,2021,"['Bottoms Trousers', 'Shorts and Tops', 'Shirts', 'Jackets']",4800000.0,Very Large,4,0.0,5052.631578947368,4,0,0,0,0,0,0
Mccoy Export Limited,Woven,5.0,350.0,137,36000.0,"Jackets ,Caps ,Begs","""Yakub Plaza"", 1, Port Connecting Road, Chittagong, Bandar",Chittagong,Bandar,1996,"['Jackets', 'Caps', 'Begs']",432000.0,Large,29,2.5547445255474455,3153.284671532847,3,0,0,0,0,0,0
Mccoy Sweater Ltd.,Sweater,5.0,350.0,260,36000.0,Sweaters,"H.H Tower, 120/1, Khairtoil, Road # 1, Sataish Road, Gazipur, Tongi",Gazipur,Tongi,2004,['Sweaters'],432000.0,Large,21,1.3461538461538463,1661.5384615384614,1,0,0,0,0,0,0
Meadow Apparel Ltd.,Woven,1.0,486.0,370,120000.0,"Shirts ,Pants","Plot # 3, (Holding # 371/A) Road # 4, Block # B, Industrial Plot # 2, Halishahar, Chittagong, Chittagong",Chittagong,Chittagong,2017,"['Shirts', 'Pants']",1440000.0,Very Large,8,1.3135135135135134,3891.891891891892,2,0,0,1,0,0,0
Medell Apparels Ltd.,Woven,5.0,306.0,91,50000.0,"Shirts ,Pants","Holding # 2650/A, Kuripara, Majar, Dhaka, Uttarkhan",Dhaka,Uttarkhan,2016,"['Shirts', 'Pants']",600000.0,Large,9,3.3626373626373627,6593.406593406594,2,0,0,1,0,0,0
Media Textile Inds. Ltd.,Knit,5.0,266.0,74,1000000.0,"T-Shirts ,Ladies Panties ,Gent Panties","755, Askarabad, D.T Road, Chittagong, Doublemooring",Chittagong,Doublemooring,2007,"['T-Shirts', 'Ladies Panties', 'Gent Panties']",12000000.0,Very Large,18,3.5945945945945947,162162.16216216216,3,0,0,0,0,0,0
Meditex Industries Ltd.,Sweater,5.0,1251.0,1050,150000.0,"Sweaters ,Cardigans ,Pullovers","Plot # 912, Kashimpur Road, Gazipur, Konabari",Gazipur,Konabari,1994,"['Sweaters', 'Cardigans', 'Pullovers']",1800000.0,Very Large,31,1.1914285714285715,1714.2857142857142,3,0,0,0,0,0,0
Meditex Knitwear Ltd.,Sweater,5.0,900.0,200,25000.0,Sweaters,"Kashimpur Road, Gazipur, Konabari",Gazipur,Konabari,2010,['Sweaters'],300000.0,Large,15,4.5,1500.0,1,0,0,0,0,0,0
Meditex Sweater Ltd.,Sweater,5.0,505.0,650,60000.0,Sweaters,"Plot # 1145, Kashimpur Road, Gazipur, Konabari",Gazipur,Konabari,2005,['Sweaters'],720000.0,Large,20,0.7769230769230769,1107.6923076923076,1,0,0,0,0,0,0
Medlar Apparels Ltd.,Woven,5.0,2656.0,2117,700000.0,"Shirts ,Pants ,Jackets ,Trousers","East Narshingpur, Yearpur Union, Zirabo, Dhaka, Savar",Dhaka,Savar,2005,"['Shirts', 'Pants', 'Jackets', 'Trousers']",8400000.0,Very Large,20,1.254605573925366,3967.8790741615494,4,0,0,1,0,0,0
Medlar Garments Ltd.,Knit,5.0,670.0,309,110000.0,"Shirts ,Jackets ,Drssses","Plot # 4, Darus Salam Road, Section # 1, Dhaka, Mirpur",Dhaka,Mirpur,1985,"['Shirts', 'Jackets', 'Drssses']",1320000.0,Very Large,40,2.168284789644013,4271.844660194175,3,0,0,0,0,0,0
Medona Fashions Ltd.,Woven,5.0,690.0,365,9800000.0,"Shirts ,Blouses ,Trousers ,Payjama","Master Bari Bus Stand, Araisho Prasad, Gazipur, Salna Bazar",Gazipur,Salna Bazar,1992,"['Shirts', 'Blouses', 'Trousers', 'Payjama']",117600000.0,Very Large,33,1.8904109589041096,322191.7808219178,4,0,0,0,0,0,0
Medona Garments Ltd.,Woven,5.0,350.0,134,48000.0,"Shirts ,Ladies Shirt/Blouses ,Trousers, Shorts","""Modona Tower"" 28, Mohakhali C/A., Dhaka, Mohakhali",Dhaka,Mohakhali,1985,"['Shirts', 'Ladies ShirtBlouses', 'Trousers', 'Shorts']",576000.0,Large,40,2.611940298507463,4298.507462686567,4,0,0,0,0,0,0
Meek Knit Ltd.,Knit,5.0,500.0,196,468000.0,"T-Shirts ,Polo Shirts ,Pants","Aziz Chowdhury Complex (4Th Floor), 923 & 928, Vogra, Gazipur, Joydevpur",Gazipur,Joydevpur,2008,"['T-Shirts', 'Polo Shirts', 'Pants']",5616000.0,Very Large,17,2.5510204081632653,28653.061224489797,3,0,0,1,0,0,0
Meek Sweater & Fashions Ltd.,Sweater,5.0,1010.0,25,125000.0,Sweater,"Vogra, Bason Sarak, National University, Gazipur, Gazipur Sadar",Gazipur,Gazipur Sadar,2016,['Sweater'],1500000.0,Very Large,9,40.4,60000.0,1,0,0,0,0,0,1
Meek Sweater Ltd.,Sweater,5.0,989.0,750,130000.0,"Sweaters ,Pullovers ,Cardigans","Noor Complex, Rs # 26, Aouchpara, Gazipur, Tongi",Gazipur,Tongi,2009,"['Sweaters', 'Pullovers', 'Cardigans']",1560000.0,Very Large,16,1.3186666666666667,2080.0,3,0,0,0,0,0,0
Meem Fashions Ltd.,Woven,5.0,250.0,200,40000.0,"Pants ,Trousers ,Skirts ,Shorts","A. M. Plaza (10Th Floor), 76, Dit Road, Dhaka, Malibagh",Dhaka,Malibagh,2001,"['Pants', 'Trousers', 'Skirts', 'Shorts']",480000.0,Large,24,1.25,2400.0,4,0,0,1,0,0,0
Meem Knitting Mills Ltd.,Woven,5.0,140.0,134,75000.0,"Shirts ,Pants","Surabari, Gazipur, Kashimpur",Gazipur,Kashimpur,2015,"['Shirts', 'Pants']",900000.0,Large,10,1.044776119402985,6716.417910447762,2,0,0,1,0,0,0
Mega Denim Ltd.,Woven,1.0,0.0,0,520000.0,"Shirt ,Pant ,Jacket ,Trouser","B.K. Bari, Taltoli, Hotapara, Mirzapur, Gazipur, Gazipur",Gazipur,Gazipur,2016,"['Shirt', 'Pant', 'Jacket', 'Trouser']",6240000.0,Very Large,9,0.0,0.0,4,0,1,0,1,0,0
Megastar Apparels Ltd.,Woven,5.0,450.0,175,90000.0,"Shirts ,Jackets ,Nightwear ,Trousers","339, D.I.T Road, Dhaka, Rampura",Dhaka,Rampura,1993,"['Shirts', 'Jackets', 'Nightwear', 'Trousers']",1080000.0,Very Large,32,2.5714285714285716,6171.428571428572,4,0,0,0,0,0,0
Meghna Knit Composite Ltd.,Knit,1.0,3489.0,1379,1399944.0,"T-Shirts ,Polo Shirts ,Night Wear ,Juger","Gilarchala, Sreepur, Gazipur, Gazipur",Gazipur,Gazipur,2018,"['T-Shirts', 'Polo Shirts', 'Night Wear', 'Juger']",16799328.0,Very Large,7,2.5300942712110226,12182.2538071066,4,0,0,0,0,0,0
Meher Garments Ltd.,Knit,5.0,330.0,190,550000.0,"MB Shirts ,Blouses ,Swim Wears ,Bottom","68/V, Sagarica Road (2Nd Floor), Chittagong, Pahartoli",Chittagong,Pahartoli,1984,"['MB Shirts', 'Blouses', 'Swim Wears', 'Bottom']",6600000.0,Very Large,41,1.736842105263158,34736.84210526316,4,0,0,0,0,0,0
Meherun Apparels Ltd.,Woven,5.0,150.0,110,36000.0,"Shirts ,Shortalls ,Pants ,Overalls","72/B, Malibagh Chowdhury Para, Dhaka","72/B, Malibagh Chowdhury Para,",Dhaka,1998,"['Shirts', 'Shortalls', 'Pants', 'Overalls']",432000.0,Large,27,1.3636363636363635,3927.2727272727275,4,0,0,1,0,0,0
Mehnaz Styles And Craft Ltd.,Woven,5.0,712.0,270,175000.0,"Shirts ,Ladies Blouses ,Pants ,Jackets","Industry Sl No. 56, Ward # 06Tongabari, Ashulia, Savar, Dhaka, Dhaka",Dhaka,Dhaka,2011,"['Shirts', 'Ladies Blouses', 'Pants', 'Jackets']",2100000.0,Very Large,14,2.637037037037037,7777.777777777777,4,0,0,1,0,0,0
Mellow Fashion Ltd.,Knit,5.0,166.0,120,24000.0,"Jogging Suits ,Long Pants ,T-Shirts ,Polo Shirts","524, Dt Road, Chittagong, Kadamtoli",Chittagong,Kadamtoli,2002,"['Jogging Suits', 'Long Pants', 'T-Shirts', 'Polo Shirts']",288000.0,Large,23,1.3833333333333333,2400.0,4,0,0,0,0,0,0
Men's Apparels Ltd.,Knit,5.0,400.0,250,70000.0,"Shirts ,Jackets ,Knitted Garments","1351, Aturar Depot., P.O-Amin Jute Mills, Chittagong","1351, Aturar Depot., P.O-Amin Jute Mills",Chittagong,1992,"['Shirts', 'Jackets', 'Knitted Garments']",840000.0,Large,33,1.6,3360.0,3,0,0,0,0,0,0
Men's Fashion Ltd.,Woven,5.0,1800.0,1000,320000.0,"Shirts ,Jackets ,Swimwears ,Trousers","49 (Np) Kalurghat Heavy I/A, Chittagong, Kalurghat",Chittagong,Kalurghat,1994,"['Shirts', 'Jackets', 'Swimwears', 'Trousers']",3840000.0,Very Large,31,1.8,3840.0,4,0,0,0,0,0,0
Merchants House Ltd.,Woven,5.0,90.0,40,120000.0,"Shirts ,Trousers ,Caps ,Jersey","A/100, Bscic I/E, Chittagong, Kalurghat",Chittagong,Kalurghat,1995,"['Shirts', 'Trousers', 'Caps', 'Jersey']",1440000.0,Very Large,30,2.25,36000.0,4,0,0,0,0,0,0
Meridian Fashion Wear Ltd.,Woven,5.0,250.0,167,96000.0,"Jackets ,Children Wears ,Trousers ,Skirts","Madhani Super Market (1St Floor), Hemayetpur Bus Stand, Dhaka, Savar",Dhaka,Savar,2002,"['Jackets', 'Children Wears', 'Trousers', 'Skirts']",1152000.0,Very Large,23,1.4970059880239521,6898.203592814371,4,0,0,0,0,0,0
Meridian Fashions Ltd.,Woven,5.0,350.0,161,90000.0,"Shirts ,Jackets ,Trousers ,Nightwear","339, D.I.T Road, Dhaka, Rampura",Dhaka,Rampura,2001,"['Shirts', 'Jackets', 'Trousers', 'Nightwear']",1080000.0,Very Large,24,2.1739130434782608,6708.074534161491,4,0,0,0,0,0,0
Meridien Apparels Ltd.,Woven,5.0,400.0,214,583000.0,"Shirts ,Pants","Borobari Pukurpara, Ashulia, Dhaka, Savar",Dhaka,Savar,2015,"['Shirts', 'Pants']",6996000.0,Very Large,10,1.8691588785046729,32691.58878504673,2,0,0,1,0,0,0
Merim Co. Ltd.,Woven,5.0,4500.0,2500,417000.0,"Jackets ,Suits ,Pants ,Dress","Plot # 4-6, Sector # 6/A, Chittagong, Cepz",Chittagong,Cepz,2009,"['Jackets', 'Suits', 'Pants', 'Dress']",5004000.0,Very Large,16,1.8,2001.6,4,0,0,1,0,0,0
Merimo Ltd.,Woven,5.0,2050.0,1250,225000.0,"Jackets ,Suits ,Skirts ,Pants","Plot # 25-26, Sector # 6, Chittagong, Cepz",Chittagong,Cepz,1994,"['Jackets', 'Suits', 'Skirts', 'Pants']",2700000.0,Very Large,31,1.64,2160.0,4,0,0,1,0,0,0
Merlin Knitwear Ltd.,Sweater,5.0,800.0,585,75000.0,"Pullovers ,Cardigans ,Jersey","Nawjor, Gazipur, Kadda Bazar",Gazipur,Kadda Bazar,2003,"['Pullovers', 'Cardigans', 'Jersey']",900000.0,Large,22,1.3675213675213675,1538.4615384615386,3,0,0,0,0,0,0
Mermaid Sweaters Ltd.,Sweater,5.0,400.0,321,0.0,Sweaters,"177/1, 178 South Bisail, Section # 1, Dhaka, Mirpur",Dhaka,Mirpur,2003,['Sweaters'],0.0,,22,1.2461059190031152,0.0,1,0,0,0,0,0,0
Merry Gold Garments (Pvt.) Ltd.,Woven,5.0,250.0,150,40000.0,"Shirts ,Jackets ,Pants","Bscic Industrial Estate, Chittagong, Kalurghat",Chittagong,Kalurghat,1989,"['Shirts', 'Jackets', 'Pants']",480000.0,Large,36,1.6666666666666667,3200.0,3,0,0,1,0,0,0
Mesh Exports House (Pvt.) Ltd.,Knit,5.0,700.0,192,240000.0,"Shirts ,T-Shirts ,Polo Shirts ,Tank Tops","Vogra, National University, Gazipur, Joydevpur",Gazipur,Joydevpur,2007,"['Shirts', 'T-Shirts', 'Polo Shirts', 'Tank Tops']",2880000.0,Very Large,18,3.6458333333333335,15000.0,4,0,0,0,0,0,0
Mesh Sports Wear (Pvt.) Ltd.,Knit,5.0,600.0,102,16667.0,"Shirts ,Pants ,T-Shirts ,Polo Shirts","Saidana, Dagerchala Road, Gazipur, National University",Gazipur,National University,2014,"['Shirts', 'Pants', 'T-Shirts', 'Polo Shirts']",200004.0,Large,11,5.882352941176471,1960.8235294117646,4,0,0,1,0,0,0
Meshu Apparels Ltd.,Woven,5.0,450.0,220,50000.0,"Jackets ,Shorts ,Trousers ,Skooters","Paramount Bhaban, 215/216, Dewandigi, Chittagong, Dewanhat",Chittagong,Dewanhat,1995,"['Jackets', 'Shorts', 'Trousers', 'Skooters']",600000.0,Large,30,2.0454545454545454,2727.2727272727275,4,0,0,0,0,0,0
Metro Knitting & Dyeing Mills Ltd.,Knit,5.0,6000.0,1300,2650000.0,"T-Shirts ,Polo Shirts ,Tank Tops","Ramarbag, Kutubpur, Narayanganj, Fatullah",Narayanganj,Fatullah,2003,"['T-Shirts', 'Polo Shirts', 'Tank Tops']",31800000.0,Very Large,22,4.615384615384615,24461.53846153846,3,0,0,0,0,0,0
Mexi-Bangla Sweater Ltd.,Sweater,5.0,250.0,150,50000.0,Sweaters,"Foysal Complex, Plot # P/1, Chittagong, Pahartoli",Chittagong,Pahartoli,2012,['Sweaters'],600000.0,Large,13,1.6666666666666667,4000.0,1,0,0,0,0,0,0
MG Knit Flair Ltd.,Sweater,5.0,1100.0,450,72000.0,"Sweaters ,Cardigans ,Pullovers","31/1, Laxmipura, Chandana, Gazipur, Joydevpur",Gazipur,Joydevpur,2005,"['Sweaters', 'Cardigans', 'Pullovers']",864000.0,Large,20,2.4444444444444446,1920.0,3,0,0,0,0,0,0
MG Niche Flair Ltd.,Knit,5.0,480.0,200,300000.0,"Under Wears ,Lingeries","248, Tatki, Tarabo, Jatramura, Narayanganj, Rupgonj",Narayanganj,Rupgonj,2012,"['Under Wears', 'Lingeries']",3600000.0,Very Large,13,2.4,18000.0,2,0,0,0,0,0,0
MG Niche Stitch Ltd.,Knit,5.0,3570.0,1381,660000.0,"Shirts ,Pants ,T-Shirts ,Polo Shirts","Plot # 3929, Dogri, Banglabazar, Gazipur, Mirzapur",Gazipur,Mirzapur,2016,"['Shirts', 'Pants', 'T-Shirts', 'Polo Shirts']",7920000.0,Very Large,9,2.5850832729905866,5734.974656046344,4,0,0,1,0,0,0
MG Shirttex Ltd.,Woven,5.0,600.0,250,120000.0,"Shirts ,Ladies Shirts ,Boy's Shirts","31/1, Laxmipura, Chandana, Gazipur, Joydevpur",Gazipur,Joydevpur,2005,"['Shirts', 'Ladies Shirts', 'Boys Shirts']",1440000.0,Very Large,20,2.4,5760.0,3,0,0,0,0,0,0
MHC Apparels (Pvt) Ltd.,Unknown,,177.0,1250,400000.0,"Jackets/ pant (Padded & Non Padded, fake Down ,Seam Seal, Sew Free, 2/3 layer ,Technical / Functional, Soft Shell) ,Swim Trunk & Shorts","297/1, Block - B, Ward -4, Vangnahati, Sreepur, Gazipur -1704, Gazipur",Gazipur -1704,Gazipur,2004,"['Jackets pant Padded  Non Padded', 'fake Down', 'Seam Seal', 'Sew Free', '23 layer', 'Technical  Functional', 'Soft Shell', 'Swim Trunk  Shorts']",4800000.0,Very Large,21,0.1416,3840.0,8,0,0,0,0,0,0
MHC Wears (PVT.) Ltd.,Woven,5.0,450.0,235,120000.0,"Jacket ,Pants ,Suitset","Holding # 122 (New), 13/1(Old) Satais, Gazipur, B. Baria",Gazipur,B. Baria,2013,"['Jacket', 'Pants', 'Suitset']",1440000.0,Very Large,12,1.9148936170212767,6127.659574468085,3,0,0,1,1,0,0
Miami Garments,Woven,5.0,400.0,155,72000.0,"Shirts ,Blouses ,Nightwears","13, Maya Kanan, Dhaka, Bashaboo",Dhaka,Bashaboo,1985,"['Shirts', 'Blouses', 'Nightwears']",864000.0,Large,40,2.5806451612903225,5574.193548387097,3,0,0,0,0,0,0
Mid Asia Fashions Ltd.,Woven,5.0,694.0,227,18000.0,"Shirts ,Blouses ,Pajama Sets","Inds. Plot # M- 16, Section # 14, Dhaka, Mirpur",Dhaka,Mirpur,1994,"['Shirts', 'Blouses', 'Pajama Sets']",216000.0,Large,31,3.05726872246696,951.5418502202643,3,0,0,0,0,0,0
Mid Line Sweater Ltd.,Sweater,5.0,550.0,490,40000.0,"Sweaters ,Pullovers ,Cardigans","Lane # 1, Road # 4, Word # 1, Baroboyka, Gazipur, Gazipur Sadar",Gazipur,Gazipur Sadar,2011,"['Sweaters', 'Pullovers', 'Cardigans']",480000.0,Large,14,1.1224489795918366,979.5918367346939,3,0,0,0,0,0,0
Mid Night Sweaters Ltd.,Sweater,5.0,209.0,169,216000.0,Sweater,"Kuturia, Savar Cantonment, Ashulia, Dhaka, Savar",Dhaka,Savar,2016,['Sweater'],2592000.0,Very Large,9,1.2366863905325445,15337.278106508877,1,0,0,0,0,0,1
Middle East Garments Ltd.,Woven,5.0,85.0,89,30000.0,"Jackets ,Pants ,Shortalls ,Trousers","D - 4, B - Black, Bscic Industrial Area, Chittagong, Nasirabad",Chittagong,Nasirabad,1985,"['Jackets', 'Pants', 'Shortalls', 'Trousers']",360000.0,Large,40,0.9550561797752809,4044.9438202247193,4,0,0,1,0,0,0
Midwest Garments Ltd.,Woven,1.0,0.0,0,0.0,Unknown,"Sarabo, Kashimpur, Gazipur, Gazipur, Gazipur",Gazipur,Gazipur,2021,[],0.0,,4,0.0,0.0,0,0,0,0,0,0,0
Mifkif Apparel Ltd.,Woven,5.0,300.0,125,120000.0,"Jackets ,Trousers ,Vest","114/1, 114/2, Noyabari Road, Sataish, Gazipur, Tongi",Gazipur,Tongi,1992,"['Jackets', 'Trousers', 'Vest']",1440000.0,Very Large,33,2.4,11520.0,3,0,0,0,0,0,0
Mika Fashion Ltd.,Woven,5.0,300.0,130,35000.0,"Shirts ,Swim Wears ,Ski Pants ,Jackets","Jahan Building No.1 (4Th Floor), 23, Agrabad C/A, Chittagong, Agrabad",Chittagong,Agrabad,1993,"['Shirts', 'Swim Wears', 'Ski Pants', 'Jackets']",420000.0,Large,32,2.3076923076923075,3230.769230769231,4,0,0,0,0,0,0
Mila Industrial Ltd.,Woven,1.0,218.0,124,200000.0,"Shirt ,Pant ,T-Shirt ,Polo shirt","A84/4, East Rajashon, Birulia Road, Savar, Dhaka, Dhaka",Dhaka,Dhaka,2022,"['Shirt', 'Pant', 'T-Shirt', 'Polo shirt']",2400000.0,Very Large,3,1.7580645161290323,19354.83870967742,4,1,1,0,0,0,0
Milaco Textile Mills (Pvt) Ltd.,Woven,5.0,120.0,89,315000.0,"Bath Robes ,Towels","Dharmagonj, Narayanganj, Fatullah",Narayanganj,Fatullah,2002,"['Bath Robes', 'Towels']",3780000.0,Very Large,23,1.348314606741573,42471.910112359554,2,0,0,0,0,0,0
Milanty Apparels Ltd.,Woven,1.0,0.0,95,41500.0,Unknown,"Plot # B 75, Road # 04, Bscic Industrial Estate, Kanchpur, Narayanganj, Narayangonj",Narayanganj,Narayangonj,2020,[],498000.0,Large,5,0.0,5242.105263157895,0,0,0,0,0,0,0
Mild One Knit Composite Ltd.,Knit,5.0,257.0,200,102000.0,"T-Shirts ,Polo Shirts","Berulia, Ashulia, Dhaka, Savar",Dhaka,Savar,2015,"['T-Shirts', 'Polo Shirts']",1224000.0,Very Large,10,1.285,6120.0,2,0,0,0,0,0,0
Miles Fabrics Ltd.,Knit,5.0,850.0,380,320000.0,"Shirts ,Jackets ,Pants","1364, Askarabad, Dt Road, Chittagong","1364, Askarabad, Dt Road",Chittagong,1998,"['Shirts', 'Jackets', 'Pants']",3840000.0,Very Large,27,2.236842105263158,10105.263157894737,3,0,0,1,0,0,0
Millenium Dresses Ltd.,Woven,5.0,300.0,150,60000.0,"Shirts ,Pants ,Jackets ,Shorts","Ka-63/1, Kuril Chowrasta, Dhaka, Badda",Dhaka,Badda,2001,"['Shirts', 'Pants', 'Jackets', 'Shorts']",720000.0,Large,24,2.0,4800.0,4,0,0,1,0,0,0
Millennium Apparels Ltd.,Woven,5.0,600.0,215,60000.0,"Jackets ,Overalls ,Pants","Masimpur Cooperative Market Society, Plot # 37 (4-7Th Fl), Block - B, Gazipur, Tongi",Gazipur,Tongi,2001,"['Jackets', 'Overalls', 'Pants']",720000.0,Large,24,2.7906976744186047,3348.8372093023254,3,0,0,1,0,0,0
Millennium Spinning & Knitting Fac. Ltd.,Sweater,5.0,3350.0,3132,400000.0,Sweaters,"Plot # 25-30, 43-48, Sector # 8, Chittagong, Cepz",Chittagong,Cepz,2008,['Sweaters'],4800000.0,Very Large,17,1.0696040868454662,1532.5670498084291,1,0,0,0,0,0,0
Millennium Sweater Ltd.,Sweater,5.0,1008.0,530,76320.0,"Sweaters ,Pullovers ,Cardigans","Aukpara, Ashulia, Dhaka, Savar",Dhaka,Savar,2000,"['Sweaters', 'Pullovers', 'Cardigans']",915840.0,Large,25,1.9018867924528302,1728.0,3,0,0,0,0,0,0
Millennium Textiles (Southern) Ltd.,Woven,5.0,1100.0,320,250000.0,"Shirts ,Blouses","Bara Rangamatia, Ashulia, Dhaka, Savar",Dhaka,Savar,2002,"['Shirts', 'Blouses']",3000000.0,Very Large,23,3.4375,9375.0,2,0,0,0,0,0,0
Milliner Garments Ltd.,Woven,5.0,450.0,300,250000.0,"Shirts ,Pants ,T-Shirts","1343, East Shewrapara, Kafrul, Dhaka, B. Baria",Dhaka,B. Baria,1985,"['Shirts', 'Pants', 'T-Shirts']",3000000.0,Very Large,40,1.5,10000.0,3,0,0,1,0,0,0
Mim Design Ltd.,Sweater,5.0,3200.0,2335,474000.0,"Sweaters ,Pullovers ,Cardigans","Basan Sarak Bazar, Gazipur, Vogra",Gazipur,Vogra,2007,"['Sweaters', 'Pullovers', 'Cardigans']",5688000.0,Very Large,18,1.3704496788008564,2435.9743040685225,3,0,0,0,0,0,0
Mim Fashion,Woven,1.0,1.0,93,95000.0,"Shirt ,Pant ,T-Shirt ,Polo Shirt","Plot # 5/1, 5/2,Kazipuri, Gudaragat, Mirpur, Dhaka, Dhaka",Dhaka,Dhaka,2023,"['Shirt', 'Pant', 'T-Shirt', 'Polo Shirt']",1140000.0,Very Large,2,0.010752688172043012,12258.064516129032,4,1,1,0,0,1,0
Mim Stitch Apparels Ltd.,Woven,1.0,2.0,200,0.0,Unknown,"68/X, Fauzdarhat, H/I Area, Pahartoli, Chittagong, Chittagong",Chittagong,Chittagong,2022,[],0.0,,3,0.01,0.0,0,0,0,0,0,0,0
Mim Sweaters Ltd.,Sweater,5.0,1500.0,1150,18450.0,"Sweaters ,Pullover ,Cardigans ,Vest","Basan Sarak Bazar, Gazipur, Vogra",Gazipur,Vogra,2000,"['Sweaters', 'Pullover', 'Cardigans', 'Vest']",221400.0,Large,25,1.3043478260869565,192.52173913043478,4,0,0,0,0,0,0
Mimtex Fashion (Pvt) Ltd.,Knit,5.0,300.0,135,300000.0,"T-Shirts ,Polo Shirts ,Trousers ,Sweat Shirts","S-45, Bscic Inds. Estate, Gazipur, Konabari",Gazipur,Konabari,2000,"['T-Shirts', 'Polo Shirts', 'Trousers', 'Sweat Shirts']",3600000.0,Very Large,25,2.2222222222222223,26666.666666666668,4,0,0,0,0,0,0
Minar Textiles (Garments Div.),Knit,5.0,200.0,100,150000.0,"T-Shirts/Polo Shirts ,Tank Top","70 Nayamati Road, Narayanganj","70 Nayamati Road,",Narayanganj,1988,"['T-ShirtsPolo Shirts', 'Tank Top']",1800000.0,Very Large,37,2.0,18000.0,2,0,0,0,0,0,0
Minimax Ltd.,Woven,5.0,500.0,230,70000.0,"Windbreakers ,Trousers ,Bermuda Shorts ,Jackets","Plot # 33, 35, 37 & 39, National University, Gazipur, Gacha",Gazipur,Gacha,1994,"['Windbreakers', 'Trousers', 'Bermuda Shorts', 'Jackets']",840000.0,Large,31,2.1739130434782608,3652.1739130434785,4,0,0,0,0,0,0
Mint Apparel Ltd.,Knit,5.0,800.0,285,200000.0,"Shirts ,Pants ,T-Shirts ,Polo Shirts","Jharna Complex,, Soydana-Sharifpur, Gazipur, Board Bazar",Gazipur,Board Bazar,2014,"['Shirts', 'Pants', 'T-Shirts', 'Polo Shirts']",2400000.0,Very Large,11,2.807017543859649,8421.052631578947,4,0,0,1,0,0,0
Mir Fashionwear Ltd.,Knit,5.0,105.0,85,360000.0,"Briefs ,Panties ,T-Shirts","304, Sk. Mujib Road, Chittagong","304, Sk. Mujib Road,",Chittagong,1997,"['Briefs', 'Panties', 'T-Shirts']",4320000.0,Very Large,28,1.2352941176470589,50823.529411764706,3,0,0,0,0,0,0
Mirabella Dresses Ltd.,Knit,5.0,710.0,184,3000000.0,"Kids Wears ,T-shirts ,Polo Shirts ,Fashion Wears","Plot # M/2-1, Road # 7, Section # 7, Mirpur Ind. Area, Dhaka, Mirpur",Dhaka,Mirpur,1993,"['Kids Wears', 'T-shirts', 'Polo Shirts', 'Fashion Wears']",36000000.0,Very Large,32,3.858695652173913,195652.1739130435,4,0,0,0,0,0,0
Mirage Wears (Pvt) Ltd.,Knit,5.0,400.0,200,60000.0,"Jackets ,Boxers ,T-Shirts ,Long Pants","4/1, Sholak Bahar, Abdul Hamid Road, Chittagong, Panchlaish",Chittagong,Panchlaish,1998,"['Jackets', 'Boxers', 'T-Shirts', 'Long Pants']",720000.0,Large,27,2.0,3600.0,4,0,0,0,0,0,0
Miras Fashion Ltd.,Sweater,5.0,300.0,200,60000.0,Sweaters,"Padakhan Road, Beparipara, North Chandgaon, Chittagong, Chandgaon",Chittagong,Chandgaon,2004,['Sweaters'],720000.0,Large,21,1.5,3600.0,1,0,0,0,0,0,0
Mirpur Fashion Ltd.,Woven,5.0,220.0,182,100000.0,"Shirts ,Jackets ,Pants","Tamanna Complex (5Th Floor), Cb-288, Kachukhet, Dhaka, Cantonment",Dhaka,Cantonment,2011,"['Shirts', 'Jackets', 'Pants']",1200000.0,Very Large,14,1.2087912087912087,6593.406593406594,3,0,0,1,0,0,0
Mirza Apparels Ltd.,Knit,5.0,128.0,80,95000.0,"T-Shirts ,Polo Shirts","262, Satarkul Road, Uttar Badda, Dhaka, Uttara",Dhaka,Uttara,2011,"['T-Shirts', 'Polo Shirts']",1140000.0,Very Large,14,1.6,14250.0,2,0,0,0,0,0,0
Misami Garments Ltd.,Woven,5.0,1250.0,1174,300000.0,"Jackets ,Pants ,Sportswear ,Outer Wears","822/3, Shewarapara, Dhaka, Mirpur",Dhaka,Mirpur,1985,"['Jackets', 'Pants', 'Sportswear', 'Outer Wears']",3600000.0,Very Large,40,1.0647359454855196,3066.4395229982965,4,0,0,1,0,0,0
Mission Apparel Industries,Woven,5.0,360.0,340,96000.0,"Shirts ,Pants ,Dresses ,Skirts","Fidc Road, Bscic Industrial Area, Chittagong, Kalurghat",Chittagong,Kalurghat,1989,"['Shirts', 'Pants', 'Dresses', 'Skirts']",1152000.0,Very Large,36,1.0588235294117647,3388.235294117647,4,0,0,1,0,0,0
Mission Fashion Ltd.,Knit,5.0,115.0,134,200000.0,"T-Shirts ,Polo Shirts","Sura Bari, Gazipur, Kashimpur",Gazipur,Kashimpur,2010,"['T-Shirts', 'Polo Shirts']",2400000.0,Very Large,15,0.8582089552238806,17910.44776119403,2,0,0,0,0,0,0
Mistia Sweaters Ltd.,Sweater,5.0,120.0,72,6666.0,Sweater,"Plot # B-85, Bscic I/E, Gazipur, Tongi",Gazipur,Tongi,2015,['Sweater'],79992.0,Medium,10,1.6666666666666667,1111.0,1,0,0,0,0,0,1
Miswar Hosiery Mills (P) Ltd.,Woven,5.0,930.0,461,250000.0,"Jackets ,Pants ,Overalls ,Dresses","Plot # 252, Ramarbag, Kutubpur, Narayanganj, Fatullah",Narayanganj,Fatullah,1985,"['Jackets', 'Pants', 'Overalls', 'Dresses']",3000000.0,Very Large,40,2.017353579175705,6507.592190889371,4,0,0,1,0,0,0
Mita Fashions Ltd.,Knit,5.0,200.0,103,60000.0,"Shirts ,Blouses ,Jackets","104, Borobag, Section -2, Dhaka, Mirpur",Dhaka,Mirpur,1991,"['Shirts', 'Blouses', 'Jackets']",720000.0,Large,34,1.941747572815534,6990.291262135922,3,0,0,0,0,0,0
Mitali Fashions Ltd.,Unknown,,0.0,0,1500000.0,"T-Shirts ,Polo Shirts ,Fleece Jackets ,Joggers","Berenda, Hatimara Road, Gazipur","Berenda, Hatimara Road",Gazipur,2020,"['T-Shirts', 'Polo Shirts', 'Fleece Jackets', 'Joggers']",18000000.0,Very Large,5,0.0,0.0,4,0,0,0,0,0,0
Mitchelle & Tigana Fashion Ltd.,Knit,5.0,300.0,165,250000.0,"T-Shirts ,Polo Shirts","Plot # B/109 -110, Bscic I/A, Narayanganj, Fatullah",Narayanganj,Fatullah,2014,"['T-Shirts', 'Polo Shirts']",3000000.0,Very Large,11,1.8181818181818181,18181.81818181818,2,0,0,0,0,0,0
Mithela Textile Industry,Woven,5.0,394.0,294,150000.0,"Shirts ,Jackets ,Pants","Khanpara, Duptara, Narayanganj, Araihazar",Narayanganj,Araihazar,2010,"['Shirts', 'Jackets', 'Pants']",1800000.0,Very Large,15,1.3401360544217686,6122.448979591837,3,0,0,1,0,0,0
Mithun Knitting & Dyeing (CEPZ) Ltd.,Knit,5.0,577.0,840,260000.0,"Kids Items ,T-Shirts ,Polo Shirts","Plot # 43-46, Sector # 4, South Halishahar, Chittagong, Cepz",Chittagong,Cepz,1998,"['Kids Items', 'T-Shirts', 'Polo Shirts']",3120000.0,Very Large,27,0.6869047619047619,3714.285714285714,3,0,0,0,0,0,0
MK Apparels Ltd.,Woven,5.0,1550.0,750,240000.0,"Shirts ,Pants","Plot # 60, Road # 7, Ward # 4, Block -A, Kukkumari, Dhaka, Savar",Dhaka,Savar,2012,"['Shirts', 'Pants']",2880000.0,Very Large,13,2.066666666666667,3840.0,2,0,0,1,0,0,0
MK Attire Ltd.,Woven,1.0,702.0,381,4800000.0,"Shirt ,Pant ,T-Shirt ,Polo Shirt","02, Kamarjuri, Word # 36, Gacha, National University, Gazipur, Gazipur",Gazipur,Gazipur,2022,"['Shirt', 'Pant', 'T-Shirt', 'Polo Shirt']",57600000.0,Very Large,3,1.8425196850393701,151181.10236220472,4,1,1,0,0,1,0
MK Fashions Ltd.,Knit,5.0,465.0,230,275000.0,"T-Shirts ,Ladies Dresses ,Night Wears","Tayebpur, Zirabo, Ashulia, Dhaka, Savar",Dhaka,Savar,1999,"['T-Shirts', 'Ladies Dresses', 'Night Wears']",3300000.0,Very Large,26,2.0217391304347827,14347.826086956522,3,0,0,0,0,0,0
MKM Designs Ltd.,Woven,1.0,604.0,248,100000.0,"Shirt ,Pant ,T-Shirt ,Polo Shirt","Issa Garden, Plot # 11/A, Kalurghat Industrial Area, Chandgaon, Chittagong, Chittagong",Chittagong,Chittagong,2023,"['Shirt', 'Pant', 'T-Shirt', 'Polo Shirt']",1200000.0,Very Large,2,2.435483870967742,4838.709677419355,4,1,1,0,0,1,0
MNC Apparels Limited,Woven,5.0,2450.0,1400,1000000.0,"Shirts ,Pants ,Trousers ,Shorts","Plot # 78-79, Section # 7, Road # 7, Chittagong, Cepz",Chittagong,Cepz,1995,"['Shirts', 'Pants', 'Trousers', 'Shorts']",12000000.0,Very Large,30,1.75,8571.42857142857,4,0,0,1,0,0,0
MNR DESIGN LTD.,Sweater,1.0,2000.0,500,0.0,Unknown,"Baraiderchala, Sreepur, Gazipur, Bangladesh., Gazipur, Gazipur",Gazipur,Gazipur,2019,[],0.0,,6,4.0,0.0,0,0,0,0,0,0,0
MNR Sweaters Ltd.,Sweater,5.0,1500.0,300,20000.0,Sweater,"Baraiderchala, Sreepur, Gazipur, Bangladesh., Gazipur, B. Baria",Gazipur,B. Baria,2013,['Sweater'],240000.0,Large,12,5.0,800.0,1,0,0,0,0,0,1
Moazzem Garment Inds. Ltd.,Woven,5.0,297.0,187,30000.0,"Pants ,Shortalls ,Shorts","31, Gulshan Avenue, Circle # 1, Dhaka, Gulshan",Dhaka,Gulshan,1985,"['Pants', 'Shortalls', 'Shorts']",360000.0,Large,40,1.588235294117647,1925.1336898395723,3,0,0,1,0,0,0
Model Apparels Ltd.,Woven,5.0,470.0,172,35000.0,"Jackets ,Pants ,Trousers","28/25, Stand Road, Chittagong, Mazirhat",Chittagong,Mazirhat,1999,"['Jackets', 'Pants', 'Trousers']",420000.0,Large,26,2.7325581395348837,2441.860465116279,3,0,0,1,0,0,0
Modele De Capital Ind. Ltd.,Knit,5.0,1300.0,1500,1560000.0,"Jackets ,Pullovers ,T-Shirts ,Polo Shirts","Talla Road, Khapur, Narayanganj, Fatullah",Narayanganj,Fatullah,2009,"['Jackets', 'Pullovers', 'T-Shirts', 'Polo Shirts']",18720000.0,Very Large,16,0.8666666666666667,12480.0,4,0,0,0,0,0,0
Modern Garments Ltd.,Woven,5.0,80.0,70,20000.0,"Shirts ,Ladies Blouses ,Jogging Suits ,Trousers","282, South Kafrul, Dhaka, Cantonment",Dhaka,Cantonment,1992,"['Shirts', 'Ladies Blouses', 'Jogging Suits', 'Trousers']",240000.0,Large,33,1.1428571428571428,3428.5714285714284,4,0,0,0,0,0,0
Modish Attires Limited,Knit,5.0,300.0,107,292000.0,"T-Shirts ,Polo Shirts ,Tank Top","Haji Complex, Iron Market, Police Line, Narayanganj, Fatullah",Narayanganj,Fatullah,2012,"['T-Shirts', 'Polo Shirts', 'Tank Top']",3504000.0,Very Large,13,2.803738317757009,32747.66355140187,3,0,0,0,0,0,0
Modiste (Bangladesh) Ltd.,Woven,5.0,750.0,693,360000.0,"Swim Wears ,Pants ,Shorts","51/C (A), Sagorika Road, Fozderhat Heavy I/A, Chittagong","51/C (A), Sagorika Road, Fozderhat Heavy I/A",Chittagong,1999,"['Swim Wears', 'Pants', 'Shorts']",4320000.0,Very Large,26,1.0822510822510822,6233.766233766234,3,0,0,1,0,0,0
Modiste (CEPZ) Ltd.,Knit,5.0,1440.0,399,383000.0,"Shirts ,Pants ,T-Shirts ,Polo Shirts","Plot # 33-36, Sector # 7, Chittagong, Cepz",Chittagong,Cepz,2010,"['Shirts', 'Pants', 'T-Shirts', 'Polo Shirts']",4596000.0,Very Large,15,3.6090225563909772,11518.796992481202,4,0,0,1,0,0,0
Mohabbat Garments & Printing Industry,Woven,1.0,1.0,52,0.0,"Shirt ,Pant ,T-Shirt ,Trouser","205/D, Uttarkhan, Helal Market, Uttara, Dhaka, Dhaka",Dhaka,Dhaka,2022,"['Shirt', 'Pant', 'T-Shirt', 'Trouser']",0.0,,3,0.019230769230769232,0.0,4,1,1,0,0,0,0
Mohammadi Apparels Ltd.,Woven,5.0,624.0,290,150000.0,"Shirts ,Blouses ,Pants ,Ladies Top","50, Lalbag Road, Dhaka, Lalbagh",Dhaka,Lalbagh,1985,"['Shirts', 'Blouses', 'Pants', 'Ladies Top']",1800000.0,Very Large,40,2.1517241379310343,6206.896551724138,4,0,0,1,0,0,0
Mohammadi Fashion Sweaters Ltd.,Sweater,5.0,1800.0,800,120000.0,"Men's Sweaters ,Ladies Sweaters ,Boy's Sweaters","Ka/52/A, Khilkhat Khapara, Dhaka, Badda",Dhaka,Badda,2002,"['Mens Sweaters', 'Ladies Sweaters', 'Boys Sweaters']",1440000.0,Very Large,23,2.25,1800.0,3,0,0,0,0,0,0
Mohammadi Group Ltd.,Woven,5.0,817.0,200,100000.0,"Shirts ,Ladies Shirts ,Boy's Shirts","32, Luxmipura (Ground, 1St & 2Nd Floor), Chondona, Joydevpur, Gazipur, Gazipur",Gazipur,Gazipur,2003,"['Shirts', 'Ladies Shirts', 'Boys Shirts']",1200000.0,Very Large,22,4.085,6000.0,3,0,0,0,0,0,0
Mohammadi Industries Ltd.,Woven,5.0,160.0,90,36000.0,"Knit Items ,Swim Trunks","27/42, Bscic I/A, Chittagong, Kalurghat",Chittagong,Kalurghat,1995,"['Knit Items', 'Swim Trunks']",432000.0,Large,30,1.7777777777777777,4800.0,2,0,0,0,0,0,0
Mohammadi Knit Star Ltd.,Sweater,5.0,2800.0,1863,2000000.0,Sweaters,"Bhabanipur, Mirzapur, Gazipur, Gazipur Sadar",Gazipur,Gazipur Sadar,2008,['Sweaters'],24000000.0,Very Large,17,1.5029522275899088,12882.447665056361,1,0,0,0,0,0,0
Mohara Asian Apparels Ltd.,Knit,5.0,1250.0,762,288000.0,"Shirts ,Jackets ,T-Shirts ,Boxers","472, Kalurghat I/A, Chittagong","472, Kalurghat I/A,",Chittagong,1992,"['Shirts', 'Jackets', 'T-Shirts', 'Boxers']",3456000.0,Very Large,33,1.6404199475065617,4535.433070866142,4,0,0,0,0,0,0
Mohona Fashion Ltd.,Knit,5.0,270.0,98,150000.0,"Shirts ,Pants ,T-Shirts ,Polo Shirts","380/7, Kunjaban, Tv Road, Dhaka, Rampura",Dhaka,Rampura,2016,"['Shirts', 'Pants', 'T-Shirts', 'Polo Shirts']",1800000.0,Very Large,9,2.7551020408163267,18367.34693877551,4,0,0,1,0,0,0
Mollah Apparels Ltd.,Knit,5.0,250.0,70,150000.0,"Shirts ,Infant wears ,T-shirts","Plot # B-424-427, Bscic Hosiery I/E, Shasongaon, Enayetnagar Fatullah, Narayangonj, Narayangonj",Narayangonj,Narayangonj,1994,"['Shirts', 'Infant wears', 'T-shirts']",1800000.0,Very Large,31,3.5714285714285716,25714.285714285714,3,0,0,0,0,0,0
Mollah Knit Fashions Ltd.,Knit,5.0,300.0,100,250000.0,"T-Shirts ,Polo Shirts ,Sweat Shirts ,Tank Tops","Plot # B-424-427, Bscic I/E, Shasongaon, Enayetnagar, Fatullah, Narayangonj, Narayangonj",Narayangonj,Narayangonj,2003,"['T-Shirts', 'Polo Shirts', 'Sweat Shirts', 'Tank Tops']",3000000.0,Very Large,22,3.0,30000.0,4,0,0,0,0,0,0
Mom Jacquard & Sewing,Sweater,1.0,450.0,209,37500.0,Sweater,"Maharabari, Word # 07, Hazir Bazar, Bhaluka, Mymensingh, Mymensingh",Mymensingh,Mymensingh,2022,['Sweater'],450000.0,Large,3,2.15311004784689,2153.1100478468898,1,0,0,0,0,0,1
Momen Apparels Ltd.,Woven,5.0,250.0,106,20000.0,"Shirts ,Pants","220/1, 1/1, West Kafrul, Begum Rokeya Sarani, Dhaka, Mirpur",Dhaka,Mirpur,2011,"['Shirts', 'Pants']",240000.0,Large,14,2.358490566037736,2264.1509433962265,2,0,0,1,0,0,0
Momena Apparels Ltd.,Knit,5.0,110.0,100,50000.0,"Shirts ,Pants ,T-Shirts ,Polo Shirts","92/2, Senpara, Porbota, Dhaka, Mirpur-10",Dhaka,Mirpur-10,2016,"['Shirts', 'Pants', 'T-Shirts', 'Polo Shirts']",600000.0,Large,9,1.1,6000.0,4,0,0,1,0,0,0
Momin Apparels Ltd.,Knit,5.0,220.0,85,28000.0,"Shirts ,Panties ,T-Shirts ,Tank Top","11, Hossain Shahid Sorwardy Road, Chittagong, Kotwali",Chittagong,Kotwali,2005,"['Shirts', 'Panties', 'T-Shirts', 'Tank Top']",336000.0,Large,20,2.588235294117647,3952.9411764705883,4,0,0,0,0,0,0
Momin Garments,Knit,5.0,150.0,95,300000.0,"T-Shirts ,Polo Shirts","Hari Nagor, Ranihati Bazar, Chapai Nawabganj, Shibganj",Chapai Nawabganj,Shibganj,2011,"['T-Shirts', 'Polo Shirts']",3600000.0,Very Large,14,1.5789473684210527,37894.73684210526,2,0,0,0,0,0,0
Momo Fashions Ltd.,Woven,1.0,7500.0,655,2400000.0,"Shirt ,Pant","Joypura, Dhamrai, Dhaka, Dhaka",Dhaka,Dhaka,2018,"['Shirt', 'Pant']",28800000.0,Very Large,7,11.450381679389313,43969.46564885496,2,0,1,0,0,0,0
Momtaj Fashions Ltd.,Knit,5.0,250.0,170,100000.0,"T-Shirts ,Polo Shirts","Wazedia, Panchlaish, Chittagong, Agrabad",Chittagong,Agrabad,1993,"['T-Shirts', 'Polo Shirts']",1200000.0,Very Large,32,1.4705882352941178,7058.823529411765,2,0,0,0,0,0,0
Monde Apparels Ltd.,Knit,5.0,475.0,211,156000.0,"Fleece Jackets ,Top-Bottom ,Pants","Khaja Super Market (6Th Floor), 7, Kalayanpur, Dhaka, Mirpur Road",Dhaka,Mirpur Road,2002,"['Fleece Jackets', 'Top-Bottom', 'Pants']",1872000.0,Very Large,23,2.251184834123223,8872.037914691944,3,0,0,1,0,0,0
Mondetex Fashion Ltd.,Woven,5.0,330.0,186,75000.0,"Wind Pants ,Wind Jackets ,Jogging Suite ,Shorts","68/X, Sagarica Road, Chittagong, Pahartoli",Chittagong,Pahartoli,2001,"['Wind Pants', 'Wind Jackets', 'Jogging Suite', 'Shorts']",900000.0,Large,24,1.7741935483870968,4838.709677419355,4,0,0,0,0,0,0
Mondol Apparels Ltd.,Knit,5.0,481.0,167,400000.0,"T-Shirts ,Polo Shirts","Parijat (Horinachala), Gazipur, Konabari",Gazipur,Konabari,2009,"['T-Shirts', 'Polo Shirts']",4800000.0,Very Large,16,2.8802395209580838,28742.51497005988,2,0,0,0,0,0,0
Mondol Fabrics Ltd.,Knit,5.0,2197.0,620,795000.0,"T-Shirts ,Polo Shirts ,Jackets","Nayapara, Gazipur, Kashimpur",Gazipur,Kashimpur,2004,"['T-Shirts', 'Polo Shirts', 'Jackets']",9540000.0,Very Large,21,3.543548387096774,15387.09677419355,3,0,0,0,0,0,0
Mondol Fashions Ltd.,Knit,5.0,585.0,145,400000.0,"T-Shirts ,Polo Shirts","Rashid Tower, Tongabari, Ashulia, Dhaka, Savar",Dhaka,Savar,2012,"['T-Shirts', 'Polo Shirts']",4800000.0,Very Large,13,4.0344827586206895,33103.44827586207,2,0,0,0,0,0,0
Mondol Intimates Ltd..,Knit,5.0,2050.0,0,12500000.0,"Shirts ,Pants ,T-Shirts","Shirir Chala, Bagher Bazar, Mahona Bhabanipur, Gazipur, Gazipur Sadar",Gazipur,Gazipur Sadar,2013,"['Shirts', 'Pants', 'T-Shirts']",150000000.0,Very Large,12,0.0,0.0,3,0,0,1,0,0,0
Mondol Knit Tex Ltd.,Knit,5.0,460.0,124,1000000.0,"T-Shirts ,Polo Shirts","Nayapara, Gazipur, Kashimpur",Gazipur,Kashimpur,2010,"['T-Shirts', 'Polo Shirts']",12000000.0,Very Large,15,3.7096774193548385,96774.19354838709,2,0,0,0,0,0,0
Mondol Knitwear Ltd.,Knit,5.0,420.0,0,100000000.0,"Shirts ,Pants ,T-Shirts","Nayapara, Kashimpur, Gazipur, Gazipur Sadar",Gazipur,Gazipur Sadar,2013,"['Shirts', 'Pants', 'T-Shirts']",1200000000.0,Very Large,12,0.0,0.0,3,0,0,1,0,0,0
Moni Fashion Ltd.,Sweater,5.0,1260.0,605,120000.0,"Pullovers ,Cardigans ,Jumpers","Shardagonj, Gazipur, Kashimpur",Gazipur,Kashimpur,2005,"['Pullovers', 'Cardigans', 'Jumpers']",1440000.0,Very Large,20,2.0826446280991737,2380.1652892561983,3,0,0,0,0,0,0
Monika Apparels,Knit,5.0,500.0,182,72000.0,"Shirts ,Pants ,T-Shirts ,Polo Shirts","Holding # C-1/6, Rarie Bari, Sabahhanbagh, Dhaka, Savar",Dhaka,Savar,2010,"['Shirts', 'Pants', 'T-Shirts', 'Polo Shirts']",864000.0,Large,15,2.7472527472527473,4747.252747252747,4,0,0,1,0,0,0
Monno Attire Ltd.,Knit,5.0,750.0,752,450000.0,"Shirts ,T-Shirts","Gilondo, Monno City, Manikganj","Gilondo, Monno City",Manikganj,2006,"['Shirts', 'T-Shirts']",5400000.0,Very Large,19,0.9973404255319149,7180.851063829788,2,0,0,0,0,0,0
Monowara Apparels Ltd.,Woven,5.0,490.0,310,50000.0,"Shirts ,Pants ,Frock ,Rumpers","10/D, Shilpa Plot # D/19/B, Dhaka, Mirpur",Dhaka,Mirpur,2009,"['Shirts', 'Pants', 'Frock', 'Rumpers']",600000.0,Large,16,1.5806451612903225,1935.483870967742,4,0,0,1,0,0,0
Monowara Textile Mills Ltd.,Knit,5.0,600.0,600,30000.0,T-Shirts/Polo Shirts,"Plot # 225, Masdair, Narayanganj, Fatullah",Narayanganj,Fatullah,1988,['T-ShirtsPolo Shirts'],360000.0,Large,37,1.0,600.0,1,0,0,0,0,0,0
Montex Apparels Limited.,Knit,5.0,264.0,168,72000.0,"Briefs ,Tank Tops ,Panties","271, Dhaka Trunk Road, Chittagong, Kadamtali",Chittagong,Kadamtali,1995,"['Briefs', 'Tank Tops', 'Panties']",864000.0,Large,30,1.5714285714285714,5142.857142857143,3,0,0,0,0,0,0
Montex Fabrics Ltd.,Knit,5.0,891.0,157,160000.0,"T-Shirts ,Polo Shirts ,Jackets","Nayapara, Gazipur, Kashimpur",Gazipur,Kashimpur,2001,"['T-Shirts', 'Polo Shirts', 'Jackets']",1920000.0,Very Large,24,5.67515923566879,12229.299363057326,3,0,0,0,0,0,0
Monwara Hero Apparels Ltd.,Knit,5.0,250.0,130,750000.0,"Jeans Wear ,Knit Items ,Polar Fleece Items ,Lingerie","Hoque Market (2Nd Floor), 859, Bahaddarhat, Chittagong","Hoque Market (2Nd Floor), 859, Bahaddarhat",Chittagong,2001,"['Jeans Wear', 'Knit Items', 'Polar Fleece Items', 'Lingerie']",9000000.0,Very Large,24,1.9230769230769231,69230.76923076923,4,0,0,0,0,0,0
Moon Fashion Ltd.,Woven,5.0,450.0,250,72000.0,"Shirts ,Jackets ,Pants ,Board Shorts","68/X, Sagarica Road, Fouderhat Heavy I/A, Chittagong","68/X, Sagarica Road, Fouderhat Heavy I/A",Chittagong,1998,"['Shirts', 'Jackets', 'Pants', 'Board Shorts']",864000.0,Large,27,1.8,3456.0,4,0,0,1,0,0,0
Moon Readywears Ltd.,Unknown,,30.0,265,90000.0,"Shirts ,Trousers ,Children Wears ,Payjama sets","Vill-Biron, Zirabo, Diakhali, Dhaka","Vill-Biron, Zirabo, Diakhali",Dhaka,1993,"['Shirts', 'Trousers', 'Children Wears', 'Payjama sets']",1080000.0,Very Large,32,0.11320754716981132,4075.4716981132074,4,0,0,0,0,0,0
Moon Star Garments Ltd,Woven,5.0,220.0,123,40000.0,"Shirts ,Jackets ,Pants ,Trousers","147, Chand Meah Lane, Chittagong, Khatunganj",Chittagong,Khatunganj,2000,"['Shirts', 'Jackets', 'Pants', 'Trousers']",480000.0,Large,25,1.7886178861788617,3902.439024390244,4,0,0,1,0,0,0
Moonlight Garments Ltd.,Unknown,,0.0,0,100000.0,"Shirts ,Tousers ,Blouses","Kunia Pachar (Targach), K.B. Bazar, Gazipur, Gazipur, Gazipur",Gazipur,Gazipur,1985,"['Shirts', 'Tousers', 'Blouses']",1200000.0,Very Large,40,0.0,0.0,3,0,0,0,0,0,0
Moonlit Fashion BD Limited,Knit,1.0,4.0,44,850000.0,"T-Shirt ,Polo Shirt ,Shorts ,Top","Holding # 1187/1, Block # C, Ward # 19, South Salna, Gazipur, Gazipur",Gazipur,Gazipur,2023,"['T-Shirt', 'Polo Shirt', 'Shorts', 'Top']",10200000.0,Very Large,2,0.09090909090909091,231818.18181818182,4,1,0,0,0,1,0
Moonlux Apparels Ltd.,Knit,5.0,475.0,304,300000.0,"Shirts ,Pants","M.S. Tower, Siddhirgang Pool, Narayanganj, Siddhirgang",Narayanganj,Siddhirgang,2013,"['Shirts', 'Pants']",3600000.0,Very Large,12,1.5625,11842.105263157895,2,0,0,1,0,0,0
Moonlux Composite Knit Garments Ltd.,Knit,5.0,500.0,170,315000.0,"T-Shirts ,Polo Shirts ,Knit Garments","R.S. Dag # 7504, 7505 Sumril Para, Narayanganj, Siddirganj",Narayanganj,Siddirganj,2005,"['T-Shirts', 'Polo Shirts', 'Knit Garments']",3780000.0,Very Large,20,2.9411764705882355,22235.29411764706,3,0,0,0,0,0,0
Moonlux Knit Garments Ltd.,Knit,5.0,500.0,300,250000.0,"T-Shirts ,Polo Shirts","Holding # B-11, Ms Tower-3, Siddirganj Pool, Siddirganj, Narayanganj, Narayangonj",Narayanganj,Narayangonj,2010,"['T-Shirts', 'Polo Shirts']",3000000.0,Very Large,15,1.6666666666666667,10000.0,2,0,0,0,0,0,0
Moontaha Apparels Limited,Knit,1.0,3.0,182,360000.0,"T-Shirt ,Panty ,Boxer ,Brief","Baktiar Complex (3Rd - 5Th Floor), 2112, Hajipara, Baizid, Chittagong, Chittagong",Chittagong,Chittagong,2022,"['T-Shirt', 'Panty', 'Boxer', 'Brief']",4320000.0,Very Large,3,0.016483516483516484,23736.263736263736,4,1,0,0,0,0,0
Moontaha Fashion Limited,Woven,1.0,3.0,96,650000.0,"T-Shirt ,Boxer","Munna Complex, 228 Dighirpar, Nazma Khatun Lane, Dewanhat, Chittagong, Chittagong",Chittagong,Chittagong,2022,"['T-Shirt', 'Boxer']",7800000.0,Very Large,3,0.03125,81250.0,2,1,0,0,0,0,0
Moontex Design Ltd.,Sweater,5.0,206.0,2481,46080.0,Sweater,"34, Rahmat Towar, Joydebpur, Gazipur, Chowrasta",Gazipur,Chowrasta,2016,['Sweater'],552960.0,Large,9,0.083031035872632,222.87787182587667,1,0,0,0,0,0,1
Moral Fashions Ltd.,Knit,1.0,4.0,380,200000.0,"T-Shirt ,Polo Shirt ,Pant ,Jacket","39, Kuturia, Dewan Market, Ashulia, Savar, Savar, Dhaka",Savar,Dhaka,2022,"['T-Shirt', 'Polo Shirt', 'Pant', 'Jacket']",2400000.0,Very Large,3,0.010526315789473684,6315.789473684211,4,1,0,0,1,1,0
Morshed Ltd.,Unknown,,0.0,0,120000.0,"Shirts ,Pants","786, Nandipara, Dhaka","786, Nandipara,",Dhaka,2020,"['Shirts', 'Pants']",1440000.0,Very Large,5,0.0,0.0,2,0,0,1,0,0,0
Mostafa Garments Inds. Ltd.,Woven,5.0,500.0,569,300000.0,"Jacket ,Shortall Set ,Trousers ,Shorts","40, Agrabad C/A, Chittagong, Chittagong",Chittagong,Chittagong,1992,"['Jacket', 'Shortall Set', 'Trousers', 'Shorts']",3600000.0,Very Large,33,0.8787346221441125,6326.88927943761,4,0,0,0,1,0,0
Motex Fashion,Sweater,1.0,229.0,215,83334.0,"Sweater ,T-Shirt ,Polo Shirt","802/1, Zajor, National University, Gazipur, Gazipur",Gazipur,Gazipur,2018,"['Sweater', 'T-Shirt', 'Polo Shirt']",1000008.0,Very Large,7,1.0651162790697675,4651.2,3,1,0,0,0,1,1
Mother Fashions Knitwear,Knit,5.0,145.0,93,156000.0,"T-Shirts ,Polo Shirts","Bhai Bhai Super Market (2Nd Fl), Pallibiddut, Ashulia, Dhaka, Savar",Dhaka,Savar,2010,"['T-Shirts', 'Polo Shirts']",1872000.0,Very Large,15,1.5591397849462365,20129.032258064515,2,0,0,0,0,0,0
Mouchak Apparels Ltd.,Knit,1.0,4.0,100,350000.0,"T-Shirt ,Polo Shirt ,Jacket ,Pyjama","Mouchak, Kaliakair, Gazipur, Gazipur, Gazipur",Gazipur,Gazipur,2022,"['T-Shirt', 'Polo Shirt', 'Jacket', 'Pyjama']",4200000.0,Very Large,3,0.04,42000.0,4,1,0,0,1,1,0
Mouchak Knit Composite Ltd.,Knit,5.0,230.0,91,130000.0,"T-Shirts ,Polo Shirts","Mouchak, Gazipur, Kaliakoir",Gazipur,Kaliakoir,2010,"['T-Shirts', 'Polo Shirts']",1560000.0,Very Large,15,2.5274725274725274,17142.85714285714,2,0,0,0,0,0,0
Mouli Garments (Pvt.) Ltd.,Woven,5.0,380.0,220,60000.0,"Jackets ,Trousers","House # 11, Mouli House, Road # 14, P.C. Culture H. Society Ltd., Dhaka, Mohammadpur",Dhaka,Mohammadpur,1993,"['Jackets', 'Trousers']",720000.0,Large,32,1.7272727272727273,3272.7272727272725,2,0,0,0,0,0,0
Mouly Fashion Ltd.,Knit,5.0,460.0,479,225000.0,"Shirts ,Pants ,T-Shirts ,Polo Shirts","Plot # A-100 (North), Bscic I/A, Gazipur, Tongi",Gazipur,Tongi,2009,"['Shirts', 'Pants', 'T-Shirts', 'Polo Shirts']",2700000.0,Very Large,16,0.9603340292275574,5636.743215031315,4,0,0,1,0,0,0
Moumita Fashions Ltd.,Woven,1.0,2.0,136,350000.0,"T-Shirt ,Polo Shirt ,Trouser ,Pant","Akran (Pukurpar), Birulia, Savar, Dhaka, Dhaka",Dhaka,Dhaka,2023,"['T-Shirt', 'Polo Shirt', 'Trouser', 'Pant']",4200000.0,Very Large,2,0.014705882352941176,30882.352941176472,4,1,0,0,0,1,0
Mount Clothing Manufacturer Ltd.,Woven,1.0,133.0,57,104000.0,"Shirt ,Pant ,T-Shirt ,Polo Shirt","35, Kamarpara, Thana Road, Turag, Dhaka, Dhaka",Dhaka,Dhaka,2022,"['Shirt', 'Pant', 'T-Shirt', 'Polo Shirt']",1248000.0,Very Large,3,2.3333333333333335,21894.736842105263,4,1,1,0,0,1,0
Moushumi Knit Composite Ltd.,Knit,5.0,344.0,156,90000.0,"T-Shirts ,Polo Shirts","South Panishail, Gazipur, Kashimpur",Gazipur,Kashimpur,2012,"['T-Shirts', 'Polo Shirts']",1080000.0,Very Large,13,2.2051282051282053,6923.076923076923,2,0,0,0,0,0,0
Mousumi Towels Limited,Woven,5.0,200.0,40,72000.0,Towels,"Anjuman Bldg., 155, Anderkilla, Chittagong, Kotawali",Chittagong,Kotawali,1997,['Towels'],864000.0,Large,28,5.0,21600.0,1,0,0,0,0,0,0
Movivo Apparels Ltd.,Woven,5.0,1353.0,372,316667.0,"Shirts ,Pants","113, Baipail, Ashulia, Dhaka, Savar",Dhaka,Savar,2015,"['Shirts', 'Pants']",3800004.0,Very Large,10,3.6370967741935485,10215.064516129032,2,0,0,1,0,0,0
Mozart Knit Ltd.,Knit,5.0,2100.0,439,660000.0,"Jackets ,Shorts ,T-Shirts ,Polo Shirts","Basaid, Ashulia, Dhaka, Savar",Dhaka,Savar,2008,"['Jackets', 'Shorts', 'T-Shirts', 'Polo Shirts']",7920000.0,Very Large,17,4.783599088838269,18041.00227790433,4,0,0,0,0,0,0
MPL Wear Ltd.,Knit,5.0,709.0,180,2420400.0,"T-Shirts ,Polo Shirts ,Tank Top ,Legging","225/221, Khairtul Mouza, Gazipura, Sataish Road, Gazipur, Tongi",Gazipur,Tongi,2005,"['T-Shirts', 'Polo Shirts', 'Tank Top', 'Legging']",29044800.0,Very Large,20,3.938888888888889,161360.0,4,0,0,0,0,0,0
MR Apparels,Woven,1.0,1.0,98,13000.0,"Shirt ,Pant ,T-Shirt ,Polo Shirt","2164-2165, Baparipara, Helal Market, Uttarkhan, Uttara, Dhaka, Dhaka",Dhaka,Dhaka,2023,"['Shirt', 'Pant', 'T-Shirt', 'Polo Shirt']",156000.0,Large,2,0.01020408163265306,1591.8367346938776,4,1,1,0,0,1,0
Mridha Fashions Ltd.,Knit,5.0,305.0,95,125000.0,"T-Shirts ,Polo Shirts ,Payjama ,Tank Tops","Boupara, Vowal Mirzapur, Gazipur, Gazipur Sadar",Gazipur,Gazipur Sadar,1993,"['T-Shirts', 'Polo Shirts', 'Payjama', 'Tank Tops']",1500000.0,Very Large,32,3.210526315789474,15789.473684210527,4,0,0,0,0,0,0
MRS Design Ltd.,Woven,1.0,2.0,342,1800000.0,"Sweat Shirt ,Jogging Suit ,Jacket ,Pant","1244, South Shampur, Hemayetpur, Savar, Dhaka, Dhaka",Dhaka,Dhaka,2023,"['Sweat Shirt', 'Jogging Suit', 'Jacket', 'Pant']",21600000.0,Very Large,2,0.005847953216374269,63157.89473684211,4,0,0,0,1,0,0
MS Knit Design Ltd.,Knit,5.0,352.0,180,50000000.0,"T-Shirts ,Polo Shirts","Vhorari Battala, Rajfulbaria, Hemayetpur, Dhaka, Savar",Dhaka,Savar,2016,"['T-Shirts', 'Polo Shirts']",600000000.0,Very Large,9,1.9555555555555555,3333333.3333333335,2,0,0,0,0,0,0
MTM Garments Ltd.,Woven,5.0,112.0,52,270000.0,"Shirts ,Pants","15934/16004, Chandpara, Medical Road, Uttarkhan, Dhaka, Uttara",Dhaka,Uttara,2014,"['Shirts', 'Pants']",3240000.0,Very Large,11,2.1538461538461537,62307.692307692305,2,0,0,1,0,0,0
MTS Garments Ltd.,Woven,5.0,550.0,400,60000.0,"Jackets ,Pants ,Cargo Shorts","86, Dewanhat, Chittagong","86, Dewanhat,",Chittagong,1983,"['Jackets', 'Pants', 'Cargo Shorts']",720000.0,Large,42,1.375,1800.0,3,0,0,1,0,0,0
Muazuddin Knit Fashion Ltd.,Knit,5.0,0.0,233,1100000.0,"T-Shirts ,Polo Shirts ,Fancy Items","B/31, East Chandura, Gazipur, Kaliakoir",Gazipur,Kaliakoir,2009,"['T-Shirts', 'Polo Shirts', 'Fancy Items']",13200000.0,Very Large,16,0.0,56652.36051502146,3,0,0,0,0,0,0
Muazuddin Textile Ltd.,Knit,5.0,300.0,104,215716.0,"Knit Items ,Shorts","Plot # B-8 & 9, Bscic I/A, Gazipur, Konabari",Gazipur,Konabari,2001,"['Knit Items', 'Shorts']",2588592.0,Very Large,24,2.8846153846153846,24890.30769230769,2,0,0,0,0,0,0
Muksudpur Apparels Ltd.,Woven,5.0,600.0,309,130000.0,"Shirts ,Jackets ,Pants","Holding # 27, Milk Vita Road, Section # 7, Pallabi, Dhaka, Mirpur",Dhaka,Mirpur,2010,"['Shirts', 'Jackets', 'Pants']",1560000.0,Very Large,15,1.941747572815534,5048.543689320389,3,0,0,1,0,0,0
Mukta Apparels Limited,Woven,5.0,250.0,140,36000.0,"Jackets ,Shortalls ,Trousers","539, Reaz Uddin Road, Chittagong, Kotawali",Chittagong,Kotawali,1996,"['Jackets', 'Shortalls', 'Trousers']",432000.0,Large,29,1.7857142857142858,3085.714285714286,3,0,0,0,0,0,0
Mukul Knitwear Ltd.,Knit,5.0,580.0,254,700000.0,T-Shirts,"Nilnagar, Gazipur, Gazipur Sadar",Gazipur,Gazipur Sadar,2012,['T-Shirts'],8400000.0,Very Large,13,2.283464566929134,33070.86614173228,1,0,0,0,0,0,0
Multi Modern Apparels Ltd.,Sweater,5.0,302.0,270,36000.0,Sweaters,"Ilfil Complex, Bada Kalmashar, National University, Gazipur, Board Bazar",Gazipur,Board Bazar,2002,['Sweaters'],432000.0,Large,23,1.1185185185185185,1600.0,1,0,0,0,0,0,0
Multi Safh Bags Ltd.,Woven,5.0,450.0,325,104000.0,"Jackets ,Pants ,Begs","Sfb # 6, East Wing, South Halishahar, Chittagong, Cepz",Chittagong,Cepz,1998,"['Jackets', 'Pants', 'Begs']",1248000.0,Very Large,27,1.3846153846153846,3840.0,3,0,0,1,0,0,0
Multifabs Ltd.,Knit,5.0,2600.0,1250,145000.0,"T-Shirts ,Polo Shirts ,Tank Tops","Nayapara, Gazipur, Kashimpur",Gazipur,Kashimpur,1994,"['T-Shirts', 'Polo Shirts', 'Tank Tops']",1740000.0,Very Large,31,2.08,1392.0,3,0,0,0,0,0,0
Multiple Fashions Ltd.,Woven,5.0,300.0,200,104000.0,"Shirts ,Jackets ,Shorts","271, Tejgaon I/A, Dhaka, Tejgaon",Dhaka,Tejgaon,1995,"['Shirts', 'Jackets', 'Shorts']",1248000.0,Very Large,30,1.5,6240.0,3,0,0,0,0,0,0
Multitex Knit Composite Ltd.,Knit,5.0,850.0,868,1300000.0,"T-Shirts ,Polo Shirts ,Hoody ,Jacket","Reliance Industrial Parl, 93, Islampur, Gazipur, Gazipur",Gazipur,Gazipur,2016,"['T-Shirts', 'Polo Shirts', 'Hoody', 'Jacket']",15600000.0,Very Large,9,0.9792626728110599,17972.350230414748,4,0,0,0,1,0,0
Multivers Apparel (Pvt) Ltd.,Woven,1.0,7.0,74,1000000.0,"T-Shirt ,Polo Shirt ,Trouser ,Jacket","Dag No. 10322,10323 &10341, Uzampur, Uttarkhan, Dhaka, Dhaka",Dhaka,Dhaka,2023,"['T-Shirt', 'Polo Shirt', 'Trouser', 'Jacket']",12000000.0,Very Large,2,0.0945945945945946,162162.16216216216,4,1,0,0,1,1,0
Muma Fashions Ltd.,Woven,5.0,0.0,33,0.0,"Shirts ,Blouses ,Shorts","Plot # 7, Road # 9, Block - C, Section # 6, Dhaka, Mirpur",Dhaka,Mirpur,1998,"['Shirts', 'Blouses', 'Shorts']",0.0,,27,0.0,0.0,3,0,0,0,0,0,0
Murad Apparels Ltd.,Woven,5.0,1925.0,1380,46800.0,"Long Dress ,Pant ,Jacket ,Skirt","190, Inner Circular Road, Dhaka, Dhaka",Dhaka,Dhaka,1995,"['Long Dress', 'Pant', 'Jacket', 'Skirt']",561600.0,Large,30,1.394927536231884,406.95652173913044,4,0,0,0,1,0,0
Musk Sweater Composite Ltd.,Sweater,5.0,900.0,600,96000.0,"Sweaters ,Pullovers ,Cardigans ,Dyed Yarn","Shinaboha, Mouchak, Gazipur, Kaliakoir",Gazipur,Kaliakoir,2003,"['Sweaters', 'Pullovers', 'Cardigans', 'Dyed Yarn']",1152000.0,Very Large,22,1.5,1920.0,4,0,0,0,0,0,0
Musk Trousers Ltd.,Woven,5.0,230.0,280,100000.0,"Women Dress ,Babies Dress ,Sport Dress","House # 82, New Airport Road, Dhaka, Banani",Dhaka,Banani,2005,"['Women Dress', 'Babies Dress', 'Sport Dress']",1200000.0,Very Large,20,0.8214285714285714,4285.714285714285,3,0,0,0,0,0,0
Muslin Textile Mills Ltd.,Knit,5.0,750.0,370,400000.0,Knit Items,"519, Chatar, Gazipur, Gazipur Sadar",Gazipur,Gazipur Sadar,1996,['Knit Items'],4800000.0,Very Large,29,2.027027027027027,12972.972972972973,1,0,0,0,0,0,0
Mustaque Fashion Wear,Woven,5.0,195.0,78,10400.0,"Jackets ,Blouses ,Jogging sets","2/8, Tolarbag, Section # 1, Dhaka, Mirpur",Dhaka,Mirpur,1991,"['Jackets', 'Blouses', 'Jogging sets']",124800.0,Large,34,2.5,1600.0,3,0,0,0,0,0,0
Mutual Apparels Ltd.,Woven,5.0,1200.0,350,300000.0,"Shirts ,Pants","Holding # 95/2, Road # 2, Ward # 5, Block # 8, Gouripur, Ashulia, Dhaka, Savar",Dhaka,Savar,2015,"['Shirts', 'Pants']",3600000.0,Very Large,10,3.4285714285714284,10285.714285714286,2,0,0,1,0,0,0
My Choice Enterprise Ltd.,Woven,5.0,400.0,350,50000.0,"Shirts ,Jackets ,Pants","Plot-M/4/4, Road # 7, Section-7, Dhaka, Mirpur",Dhaka,Mirpur,1992,"['Shirts', 'Jackets', 'Pants']",600000.0,Large,33,1.1428571428571428,1714.2857142857142,3,0,0,1,0,0,0
Mystic Home Textile (BD) Limited,Knit,1.0,2.0,172,100000.0,"T-Shirt ,Polo Shirt","16/2, Vagdi, Narsingdi Sadar, Narsingdi, Narshingdi",Narsingdi,Narshingdi,2022,"['T-Shirt', 'Polo Shirt']",1200000.0,Very Large,3,0.011627906976744186,6976.7441860465115,2,1,0,0,0,1,0
N.A. Garments Ltd.,Woven,5.0,145.0,64,30000.0,"Shirts ,Ladies Blouses ,Trousers, Shorts","Plot # 36, Road # 46, Gulshan North C/A, Dhaka, Gulshan",Dhaka,Gulshan,1985,"['Shirts', 'Ladies Blouses', 'Trousers', 'Shorts']",360000.0,Large,40,2.265625,5625.0,4,0,0,0,0,0,0
N.A.Z Fashions And Apparels Ltd.,Woven,1.0,148.0,125,2500000.0,"Shirt ,Pant ,T-Shirt ,Polo Shirt","Aukpara, Ashulia, Savar, Dhaka, Dhaka",Dhaka,Dhaka,2021,"['Shirt', 'Pant', 'T-Shirt', 'Polo Shirt']",30000000.0,Very Large,4,1.184,240000.0,4,1,1,0,0,1,0
N.F.Z Teri Textiles Ltd.,Woven,1.0,2.0,51,3000.0,"Shirt ,Pant ,T-Shirt ,Polo Shirt","West Gomdandy,Shakpura, Boalkhali, Chittagong, Chittagong",Chittagong,Chittagong,2022,"['Shirt', 'Pant', 'T-Shirt', 'Polo Shirt']",36000.0,Medium,3,0.0392156862745098,705.8823529411765,4,1,1,0,0,1,0
N.I. Design Wear Ltd.,Woven,5.0,350.0,114,400000.0,"Shirts ,Pants","Commerce Corner Complex, 95, South Khapara, Auchpara, Gazipur, Tongi",Gazipur,Tongi,2012,"['Shirts', 'Pants']",4800000.0,Very Large,13,3.0701754385964914,42105.26315789474,2,0,0,1,0,0,0
N.K. Sweaters Ltd.,Sweater,5.0,350.0,162,0.0,Sweaters,"Inds. Plot # A-139, Bscic, Gazipur, Konabari",Gazipur,Konabari,2003,['Sweaters'],0.0,,22,2.1604938271604937,0.0,1,0,0,0,0,0,0
N.K.K. Knitwear Ltd.,Knit,5.0,450.0,395,96000.0,"Shirts ,Jackets ,T-Shirts","Kutubail, Narayanganj, Futullah",Narayanganj,Futullah,1995,"['Shirts', 'Jackets', 'T-Shirts']",1152000.0,Very Large,30,1.139240506329114,2916.4556962025317,3,0,0,0,0,0,0
N.K.L. Apparels Ltd.,Woven,5.0,300.0,140,45000.0,"Jackets ,Overalls ,Pants","House # 52, Plot # 238 (2Nd - 5Th Fl), Satarkul Road, Abdullahbagh More, Dhaka, Uttar Badda",Dhaka,Uttar Badda,2007,"['Jackets', 'Overalls', 'Pants']",540000.0,Large,18,2.142857142857143,3857.1428571428573,3,0,0,1,0,0,0
N.N. Garments Ltd.,Woven,5.0,450.0,250,90000.0,"Jackets ,Trousers ,Shorts","30, Ring Road, Adabor, Dhaka, Shamoli",Dhaka,Shamoli,1985,"['Jackets', 'Trousers', 'Shorts']",1080000.0,Very Large,40,1.8,4320.0,3,0,0,0,0,0,0
N.R. Creations Ltd.,Woven,1.0,152.0,200,165000.0,T-Shirt,"Kuturia, Dewan Market, Holding # 76, Ward # 01, Block # A, Road # 08, Savar Cantonment, Dhaka, Dhaka",Dhaka,Dhaka,2020,['T-Shirt'],1980000.0,Very Large,5,0.76,9900.0,1,1,0,0,0,0,0
N.R. Knitting Mills Ltd.,Knit,5.0,1200.0,350,75000.0,"T-Shirts, Tank Tops ,Serafino","60, Banga Bandhu Road, Narayanganj, B.B. Road",Narayanganj,B.B. Road,1994,"['T-Shirts', 'Tank Tops', 'Serafino']",900000.0,Large,31,3.4285714285714284,2571.4285714285716,3,0,0,0,0,0,0
N.R.C. Knit Fashions Ltd.,Sweater,5.0,520.0,393,60000.0,"Sweaters ,Pullovers ,Cardigans","N.R. Complex, Naya Masjid Road, Chittagong, Chaktai",Chittagong,Chaktai,2003,"['Sweaters', 'Pullovers', 'Cardigans']",720000.0,Large,22,1.3231552162849873,1832.0610687022902,3,0,0,0,0,0,0
N.R.R. Fashion Ltd.,Knit,5.0,200.0,59,2000000.0,"T-Shirts ,Polo Shirts","Plot # A-81, Bscic Industrial Estate, Narayanganj, Fatullah",Narayanganj,Fatullah,2014,"['T-Shirts', 'Polo Shirts']",24000000.0,Very Large,11,3.389830508474576,406779.66101694916,2,0,0,0,0,0,0
N.S. Dresses Ltd.,Knit,5.0,120.0,84,40000.0,"T-Shirts ,Polo Shirts","Boktier Mansion (3Rd & 4Th Fl), Wazadia Madrasha, Chittagong, Bayzid Bostami",Chittagong,Bayzid Bostami,2012,"['T-Shirts', 'Polo Shirts']",480000.0,Large,13,1.4285714285714286,5714.285714285715,2,0,0,0,0,0,0
N.T. Apparels Ltd.,Knit,5.0,300.0,200,60000000.0,"T-Shirts ,Polo Shirts","Nandalalpur Road, Pilkuni, Narayanganj, Fatullah",Narayanganj,Fatullah,2014,"['T-Shirts', 'Polo Shirts']",720000000.0,Very Large,11,1.5,3600000.0,2,0,0,0,0,0,0
N.T. Apparels Unit-2 Ltd.,Woven,5.0,200.0,170,120000.0,"Shirts ,Pants","Nandalalpur Road, Pilkuni, Narayanganj, Fatullah",Narayanganj,Fatullah,2015,"['Shirts', 'Pants']",1440000.0,Very Large,10,1.1764705882352942,8470.588235294117,2,0,0,1,0,0,0
Naab Fashions Ltd.,Woven,5.0,550.0,300,96000.0,"Jackets ,Overalls ,Bottoms ,Long Pants","Ka-220/12, Khilkhet, Namapara, Dhaka, Nama Para",Dhaka,Nama Para,2007,"['Jackets', 'Overalls', 'Bottoms', 'Long Pants']",1152000.0,Very Large,18,1.8333333333333333,3840.0,4,0,0,0,0,0,0
Naba Apparels Ltd.,Knit,5.0,350.0,112,675000.0,"Under Garments ,Sleep Wears ,T-Shirts ,Outer Wears","Alam Super Market (3Rd Floor), 413, New Jurain, Dhaka, Postagola",Dhaka,Postagola,1993,"['Under Garments', 'Sleep Wears', 'T-Shirts', 'Outer Wears']",8100000.0,Very Large,32,3.125,72321.42857142857,4,0,0,0,0,0,0
Naba Export Ltd.,Knit,5.0,500.0,250,120000.0,"T-Shirts ,Jackets ,Trousers ,Boxers","9125/9126, Shakpura, Boalkhali, Chittagong","9125/9126, Shakpura, Boalkhali",Chittagong,2008,"['T-Shirts', 'Jackets', 'Trousers', 'Boxers']",1440000.0,Very Large,17,2.0,5760.0,4,0,0,0,0,0,0
Nabila Rahman Cap International (Pvt.) Ltd.,Woven,1.0,5.0,150,1500000.0,"Shirt ,Pant ,T-Shirt ,Jacket","Ramchandrapur, Muradnagar, Comilla, Comilla",Comilla,Comilla,2023,"['Shirt', 'Pant', 'T-Shirt', 'Jacket']",18000000.0,Very Large,2,0.03333333333333333,120000.0,4,1,1,0,1,0,0
Nadia Garments Ltd.,Woven,5.0,295.0,140,52000.0,"Shirts ,Blouses ,Maxi ,Shorts","44, New Eskaton Road, Dhaka, Moghbazar",Dhaka,Moghbazar,1986,"['Shirts', 'Blouses', 'Maxi', 'Shorts']",624000.0,Large,39,2.107142857142857,4457.142857142857,4,0,0,0,0,0,0
Naf Fashion Ltd.,Woven,1.0,4.0,190,0.0,"Shirt ,Pant ,T-Shirt ,Polo Shirt","Talotia, Railgate, Mirer Bazar, Pubail, Gazipur, Gazipur",Gazipur,Gazipur,2022,"['Shirt', 'Pant', 'T-Shirt', 'Polo Shirt']",0.0,,3,0.021052631578947368,0.0,4,1,1,0,0,1,0
Nafa Apparels Ltd.,Woven,5.0,1435.0,500,100000.0,"Shirts ,Jackets ,T-Shirts","F1 # 35, Uttara Model Town, Sector # 3, Dhaka, Uttara",Dhaka,Uttara,2004,"['Shirts', 'Jackets', 'T-Shirts']",1200000.0,Very Large,21,2.87,2400.0,3,0,0,0,0,0,0
Nafisa Apparels Ltd.,Knit,5.0,0.0,0,360000.0,"T-Shirts ,Polo Shirts ,Panties ,A Shirts","Plot # A-9, 10, 11, Kalurghat I/E, Chittagong","Plot # A-9, 10, 11, Kalurghat I/E",Chittagong,2007,"['T-Shirts', 'Polo Shirts', 'Panties', 'A Shirts']",4320000.0,Very Large,18,0.0,0.0,4,0,0,0,0,0,0
Nafs Fashion Ltd.,Woven,5.0,250.0,170,25000.0,"Jackets ,Shorts","N.T. Centre, 911/4, Badurtala, Chittagong","N.T. Centre, 911/4, Badurtala",Chittagong,1999,"['Jackets', 'Shorts']",300000.0,Large,26,1.4705882352941178,1764.7058823529412,2,0,0,0,0,0,0
Nahiyan Fashions Ltd.,Knit,5.0,450.0,275,140000.0,"T-Shirts ,Fleece Jackets ,Polo Shirts ,Shorts","Ka 6/1, Khilkhet Tanpara, Joarsahara, Nikunja-2, Dhaka, Airport Road",Dhaka,Airport Road,2000,"['T-Shirts', 'Fleece Jackets', 'Polo Shirts', 'Shorts']",1680000.0,Very Large,25,1.6363636363636365,6109.090909090909,4,0,0,0,0,0,0
Naila Fashion (Pvt) Ltd.,Woven,5.0,450.0,425,62000.0,"Jackets ,Overalls ,Pants ,Shirts","Moghal Complex (3Rd - 6Th Floor), Vogra, National University, Gazipur","Moghal Complex (3Rd - 6Th Floor), Vogra, National University",Gazipur,2004,"['Jackets', 'Overalls', 'Pants', 'Shirts']",744000.0,Large,21,1.0588235294117647,1750.5882352941176,4,0,0,1,0,0,0
Naim Garments Ltd.,Woven,5.0,220.0,200,36000.0,"Shirts ,Jacket ,Pants ,Pullover","185, Baiazid Bostami Road, Nasirabad I/A, Chittagong, Chittagong",Chittagong,Chittagong,1984,"['Shirts', 'Jacket', 'Pants', 'Pullover']",432000.0,Large,41,1.1,2160.0,4,0,0,1,1,0,0
Nalin Tex Ltd.,Woven,5.0,586.0,230,12500.0,"Kids long pants ,men long pants ,women shirts ,Womens Jacket","7112 & 716, Uttar Khan Mazar, Taltala, Dhaka, Dhaka",Dhaka,Dhaka,2012,"['Kids long pants', 'men long pants', 'women shirts', 'Womens Jacket']",150000.0,Large,13,2.5478260869565217,652.1739130434783,4,0,0,0,0,0,0
Naliza Sweaters Ltd.,Sweater,1.0,0.0,0,0.0,Sweaters,"Gazir Chat, Bypile, Ashulia, Savar, Dhaka, Dhaka, Dhaka",Dhaka,Dhaka,2003,['Sweaters'],0.0,,22,0.0,0.0,1,0,0,0,0,0,0
Nandan Apparels,Woven,5.0,610.0,600,70000.0,"Shirts ,Jackets ,Pants","Kathora, National University, Gazipur, Board Bazar",Gazipur,Board Bazar,2006,"['Shirts', 'Jackets', 'Pants']",840000.0,Large,19,1.0166666666666666,1400.0,3,0,0,1,0,0,0
Naomi Sweaters Ltd.,Sweater,5.0,988.0,550,82500.0,"Sweaters ,Pullovers ,Cardigans","Plot # A-46/47, Bscic I/E, Gazipur, Konabari",Gazipur,Konabari,2003,"['Sweaters', 'Pullovers', 'Cardigans']",990000.0,Large,22,1.7963636363636364,1800.0,3,0,0,0,0,0,0
NAR Sweaters Ltd.,Sweater,5.0,300.0,266,60000.0,Sweaters,"747, Jajhor, National University, Gazipur","747, Jajhor, National University",Gazipur,2008,['Sweaters'],720000.0,Large,17,1.1278195488721805,2706.7669172932333,1,0,0,0,0,0,0
Narail Garments (Pvt) Ltd.,Woven,5.0,425.0,250,75000.0,"Overalls ,Trousers","House # 11, Mouli House, Road # 14, P.C. Culture H. Society Ltd., Dhaka, Mohammadpur",Dhaka,Mohammadpur,1993,"['Overalls', 'Trousers']",900000.0,Large,32,1.7,3600.0,2,0,0,0,0,0,0
Nasa Hitech Style Ltd.,Woven,1.0,850.0,987,3600000.0,"Shirt ,Pant ,Trouser ,Jacket","Block # F, Holding #22/1, Madhokhola, Sreepur, Gazipur, Gazipur",Gazipur,Gazipur,2017,"['Shirt', 'Pant', 'Trouser', 'Jacket']",43200000.0,Very Large,8,0.8611955420466059,43768.99696048632,4,0,1,0,1,0,0
Nasrin Garments Ltd.,Woven,5.0,1000.0,800,520000.0,"Shirts ,Pants ,Jackets","217/1, Beribadh, Dhaka, Mohammadpur",Dhaka,Mohammadpur,1993,"['Shirts', 'Pants', 'Jackets']",6240000.0,Very Large,32,1.25,7800.0,3,0,0,1,0,0,0
Nassa Apparels Ltd.,Woven,5.0,676.0,340,60000.0,"Shirts ,Trousers ,Shorts","Kunia K.B. Bazar, Gazipur, Board Bazar",Gazipur,Board Bazar,1993,"['Shirts', 'Trousers', 'Shorts']",720000.0,Large,32,1.988235294117647,2117.6470588235293,3,0,0,0,0,0,0
Nassa Apparels Ltd. U-2,Woven,5.0,405.0,220,60000.0,"Shirts ,Shorts ,Trousers","123, North Begun Bari, Tejgaon I/A, Dhaka, Tejgaon",Dhaka,Tejgaon,1999,"['Shirts', 'Shorts', 'Trousers']",720000.0,Large,26,1.8409090909090908,3272.7272727272725,3,0,0,0,0,0,0
Nassa Basics Ltd.,Woven,5.0,2200.0,1000,300000.0,"Shirts ,Pants ,Shorts","4, Taibpur, Nichintupur, Ashulia, Dhaka, Savar",Dhaka,Savar,2005,"['Shirts', 'Pants', 'Shorts']",3600000.0,Very Large,20,2.2,3600.0,3,0,0,1,0,0,0
Nassa Fashions Ltd.,Woven,5.0,2633.0,1280,60000.0,"Shirts ,Pants ,Trousers ,Shorts","04, Tayabpur, Nischintopur, Ashulia, Dhaka, Savar",Dhaka,Savar,2001,"['Shirts', 'Pants', 'Trousers', 'Shorts']",720000.0,Large,24,2.05703125,562.5,4,0,0,1,0,0,0
Nassa Hi-Tech Wear Ltd.,Woven,5.0,850.0,650,100000.0,"Shirts ,Pants ,Shorts","4 Tayabpur, Nischintapur, Zirabo, Ashulia, Dhaka, Savar",Dhaka,Savar,2006,"['Shirts', 'Pants', 'Shorts']",1200000.0,Very Large,19,1.3076923076923077,1846.1538461538462,3,0,0,1,0,0,0
Nassa Knit Limited,Knit,5.0,410.0,230,60000.0,"Shirts ,T-Shirts ,Trousers ,Shorts","123, North Begunbari, Dhaka, Tejgaon",Dhaka,Tejgaon,1998,"['Shirts', 'T-Shirts', 'Trousers', 'Shorts']",720000.0,Large,27,1.7826086956521738,3130.4347826086955,4,0,0,0,0,0,0
National Apparel Co. Ltd.,Woven,5.0,350.0,130,60000.0,"Shirts ,Blouses ,Trousers ,Skirts","13, Ring Road, Dhaka, Shamoli",Dhaka,Shamoli,1984,"['Shirts', 'Blouses', 'Trousers', 'Skirts']",720000.0,Large,41,2.6923076923076925,5538.461538461538,4,0,0,0,0,0,0
Natural Apparels Ltd.,Woven,5.0,901.0,670,250000.0,"Trousers ,Shorts","Mollah Tower (4Th-6Th Floor), 464, West Rampura, Dhaka, Rampura",Dhaka,Rampura,2000,"['Trousers', 'Shorts']",3000000.0,Very Large,25,1.344776119402985,4477.611940298508,2,0,0,0,0,0,0
Natural Denims Ltd.,Woven,5.0,2184.0,1818,765000.0,"Trousers ,Shorts","Plot # 532, Tongabari, Ashulia, Dhaka, Savar",Dhaka,Savar,2007,"['Trousers', 'Shorts']",9180000.0,Very Large,18,1.2013201320132014,5049.504950495049,2,0,0,0,0,0,0
Natural Indigo Ltd.,Woven,1.0,4.0,2000,1250000.0,"Shirt ,Pant ,Jacket ,Trouser","532, Tonga Bari, Ashulia, Savar, Dhaka, Dhaka",Dhaka,Dhaka,2022,"['Shirt', 'Pant', 'Jacket', 'Trouser']",15000000.0,Very Large,3,0.002,7500.0,4,0,1,0,1,0,0
Natural Jeans Technology Ltd.,Woven,5.0,200.0,531,150000.0,"Shirts ,Pants","532, Tongabari, Ashulia, Dhaka, Savar",Dhaka,Savar,2015,"['Shirts', 'Pants']",1800000.0,Very Large,10,0.3766478342749529,3389.830508474576,2,0,0,1,0,0,0
Natural Sweater Village Ltd.,Sweater,5.0,1406.0,1104,250000.0,"Cardigans ,Pullovers ,Sweaters","Ragu Tower, Gouripur, Ashulia, Dhaka, Savar",Dhaka,Savar,2010,"['Cardigans', 'Pullovers', 'Sweaters']",3000000.0,Very Large,15,1.2735507246376812,2717.391304347826,3,0,0,0,0,0,0
Natural Wool Wears Ltd.,Sweater,5.0,467.0,350,80000.0,Sweaters,"Charabagh, Gouripur, Ashulia, Dhaka, Savar",Dhaka,Savar,2003,['Sweaters'],960000.0,Large,22,1.3342857142857143,2742.8571428571427,1,0,0,0,0,0,0
Navid Knit Fabrics Ltd.,Knit,5.0,166.0,79,55000.0,Sweater,"Sreepur, Dhamsona, Ashulia, Dhaka, Savar",Dhaka,Savar,2015,['Sweater'],660000.0,Large,10,2.1012658227848102,8354.430379746835,1,0,0,0,0,0,1
Navid Woolwears Ltd.,Sweater,5.0,521.0,426,0.0,"Sweaters ,Cardigans","Shaitalia, Shishu Palli Road, Gazipur, Sreepur",Gazipur,Sreepur,2008,"['Sweaters', 'Cardigans']",0.0,,17,1.2230046948356808,0.0,2,0,0,0,0,0,0
Navy Hosiery,Knit,5.0,832.0,420,600000.0,"T-Shirts ,Polo Shirts ,Roll-Neck ,Sweat Shirts","Plot # A/2, A/3, Bscic Industrial Estate, Enayet Nagar, Narayanganj, Fatullah",Narayanganj,Fatullah,1995,"['T-Shirts', 'Polo Shirts', 'Roll-Neck', 'Sweat Shirts']",7200000.0,Very Large,30,1.980952380952381,17142.85714285714,4,0,0,0,0,0,0
NAZ Apparel Exports Ltd.,Woven,5.0,304.0,160,36000.0,"Ladies Dresses ,Overalls ,Trousers ,Shorts","2/A/A, First Colony, Mazar Road, Dhaka, Mirpur",Dhaka,Mirpur,1985,"['Ladies Dresses', 'Overalls', 'Trousers', 'Shorts']",432000.0,Large,40,1.9,2700.0,4,0,0,0,0,0,0
NAZ Bangladesh Ltd.,Knit,5.0,5200.0,1973,160000.0,"T-Shirt ,Polo Shirt ,Sweat Shirt","5, Bishuya Kuribari, Gazipur, Gazipur",Gazipur,Gazipur,2002,"['T-Shirt', 'Polo Shirt', 'Sweat Shirt']",1920000.0,Very Large,23,2.6355803345159656,973.137354282818,3,1,0,0,0,1,0
Naz Knit Wear Ltd.,Knit,5.0,254.0,689,750000.0,"T-Shirts ,Polo Shirts","Anwar Plaza (3Rd Floor), Ganak Bari, Dhaka, Savar",Dhaka,Savar,2009,"['T-Shirts', 'Polo Shirts']",9000000.0,Very Large,16,0.3686502177068215,13062.409288824383,2,0,0,0,0,0,0
Naziat Sweaters Ltd.,Sweater,5.0,998.0,800,85000.0,"Sweaters ,Pullovers ,Cardigans ,Jumpers","309, Challabon, Shah Kabir Mazar Road, Dhaka, Uttara",Dhaka,Uttara,2003,"['Sweaters', 'Pullovers', 'Cardigans', 'Jumpers']",1020000.0,Very Large,22,1.2475,1275.0,4,0,0,0,0,0,0
Nazifa Corporation Ltd.,Knit,5.0,120.0,100,140000.0,"T-Shirts ,Polo Shirts ,Pullover","Plot # A-151 (Middle Part), Bscic I/E, Gazipur, Gazipur",Gazipur,Gazipur,2016,"['T-Shirts', 'Polo Shirts', 'Pullover']",1680000.0,Very Large,9,1.2,16800.0,3,0,0,0,0,0,0
Nazim Fashion Ltd.,Sweater,5.0,687.0,350,50000.0,Sweaters,"445, 453, Sataish, Gazipur, Tongi",Gazipur,Tongi,2008,['Sweaters'],600000.0,Large,17,1.9628571428571429,1714.2857142857142,1,0,0,0,0,0,0
Near Neat Fashion Ltd.,Knit,5.0,130.0,70,220000.0,"S-Shirts ,Polo Shirts","104, Borobagh, Dhaka, Mirpur-2",Dhaka,Mirpur-2,2015,"['S-Shirts', 'Polo Shirts']",2640000.0,Very Large,10,1.8571428571428572,37714.28571428572,2,0,0,0,0,0,0
Need Dresses (Pvt.) Ltd.,Knit,5.0,390.0,301,156000.0,"Shirts ,Swim Trunks ,Fleece Jackets","1113/1140, Enayet Bazar Road, Chittagong, Enayet Bazar",Chittagong,Enayet Bazar,1996,"['Shirts', 'Swim Trunks', 'Fleece Jackets']",1872000.0,Very Large,29,1.2956810631229236,6219.269102990033,3,0,0,0,0,0,0
Need Fashion Wear & Textile Ltd.,Woven,5.0,255.0,131,62500.0,"Shirts ,Pants ,Swim Trunks ,Fleece Jackets","1112/1140, Enayet Bazar Road, Chittagong, Enayet Bazar",Chittagong,Enayet Bazar,1991,"['Shirts', 'Pants', 'Swim Trunks', 'Fleece Jackets']",750000.0,Large,34,1.9465648854961832,5725.1908396946565,4,0,0,1,0,0,0
Need Tex CTG. Ltd.,Woven,5.0,650.0,200,450000.0,"Shirts ,Dress ,Pants","154/C, Rajakhali Road, East Bakalia, Chittagong, Chittagong",Chittagong,Chittagong,2001,"['Shirts', 'Dress', 'Pants']",5400000.0,Very Large,24,3.25,27000.0,3,0,0,1,0,0,0
Needle Drop Ltd.,Woven,5.0,1954.0,1082,500000.0,"Shirts ,Blouses ,School Dress ,Pajama Sets","50, Chandrapara, National University, Gazipur, Gazipur",Gazipur,Gazipur,2007,"['Shirts', 'Blouses', 'School Dress', 'Pajama Sets']",6000000.0,Very Large,18,1.8059149722735675,5545.286506469501,4,0,0,0,0,0,0
Needle Fashion Ltd.,Woven,5.0,280.0,180,62400.0,"Shirts ,Pants ,Top ,Bottom","House # 01, Block # C, Dour Main Road,, Kamarpara, Puratan Bazar, Dhaka, Turag",Dhaka,Turag,2014,"['Shirts', 'Pants', 'Top', 'Bottom']",748800.0,Large,11,1.5555555555555556,4160.0,4,0,0,1,0,0,0
Needle Touch Garments Ltd.,Knit,5.0,450.0,177,400000.0,"Babies Wears ,T-Shirts ,Polo Shirts","House # 45, Road # 27, Sector # 7, Dhaka, Uttara",Dhaka,Uttara,2008,"['Babies Wears', 'T-Shirts', 'Polo Shirts']",4800000.0,Very Large,17,2.542372881355932,27118.64406779661,3,0,0,0,0,0,0
Needle-Work Ltd.,Woven,5.0,350.0,137,55000.0,"Trousers ,Skirts ,Bermuda","16/1 & 16/1 Ka, New Jurain, Buriganga Setu Market (2Nd Fl), Dhaka, Jurain",Dhaka,Jurain,2003,"['Trousers', 'Skirts', 'Bermuda']",660000.0,Large,22,2.5547445255474455,4817.518248175183,3,0,0,0,0,0,0
Needs Fashions (Pvt.) Ltd.,Woven,5.0,220.0,103,35000.0,"T-Shirts ,Payjama ,Boxer Shorts ,Vest","124-125, Darus Salam(5Th Floor), Dhaka, Mirpur Road",Dhaka,Mirpur Road,1993,"['T-Shirts', 'Payjama', 'Boxer Shorts', 'Vest']",420000.0,Large,32,2.1359223300970873,4077.669902912621,4,0,0,0,0,0,0
Nehan Dress Maker Private Ltd.,Woven,1.0,182.0,50,62000.0,"Shirt ,Pant ,T-Shirt ,Polo Shirt","Cg Road, W-18, East Bakalia, Chittagong, Chittagong",Chittagong,Chittagong,2022,"['Shirt', 'Pant', 'T-Shirt', 'Polo Shirt']",744000.0,Large,3,3.64,14880.0,4,1,1,0,0,1,0
Nemrac Design Ltd.,Knit,5.0,180.0,82,150000.0,"T-Shirts ,Polo Shirts","Plot # B-434, Bscic I/A, Shashangaon, Narayanganj, Fatullah",Narayanganj,Fatullah,2012,"['T-Shirts', 'Polo Shirts']",1800000.0,Very Large,13,2.1951219512195124,21951.219512195123,2,0,0,0,0,0,0
Nems Apparels N Printing Ltd.,Woven,1.0,350.0,220,180000.0,"T-Shirt ,Polo Shirt ,Baby Garments ,Jacket","Huse # 02, Road # 04, Ward # 04, Nayanagar, Nishatnagar, Turag, Dhaka, Dhaka",Dhaka,Dhaka,2017,"['T-Shirt', 'Polo Shirt', 'Baby Garments', 'Jacket']",2160000.0,Very Large,8,1.5909090909090908,9818.181818181818,4,1,0,0,1,1,0
Nemsan Fashion Management Ltd.,Knit,5.0,210.0,273,200000.0,"Knit Items ,Infantswears ,Underwears","D.T. Road, Banur Bazar, Chittagong, Sitakunda",Chittagong,Sitakunda,2003,"['Knit Items', 'Infantswears', 'Underwears']",2400000.0,Very Large,22,0.7692307692307693,8791.208791208792,3,0,0,0,0,0,0
Neo Fashion Ltd.,Woven,5.0,1200.0,869,300000.0,"Shirts ,Jackets ,Pants","Varari, Rajfulbaria, Tetuljhora, Dhaka, Savar",Dhaka,Savar,2010,"['Shirts', 'Jackets', 'Pants']",3600000.0,Very Large,15,1.380897583429229,4142.692750287687,3,0,0,1,0,0,0
Network Apparel Ltd.,Woven,5.0,780.0,274,15000000.0,"t-Shirts ,Polo Shirts","Shahid Rawshan Sarak, Chandona, Gazipur, Gazipur Sadar",Gazipur,Gazipur Sadar,2014,"['t-Shirts', 'Polo Shirts']",180000000.0,Very Large,11,2.846715328467153,656934.3065693431,2,0,0,0,0,0,0
Network Clothing Ltd.,Knit,5.0,488.0,248,400000.0,"T-Shirts ,Polo Shirts ,Payjama Sets","228/3, 92Nd-4Th Floor), Shahid Rawshan Sarak, Gazipur, Chandana",Gazipur,Chandana,2008,"['T-Shirts', 'Polo Shirts', 'Payjama Sets']",4800000.0,Very Large,17,1.967741935483871,19354.83870967742,3,0,0,0,0,0,0
New Asia Fashions Ltd.,Knit,1.0,1450.0,962,150000.0,"Woven Bottom ,Polo Shirt ,T-Shirt ,Jacket","40/3, Anwar Jong Road, Charabag, Ashulia, Dhaka, Dhaka",Dhaka,Dhaka,2016,"['Woven Bottom', 'Polo Shirt', 'T-Shirt', 'Jacket']",1800000.0,Very Large,9,1.5072765072765073,1871.1018711018712,4,1,0,0,1,1,0
New Dacca Inds. Ltd.,Woven,5.0,3151.0,1135,450000.0,"Mens Top & Bottoms ,Ladies Top & Bottoms ,KIds Top & Bottoms","Sarabo, Gazipur, B. Baria",Gazipur,B. Baria,2011,"['Mens Top  Bottoms', 'Ladies Top  Bottoms', 'KIds Top  Bottoms']",5400000.0,Very Large,14,2.7762114537444935,4757.709251101322,3,0,0,0,0,0,0
New Era Fashions MFRS. (BD) Ltd.,Woven,5.0,1342.0,700,36000000.0,"T-Shirt ,Polo- Shirt ,Tanktop","Plot # 10, 11 & 12 (Part), Setor # 8, Chittagong, Cepz",Chittagong,Cepz,2013,"['T-Shirt', 'Polo- Shirt', 'Tanktop']",432000000.0,Very Large,12,1.917142857142857,617142.8571428572,3,1,0,0,0,0,0
New Generation Fashion Ltd.,Woven,5.0,400.0,165,75000.0,"Shirts ,Jackets ,Pants","Buriganga Shetu Market (2Nd Floor), 16/1, New Jurain, Dhaka, Jurain",Dhaka,Jurain,1998,"['Shirts', 'Jackets', 'Pants']",900000.0,Large,27,2.4242424242424243,5454.545454545455,3,0,0,1,0,0,0
New Horizon (BD) Ltd.,Unknown,,0.0,0,60000.0,Sweaters,"Kolma-1, Dhaka","Kolma-1,",Dhaka,2020,['Sweaters'],720000.0,Large,5,0.0,0.0,1,0,0,0,0,0,0
New Line Clothings Ltd.,Woven,5.0,2299.0,1928,600000.0,"Jackets ,Trousers","Plot # 1945, Kouchuakuri, Kamrangachala, Mouchak, Gazipur, Kaliakoir",Gazipur,Kaliakoir,2001,"['Jackets', 'Trousers']",7200000.0,Very Large,24,1.1924273858921162,3734.4398340248963,2,0,0,0,0,0,0
New Popular Knit Wear Ltd.,Knit,1.0,199.0,165,78000.0,"T-Shirt ,Polo Shirt","Plot No # M-1, Road No Lake View, Eastern Housing, Pallabi, Mirpur, Dhaka, Dhaka",Dhaka,Dhaka,2022,"['T-Shirt', 'Polo Shirt']",936000.0,Large,3,1.206060606060606,5672.727272727273,2,1,0,0,0,1,0
New Prince Apparels Ltd.,Woven,5.0,150.0,91,60000.0,"Jackets ,Pants ,Skirts","471, Abdullahbagh, Satarkul Road, Dhaka, Uttar Badda",Dhaka,Uttar Badda,2012,"['Jackets', 'Pants', 'Skirts']",720000.0,Large,13,1.6483516483516483,7912.087912087912,3,0,0,1,0,0,0
New Time Fashion Ltd.,Knit,5.0,182.0,120,50000.0,"Shirts ,Pants ,T-Shirts ,Polo Shirts","House # 703, Nuton Nagar, Ganok Bari, Ashulia, Dhaka, Savar",Dhaka,Savar,2015,"['Shirts', 'Pants', 'T-Shirts', 'Polo Shirts']",600000.0,Large,10,1.5166666666666666,5000.0,4,0,0,1,0,0,0
New Wave Apparel Ltd.,Woven,5.0,350.0,95,70000.0,"Shirts ,Ladies Blouses ,Babies Wears","45, Kallyanpur Main Road, Dhaka, Shamoli",Dhaka,Shamoli,1992,"['Shirts', 'Ladies Blouses', 'Babies Wears']",840000.0,Large,33,3.6842105263157894,8842.105263157895,3,0,0,0,0,0,0
New World Apparels Ltd.,Woven,5.0,2633.0,1280,60000.0,"Shirts ,Shorts ,Trousers","Gosbag, Zirabo, Dhaka, Savar",Dhaka,Savar,1992,"['Shirts', 'Shorts', 'Trousers']",720000.0,Large,33,2.05703125,562.5,3,0,0,0,0,0,0
Newage Apparels Ltd.,Knit,5.0,1635.0,733,310000.0,"Shirts ,Ladies Blouses ,Sweat Shirts","Purba Narshingdhipur, Zirabo, Dhaka, Savar",Dhaka,Savar,1995,"['Shirts', 'Ladies Blouses', 'Sweat Shirts']",3720000.0,Very Large,30,2.2305593451568897,5075.034106412006,3,0,0,0,0,0,0
Newage Fashionwear Ltd.,Knit,5.0,850.0,393,250000.0,"Knitted Jersey ,Polo Shirts ,Sweat Shirts","42/I, Indira Road, Dhaka, Tejgaon",Dhaka,Tejgaon,1993,"['Knitted Jersey', 'Polo Shirts', 'Sweat Shirts']",3000000.0,Very Large,32,2.162849872773537,7633.587786259542,3,0,0,0,0,0,0
Newage Garments Ltd.,Woven,5.0,1320.0,748,390000.0,"Casual Shirts ,Ladies Blouses ,Girls Blouses","Nischintapur, Dhaka, Ashulia",Dhaka,Ashulia,1985,"['Casual Shirts', 'Ladies Blouses', 'Girls Blouses']",4680000.0,Very Large,40,1.7647058823529411,6256.68449197861,3,0,0,0,0,0,0
News Style Garments Ltd.,Woven,5.0,582.0,400,150000.0,"Shirts ,Jackets ,Pants ,Jogging Suits","Lufun Tower (5Th Floor), Plot # E/13, Middle Badda, Dhaka, Badda",Dhaka,Badda,1997,"['Shirts', 'Jackets', 'Pants', 'Jogging Suits']",1800000.0,Very Large,28,1.455,4500.0,4,0,0,1,0,0,0
Newstar Fashions Ltd.,Woven,5.0,375.0,140,96000.0,"Shirts ,Ladies Items ,Night Dress ,Pants","Plot # 98 (2Nd Floor), Gazipur, Choydana",Gazipur,Choydana,1993,"['Shirts', 'Ladies Items', 'Night Dress', 'Pants']",1152000.0,Very Large,32,2.6785714285714284,8228.57142857143,4,0,0,1,0,0,0
Newtex Design Ltd.,Woven,5.0,1059.0,574,1335000.0,"Jackets ,Polo Shirts ,Sweat Shirts ,Pajama Sets","Gorai I/A, Mamin Nagar, Tangail, Mirzapur",Tangail,Mirzapur,2000,"['Jackets', 'Polo Shirts', 'Sweat Shirts', 'Pajama Sets']",16020000.0,Very Large,25,1.8449477351916377,27909.407665505227,4,0,0,0,0,0,0
Newtex Knit Fashions Ltd.,Knit,5.0,490.0,252,456250.0,"T-Shirts ,Polo Shirts ,Tank Tops ,Trousers","Gorai Industrial Area, Tangail, Mirzapur",Tangail,Mirzapur,2001,"['T-Shirts', 'Polo Shirts', 'Tank Tops', 'Trousers']",5475000.0,Very Large,24,1.9444444444444444,21726.190476190477,4,0,0,0,0,0,0
Next Collections Ltd.,Woven,5.0,4500.0,2535,1000000.0,"Shirts ,Jackets ,Pants","1323-1325, Beron, Ashulia, Dhaka, B. Baria",Dhaka,B. Baria,2011,"['Shirts', 'Jackets', 'Pants']",12000000.0,Very Large,14,1.7751479289940828,4733.7278106508875,3,0,0,1,0,0,0
Next Composite Ltd.,Knit,5.0,185.0,102,65000.0,"Jackets ,Pants ,T-Shirts","A/92, Bscic I/A, Enayetnagar, Narayanganj, Fatullah",Narayanganj,Fatullah,2012,"['Jackets', 'Pants', 'T-Shirts']",780000.0,Large,13,1.8137254901960784,7647.058823529412,3,0,0,1,0,0,0
Nextgen Style Ltd.,Woven,5.0,580.0,225,75000.0,"Ladies Dresses ,Children Dresses ,Trousers ,Pants","Tingaon, Duptara, Araihazar, Narayanganj, Narayanganj, Narayangonj",Narayanganj,Narayangonj,2007,"['Ladies Dresses', 'Children Dresses', 'Trousers', 'Pants']",900000.0,Large,18,2.577777777777778,4000.0,4,0,0,1,0,0,0
Nexus Design Ltd.,Sweater,5.0,1200.0,800,145600.0,"Sweaters ,Cardigans ,Pullovers ,Vest","Nexus Tower, Chowdhury Bari Road, Vogra, Gazipur, Joydevpur",Gazipur,Joydevpur,2001,"['Sweaters', 'Cardigans', 'Pullovers', 'Vest']",1747200.0,Very Large,24,1.5,2184.0,4,0,0,0,0,0,0
Nexus Fashion Ltd.,Knit,5.0,400.0,160,140000.0,"T-Shirts ,Polo Shirts","Nexus Tower, Chowdhury Bari Road, Vogra, Gazipur, Joydevpur",Gazipur,Joydevpur,2006,"['T-Shirts', 'Polo Shirts']",1680000.0,Very Large,19,2.5,10500.0,2,0,0,0,0,0,0
Nexus Knitwear Ltd.,Sweater,5.0,400.0,300,50000.0,"Sweaters ,Cardigans","Nexus Tower, Vogra, Gazipur, Joydevpur",Gazipur,Joydevpur,2011,"['Sweaters', 'Cardigans']",600000.0,Large,14,1.3333333333333333,2000.0,2,0,0,0,0,0,0
Nexus Sweaters Inds.(Pvt) Ltd.,Sweater,5.0,2200.0,1000,182000.0,"Sweaters ,Cardigans ,Pullovers ,Vest","Nexus Tower, Chowdhury Bari Road, Vogra, Gazipur, Joydevpur",Gazipur,Joydevpur,1999,"['Sweaters', 'Cardigans', 'Pullovers', 'Vest']",2184000.0,Very Large,26,2.2,2184.0,4,0,0,0,0,0,0
NHT Fashions Ltd.,Knit,5.0,6000.0,3500,600000.0,"Shirts ,Pants","Plot # 20-22, Sector # 5, Chittagong, Chittagong Epz",Chittagong,Chittagong Epz,2014,"['Shirts', 'Pants']",7200000.0,Very Large,11,1.7142857142857142,2057.1428571428573,2,0,0,1,0,0,0
Niagara Textiles Ltd.,Knit,5.0,2000.0,650,400000.0,"T-Shirts ,Polo Shirts ,Shorts","Chandra Circle, Union- Atabah, Gazipur, Kaliakoir",Gazipur,Kaliakoir,2007,"['T-Shirts', 'Polo Shirts', 'Shorts']",4800000.0,Very Large,18,3.076923076923077,7384.615384615385,3,0,0,0,0,0,0
Nibir Sweater Ltd.,Sweater,5.0,425.0,250,50000.0,Sweaters,"Nahar Plaza, College Road, Matuail, Dhaka, Jatrabari",Dhaka,Jatrabari,2012,['Sweaters'],600000.0,Large,13,1.7,2400.0,1,0,0,0,0,0,0
Nice Apparels Inds. Ltd.,Woven,5.0,326.0,190,70000.0,"Windbreakers ,Casual Trousers ,Jogging Suits ,Knit Top","Chotto Shilmondi, Tripordi, Narayanganj, Sonargaon",Narayanganj,Sonargaon,1996,"['Windbreakers', 'Casual Trousers', 'Jogging Suits', 'Knit Top']",840000.0,Large,29,1.7157894736842105,4421.0526315789475,4,0,0,0,0,0,0
Nice Dresses (Pvt) Ltd.,Knit,5.0,495.0,220,300000.0,"Fleece Shirts ,Polo Shirts ,Jackets ,T-Shirts","Selina Tower (Grng-2Nd Fl), Islambag, Holan Road, Dhakhinkhan, Dhaka, Uttara",Dhaka,Uttara,2002,"['Fleece Shirts', 'Polo Shirts', 'Jackets', 'T-Shirts']",3600000.0,Very Large,23,2.25,16363.636363636364,4,0,0,0,0,0,0
Nice Woven Fashion Ltd.,Woven,1.0,200.0,198,100000.0,"Shirt ,Pant ,T-Shirt ,Polo Shirt","Dag #13830, House #11, Word #41, Satarkul Road, Badda, Dhaka, Dhaka",Dhaka,Dhaka,2023,"['Shirt', 'Pant', 'T-Shirt', 'Polo Shirt']",1200000.0,Very Large,2,1.0101010101010102,6060.606060606061,4,1,1,0,0,1,0
Nightingale Fashion Ltd.,Knit,5.0,1300.0,500,500000.0,"T-Shirts ,Polo Shirts ,Payjama ,Tank Top","Plot # A75-78, Bscic Inds. Estate, Gazipur, Konabari",Gazipur,Konabari,2000,"['T-Shirts', 'Polo Shirts', 'Payjama', 'Tank Top']",6000000.0,Very Large,25,2.6,12000.0,4,0,0,0,0,0,0
Nimmi Apparels Ltd.,Woven,5.0,450.0,261,84000.0,"Payjama Sets ,Pants ,Robe ,Skirts","42 & 43, Moshair Chalabon, Azampur, Dhaka, Uttara",Dhaka,Uttara,1999,"['Payjama Sets', 'Pants', 'Robe', 'Skirts']",1008000.0,Very Large,26,1.7241379310344827,3862.0689655172414,4,0,0,1,0,0,0
Nipa Fashion,Woven,1.0,1.0,50,80000.0,"Shirt ,Pant ,T-Shirt ,Polo Shirt","Jothgory, Jalalpur, Pabna Sadar, Pabna, Pabna",Pabna,Pabna,2023,"['Shirt', 'Pant', 'T-Shirt', 'Polo Shirt']",960000.0,Large,2,0.02,19200.0,4,1,1,0,0,1,0
Nipa Fashion Wear Industry Ltd.,Knit,5.0,1948.0,800,300000.0,"Jackets ,Pants ,Shorts ,Trousers","Selina Tower (Grng-2Nd Fl), Islambag, Holan Road, Dhakhinkhan, Dhaka, Uttara",Dhaka,Uttara,2000,"['Jackets', 'Pants', 'Shorts', 'Trousers']",3600000.0,Very Large,25,2.435,4500.0,4,0,0,1,0,0,0
Nipa Knit Wear Company,Knit,5.0,700.0,439,750000.0,"Shirts ,Jackets ,T-Shirts ,Polo Shirts","Selina Tower, Holan Road, Islam Bagh, Dakhinkhan, Dhaka, Uttara",Dhaka,Uttara,2011,"['Shirts', 'Jackets', 'T-Shirts', 'Polo Shirts']",9000000.0,Very Large,14,1.5945330296127562,20501.13895216401,4,0,0,0,0,0,0
Niponika Garments Ltd.,Woven,5.0,496.0,128,84000.0,"Shirts ,Ladies Shirts ,Childrens Shirts","24, North Kafrul, Dhaka, Cantonment",Dhaka,Cantonment,1991,"['Shirts', 'Ladies Shirts', 'Childrens Shirts']",1008000.0,Very Large,34,3.875,7875.0,3,0,0,0,0,0,0
Nippon Garment Inds. Ltd.,Woven,5.0,3000.0,1200,300000.0,"Jackets ,Ladies Wears ,Babies Wears","Auchpara, Gazipur, Tongi",Gazipur,Tongi,1984,"['Jackets', 'Ladies Wears', 'Babies Wears']",3600000.0,Very Large,41,2.5,3000.0,3,0,0,0,0,0,0
Nipun (Pte) Ltd.,Woven,5.0,870.0,328,102000.0,"Jackets ,Pants ,Patchwork Quilt","217/1/A, Beribadh, Dhaka, Dhaka",Dhaka,Dhaka,1995,"['Jackets', 'Pants', 'Patchwork Quilt']",1224000.0,Very Large,30,2.652439024390244,3731.7073170731705,3,0,0,1,0,0,0
Nirzhor Knitwear Ltd.,Knit,5.0,184.0,85,100000.0,"T-Shirts ,Polo Shirts ,Tank Top","House # 139, Block # C, Road # 02, Nayamati, Pagla, Fatullah, Narayanganj, Narayangonj",Narayanganj,Narayangonj,2007,"['T-Shirts', 'Polo Shirts', 'Tank Top']",1200000.0,Very Large,18,2.164705882352941,14117.64705882353,3,0,0,0,0,0,0
NLZ Fashion Ltd.,Woven,5.0,241.0,238,45000.0,"Shirts ,Pants ,T-Shirts","Plot # 2, Sector # 4/A, Chittagong, Chittagong",Chittagong,Chittagong,2012,"['Shirts', 'Pants', 'T-Shirts']",540000.0,Large,13,1.0126050420168067,2268.90756302521,3,0,0,1,0,0,0
Noba Textiles Limited,Knit,5.0,200.0,126,250000.0,"Shirts ,Jackets ,Shorts ,Trousers","249/C, South Jatrabari, Dhaka, Jatrabari",Dhaka,Jatrabari,1992,"['Shirts', 'Jackets', 'Shorts', 'Trousers']",3000000.0,Very Large,33,1.5873015873015872,23809.52380952381,4,0,0,0,0,0,0
Nodetex Fashions Ltd.,Sweater,5.0,600.0,320,50000.0,Sweaters,"Ashulia Road, Jamgora, Dhaka, Savar",Dhaka,Savar,2007,['Sweaters'],600000.0,Large,18,1.875,1875.0,1,0,0,0,0,0,0
Nofs Garments Ltd.,Woven,5.0,315.0,129,108000.0,"Jackets ,Pants ,Jogging Sets","40/41, Probal Housing, Ring Road, Dhaka, Mohammadpur",Dhaka,Mohammadpur,1993,"['Jackets', 'Pants', 'Jogging Sets']",1296000.0,Very Large,32,2.441860465116279,10046.511627906977,3,0,0,1,0,0,0
Noman Fashion Fabrics Ltd.,Knit,5.0,1762.0,1630,17846400.0,"Shirts ,Jackets ,T-Shirts ,Polo Shirts","Pagar, Gazipur, Tongi",Gazipur,Tongi,2010,"['Shirts', 'Jackets', 'T-Shirts', 'Polo Shirts']",214156800.0,Very Large,15,1.0809815950920245,131384.53987730062,4,0,0,0,0,0,0
Noman Terry Towel Mills Ltd.,Woven,5.0,869.0,435,5631398.0,"Shirts ,Pants","Purbo Vawal Mirzapur, Gazipur, Gazipur Sadar",Gazipur,Gazipur Sadar,2015,"['Shirts', 'Pants']",67576776.0,Very Large,10,1.9977011494252874,155348.9103448276,2,0,0,1,0,0,0
Nomura Corporation Ltd.,Woven,5.0,250.0,110,90000.0,"Shirts ,Trousers ,Jogging Sets","93, Kazi Nazrul Islam Avenue, Dhaka, Kawran Bazar",Dhaka,Kawran Bazar,1993,"['Shirts', 'Trousers', 'Jogging Sets']",1080000.0,Very Large,32,2.272727272727273,9818.181818181818,3,0,0,0,0,0,0
Noobass Fashion Ltd.,Knit,5.0,150.0,120,12500.0,"T-Shirts ,Polo Shirts","(Behind Of The Rani Mahal Cinema Hall), Sarulia, Dhaka, Demra",Dhaka,Demra,2015,"['T-Shirts', 'Polo Shirts']",150000.0,Large,10,1.25,1250.0,2,0,0,0,0,0,0
Noor Garments Ltd.,Woven,5.0,220.0,143,55000.0,"Shirts ,Pants ,Blouses","Bscic Industrial Estate, F. I. D. C. Rd., Chittagong, Kalurghat",Chittagong,Kalurghat,1985,"['Shirts', 'Pants', 'Blouses']",660000.0,Large,40,1.5384615384615385,4615.384615384615,3,0,0,1,0,0,0
Nordic Knit Ltd.,Knit,5.0,120.0,57,30000.0,"T-Shirts ,Polo Shirts","84, Kalmeshwar, Gazipur, Board Bazar",Gazipur,Board Bazar,2012,"['T-Shirts', 'Polo Shirts']",360000.0,Large,13,2.1052631578947367,6315.789473684211,2,0,0,0,0,0,0
Norban Comtex Ltd.,Knit,5.0,1742.0,2353,400000.0,"T-Shirts ,Polo Shirts","Mouza Sarabo, Kashimpur, Gazipur","Mouza Sarabo, Kashimpur",Gazipur,2009,"['T-Shirts', 'Polo Shirts']",4800000.0,Very Large,16,0.7403314917127072,2039.9490012749682,2,0,0,0,0,0,0
Nordic Knit Ltd.,Knit,5.0,120.0,57,30000.0,"T-Shirts ,Polo Shirts","84, Kalmeshwar, Gazipur, Board Bazar",Gazipur,Board Bazar,2012,"['T-Shirts', 'Polo Shirts']",360000.0,Large,13,2.1052631578947367,6315.789473684211,2,0,0,0,0,0,0
Norp Knit Industries Ltd.,Unknown,,0.0,0,300000.0,"T-Shirts ,Knit Tops ,Kids Items ,Knit Bottom","North Khailpur, National University, Gazipur","North Khailpur, National University",Gazipur,2020,"['T-Shirts', 'Knit Tops', 'Kids Items', 'Knit Bottom']",3600000.0,Very Large,5,0.0,0.0,4,0,0,0,0,0,0
Norp Knit Industries Ltd. (Unit-2),Unknown,,0.0,0,667000.0,",Pants ,T-Shirts ,Polo Shirts","93, Islampur, Nandun, Gazipur","93, Islampur, Nandun",Gazipur,2020,"['', 'Pants', 'T-Shirts', 'Polo Shirts']",8004000.0,Very Large,5,0.0,0.0,4,0,0,1,0,0,0
Northern Clothing Ltd.,Woven,5.0,810.0,300,3360000.0,"Knit Bottom ,Pants ,T-Shirts ,Polo shirts","Holding # J-1 (1St, 5Th & 6Th Floor), Word # 7, Epz-Kaliakoir Road, Chandra, Gazipur, Gazipur",Gazipur,Gazipur,2016,"['Knit Bottom', 'Pants', 'T-Shirts', 'Polo shirts']",40320000.0,Very Large,9,2.7,134400.0,4,0,0,1,0,0,0
Northern Corporation Ltd.,Knit,5.0,1316.0,320,350000.0,"T-Shirts ,Polo Shirts ,Sportswear","Bscic Indutrial Estate, Gazipur, B. Baria",Gazipur,B. Baria,1987,"['T-Shirts', 'Polo Shirts', 'Sportswear']",4200000.0,Very Large,38,4.1125,13125.0,3,0,0,0,0,0,0
Northern Fashion Ltd.,Knit,5.0,2270.0,1280,14400000.0,"T-Shirts ,Polo Shirts ,Tank Tops","Plot # 16-18, Dakhin Panishail, Epz-Kaliakoir Road, Gazipur, Gazipur",Gazipur,Gazipur,2009,"['T-Shirts', 'Polo Shirts', 'Tank Tops']",172800000.0,Very Large,16,1.7734375,135000.0,3,0,0,0,0,0,0
Northern Garments Ltd.,Knit,5.0,500.0,215,500000.0,"t-Shirts ,Polo Shirts","4/2 A, Plot # 49 & 7, 135 Gopalpur, Munnu Nagar, Gazipur, Tongi",Gazipur,Tongi,2014,"['t-Shirts', 'Polo Shirts']",6000000.0,Very Large,11,2.3255813953488373,27906.976744186046,2,0,0,0,0,0,0
Nova Apparels,Woven,5.0,450.0,230,60000.0,"Trousers ,Jackets ,Shorts ,Jeans","House # 79 (4Th & 5Th Fl), Block - E, Bir Uttam Shahid Ziaur Rahman Sarani, Dhaka, Banani",Dhaka,Banani,1990,"['Trousers', 'Jackets', 'Shorts', 'Jeans']",720000.0,Large,35,1.9565217391304348,3130.4347826086955,4,0,0,0,0,0,0
Novel Garments Inds. Ltd.,Woven,5.0,320.0,125,60000.0,"Blouses ,Jackets ,Children/Infantwears","122/A, Tejgaon I/A, Dhaka, Tejgaon",Dhaka,Tejgaon,1986,"['Blouses', 'Jackets', 'ChildrenInfantwears']",720000.0,Large,39,2.56,5760.0,3,0,0,0,0,0,0
Novel Hurricane Knit Gmts. Ltd.,Knit,5.0,1076.0,604,625000.0,"Jackets ,T-Shirts ,Jogger ,Dress","Bokran Monipur (Ground, 1St & 2Nd Floor), Mirzapur, Gazipur, Gazipur",Gazipur,Gazipur,1999,"['Jackets', 'T-Shirts', 'Jogger', 'Dress']",7500000.0,Very Large,26,1.781456953642384,12417.218543046358,4,0,0,0,0,0,0
Novelty Sweater Ltd.,Sweater,5.0,200.0,120,16250.0,Sweaters,"House # 47, Road # 6, Talipara, Chandona Chowrasta, Gazipur, Chowrasta",Gazipur,Chowrasta,2011,['Sweaters'],195000.0,Large,14,1.6666666666666667,1625.0,1,0,0,0,0,0,0
Novimoda Knitwear Ltd.,Knit,5.0,300.0,220,360000.0,"T-Shirts ,Polo Shirts","Kolomeshar, Board Bazar, Gazipur, Joydevpur",Gazipur,Joydevpur,2015,"['T-Shirts', 'Polo Shirts']",4320000.0,Very Large,10,1.3636363636363635,19636.363636363636,2,0,0,0,0,0,0
Nowsin Garments Inds. Ltd.,Woven,5.0,523.0,379,68000.0,"Rain Wears ,Jackets ,Coveralls ,Ski Bib","Gacha Road, Gacha, Gazipur, Gazipur Sadar",Gazipur,Gazipur Sadar,2005,"['Rain Wears', 'Jackets', 'Coveralls', 'Ski Bib']",816000.0,Large,20,1.3799472295514512,2153.0343007915567,4,0,0,0,0,0,0
NRK Fashion Ltd.,Woven,1.0,0.0,47,100000.0,Unknown,"Makka Tower, Plot # 110072, Holding # 61/A, Master Para, Uttarkhan, Dhaka, Dhaka",Dhaka,Dhaka,2021,[],1200000.0,Very Large,4,0.0,25531.91489361702,0,0,0,0,0,0,0
NRR Fashion House,Knit,1.0,1.0,100,350000.0,"T-Shirt ,Polo Shirt ,Jacket ,Pyjama","Mouchak, Kaliakair, Gazipur, Gazipur, Gazipur",Gazipur,Gazipur,2022,"['T-Shirt', 'Polo Shirt', 'Jacket', 'Pyjama']",4200000.0,Very Large,3,0.01,42000.0,4,1,0,0,1,1,0
NSR Fashion Ltd.,Knit,5.0,385.0,220,6000000.0,"T-Shirts ,Polo Shirts","Durgapur, Zirabo, Ashulia, Dhaka, Savar",Dhaka,Savar,2011,"['T-Shirts', 'Polo Shirts']",72000000.0,Very Large,14,1.75,327272.7272727273,2,0,0,0,0,0,0
Nucon Garments Limited,Woven,5.0,392.0,248,75000.0,"Jackets ,Pants ,Swimming Shorts ,Trousers","Shah Plaza, Airport Road, 375, Badartilla, Chittagong, Bandar",Chittagong,Bandar,1997,"['Jackets', 'Pants', 'Swimming Shorts', 'Trousers']",900000.0,Large,28,1.5806451612903225,3629.032258064516,4,0,0,1,0,0,0
Nufa Textile Ltd.,Knit,5.0,300.0,125,104000.0,"T-Shirts ,Pants","House # 516, Road # 1/4/3, Borodewra, Chanditola, Nishad Nagar, Gazipur, Tongi",Gazipur,Tongi,2013,"['T-Shirts', 'Pants']",1248000.0,Very Large,12,2.4,9984.0,2,0,0,1,0,0,0
Nur Enterprise Ltd.,Woven,5.0,400.0,187,220000.0,"Jackets ,Jogging Suits ,Pants ,Shirts","Nur Enterprise (4Th Fl), 212, Baizid Bostami Road, Chittagong, Nasirabad",Chittagong,Nasirabad,1985,"['Jackets', 'Jogging Suits', 'Pants', 'Shirts']",2640000.0,Very Large,40,2.1390374331550803,14117.64705882353,4,0,0,1,0,0,0
Nurani Dyeing & Sweater Ltd.,Sweater,5.0,824.0,432,100000.0,Sweaters,"Fatehpur, Feni, Feni",Feni,Feni,2008,['Sweaters'],1200000.0,Very Large,17,1.9074074074074074,2777.777777777778,1,0,0,0,0,0,0
Nurani Dyeing & Sweater Ltd. (Sw. Unit),Sweater,5.0,1065.0,432,52500.0,"Sweater ,Pullovers ,Cardigans","Fatahpur, Feni, Feni",Feni,Feni,2010,"['Sweater', 'Pullovers', 'Cardigans']",630000.0,Large,15,2.4652777777777777,1458.3333333333333,3,0,0,0,0,0,1
nurul.uthful@gmail.com,Woven,1.0,240.0,100,60000.0,"Shirt ,Pant ,T-Shirt ,Polo Shirt","2044, Haji Abul Khayer Bhaban, D.T. Road, Pahartali, Chattogram, Chittagong",Chittagong,Chittagong,2022,"['Shirt', 'Pant', 'T-Shirt', 'Polo Shirt']",720000.0,Large,3,2.4,7200.0,4,1,1,0,0,1,0
Nusaifa Fashionwear Ltd.,Knit,5.0,195.0,55,120000.0,"T-Shirts ,Polo shirts","Plot # G-8, Main Road, Pallabi (2Nd Part), Dhaka, Mirpur-12",Dhaka,Mirpur-12,2016,"['T-Shirts', 'Polo shirts']",1440000.0,Very Large,9,3.5454545454545454,26181.81818181818,2,0,0,0,0,0,0
NZN Fashion Wears Ltd.,Woven,5.0,600.0,350,13000.0,"Shirts ,Jeans ,Shortalls","150, Iqbal Road, Patherghata, Chittagong","150, Iqbal Road, Patherghata",Chittagong,1984,"['Shirts', 'Jeans', 'Shortalls']",156000.0,Large,41,1.7142857142857142,445.7142857142857,3,0,0,0,0,0,0
NZN Garments Ltd.,Woven,5.0,400.0,250,78000.0,"Shirts ,Jeans ,Overalls","150, Iqbal Road, Chittagong, Patherghata",Chittagong,Patherghata,1984,"['Shirts', 'Jeans', 'Overalls']",936000.0,Large,41,1.6,3744.0,3,0,0,0,0,0,0
O-2 Apparel Ltd.,Sweater,5.0,200.0,100,25000.0,Sweater,"Joy Bangla Road, Gazipur, Gazipur Sadar",Gazipur,Gazipur Sadar,2014,['Sweater'],300000.0,Large,11,2.0,3000.0,1,0,0,0,0,0,1
O.B.A. Fashion Ltd.,Woven,5.0,216.0,142,24000.0,"Jackets ,Ladies Items ,Jogging Suits ,Trousers","92/93, Dt Road, Chittagong, Dewanhat",Chittagong,Dewanhat,1999,"['Jackets', 'Ladies Items', 'Jogging Suits', 'Trousers']",288000.0,Large,26,1.5211267605633803,2028.1690140845071,4,0,0,0,0,0,0
O'Dell Apparels Ltd.,Woven,1.0,0.0,0,312000.0,"Shirts ,Pants","Plot # M-4/3, Road # 7 Section # 7, Pallabi Mirpur, Dhaka","Plot # M-4/3, Road # 7 Section # 7, Pallabi Mirpur",Dhaka,2015,"['Shirts', 'Pants']",3744000.0,Very Large,10,0.0,0.0,2,0,0,1,0,0,0
OA Knit Design Ltd.,Woven,1.0,2.0,300,500000.0,"Shirt ,Pant ,T-Shirt ,Polo shirt","Tangail Road, Vogra, National University, Gazipur City Corporation, Word # 15, Gazipur, Gazipur",Gazipur,Gazipur,2022,"['Shirt', 'Pant', 'T-Shirt', 'Polo shirt']",6000000.0,Very Large,3,0.006666666666666667,20000.0,4,1,1,0,0,0,0
Oasis Fashion Ltd.,Sweater,5.0,980.0,600,100000.0,"Sweaters ,Cardigans ,Pullovers ,Vest","591, Gacha, Gazipur, Board Bazar",Gazipur,Board Bazar,2001,"['Sweaters', 'Cardigans', 'Pullovers', 'Vest']",1200000.0,Very Large,24,1.6333333333333333,2000.0,4,0,0,0,0,0,0
Oasis Fashion Ltd. (Unit-2),Sweater,5.0,1200.0,227,55000.0,Sweater,"Kashem Complex, Gacha Road, Gazipur, Board Bazar",Gazipur,Board Bazar,2014,['Sweater'],660000.0,Large,11,5.286343612334802,2907.488986784141,1,0,0,0,0,0,1
OBA Apparels Limited,Woven,5.0,269.0,172,31200.0,"Jackets ,Ladies Items ,Jogging Suits ,Trousers","1111, Biswamber Nag Lane, Goshail Danga, Chittagong","1111, Biswamber Nag Lane, Goshail Danga",Chittagong,1997,"['Jackets', 'Ladies Items', 'Jogging Suits', 'Trousers']",374400.0,Large,28,1.563953488372093,2176.7441860465115,4,0,0,0,0,0,0
Ocean & Design (BD) Ltd.,Woven,5.0,1034.0,498,200000.0,"Shirts ,Ladies Shirts ,Jackets ,Trousers","Zamgara, Earpur Union, Dhaka, Savar",Dhaka,Savar,2000,"['Shirts', 'Ladies Shirts', 'Jackets', 'Trousers']",2400000.0,Very Large,25,2.076305220883534,4819.277108433735,4,0,0,0,0,0,0
Ocean Apparels,Woven,5.0,278.0,198,40000.0,"Shirts ,Pants","Ds-2, 1St Floor (East Wing), Road # 2, Chittagong, Chittagong Epz",Chittagong,Chittagong Epz,2014,"['Shirts', 'Pants']",480000.0,Large,11,1.404040404040404,2424.242424242424,2,0,0,1,0,0,0
Ocean Eco Apparels Ltd.,Woven,1.0,4.0,175,1200000.0,"Shirt ,Pant ,Jacket","98, Shahid Kawsar Monjil, Barua, Khilkhet, Dhaka, Dhaka",Dhaka,Dhaka,2022,"['Shirt', 'Pant', 'Jacket']",14400000.0,Very Large,3,0.022857142857142857,82285.71428571429,3,0,1,0,1,0,0
Ocean Fashions Ltd.,Woven,5.0,575.0,396,70200.0,"Overalls ,Trousers ,Shorts ,Jackets","Plot # 2, Road # 2, Section # 7, Dhaka, Mirpur",Dhaka,Mirpur,1992,"['Overalls', 'Trousers', 'Shorts', 'Jackets']",842400.0,Large,33,1.452020202020202,2127.2727272727275,4,0,0,0,0,0,0
Ocean State Ltd.,Woven,1.0,1450.0,630,250000.0,"Swim Short ,Bika Short ,Shirt","Ayhoj Green Tower, North Diyang Vella Para, Ziri, Patiya, Chittagong, Chittagong",Chittagong,Chittagong,2017,"['Swim Short', 'Bika Short', 'Shirt']",3000000.0,Very Large,8,2.3015873015873014,4761.9047619047615,3,0,1,0,0,0,0
Ocean Sweater Ind. (Pvt.) Ltd.,Sweater,1.0,1600.0,600,5000000.0,"Pullovers ,Cardigans ,Sweaters","Islampur, Joudebpur, Gazipur, Gazipur",Gazipur,Gazipur,2009,"['Pullovers', 'Cardigans', 'Sweaters']",60000000.0,Very Large,16,2.6666666666666665,100000.0,3,0,0,0,0,0,0
Ocean Trousers Ltd.,Woven,5.0,800.0,456,120000.0,"Jackets ,Trousers ,Skirts ,Shorts","Laximpur, Chandona, Gazipur, Joydevpur",Gazipur,Joydevpur,2004,"['Jackets', 'Trousers', 'Skirts', 'Shorts']",1440000.0,Very Large,21,1.7543859649122806,3157.8947368421054,4,0,0,0,0,0,0
Odessa Fashions Ltd.,Sweater,5.0,2854.0,1276,250000.0,"Pullovers ,Cardigans ,Jumpers ,Vests","Nalzani, Chandana, Gazipur, Joydevpur",Gazipur,Joydevpur,1995,"['Pullovers', 'Cardigans', 'Jumpers', 'Vests']",3000000.0,Very Large,30,2.2366771159874608,2351.0971786833857,4,0,0,0,0,0,0
Odyssey Craft (Pvt.) Ltd.,Woven,1.0,7000.0,1349,962400.0,Unknown,"Depashai, Sombag, Kalampur, Dhamrai, Dhaka, Dhaka",Dhaka,Dhaka,2016,[],11548800.0,Very Large,9,5.189028910303929,8561.008154188288,0,0,0,0,0,0,0
Odyssey Dresses Ltd.,Woven,5.0,545.0,325,120000.0,"Shirts ,Ladies Shirts","Joy Bangla Road, Kb Bazar, Gazipur, Bara Bari",Gazipur,Bara Bari,2004,"['Shirts', 'Ladies Shirts']",1440000.0,Very Large,21,1.676923076923077,4430.7692307692305,2,0,0,0,0,0,0
Oishi Fashions (Pvt) Ltd.,Sweater,5.0,500.0,334,0.0,Sweaters,"Shaheen Complex 23, Gazipura, Gazipur, Tongi",Gazipur,Tongi,2000,['Sweaters'],0.0,,25,1.4970059880239521,0.0,1,0,0,0,0,0,0
Old River Knitting Ltd.,Knit,5.0,170.0,160,150000.0,"T-Shirts ,Polo Shirts ,Vest","446, Kamarjuri, Gazipur, Board Bazar",Gazipur,Board Bazar,2006,"['T-Shirts', 'Polo Shirts', 'Vest']",1800000.0,Very Large,19,1.0625,11250.0,3,0,0,0,0,0,0
Oli Knitting Fabrics Ltd.,Knit,5.0,1370.0,922,785000.0,"T-Shirts ,Polo Shirts","Ganakbari, Dhaka, Savar",Dhaka,Savar,1996,"['T-Shirts', 'Polo Shirts']",9420000.0,Very Large,29,1.4859002169197397,10216.919739696312,2,0,0,0,0,0,0
Olio Apparels Ltd.,Woven,5.0,270.0,125,60000.0,"Shirts ,Skirts ,Pants","1/1, North Kamalapur, Dhaka, Kamalapur",Dhaka,Kamalapur,2007,"['Shirts', 'Skirts', 'Pants']",720000.0,Large,18,2.16,5760.0,3,0,0,1,0,0,0
Olira Fashions Ltd.,Knit,5.0,320.0,207,95000.0,"Shirts ,Pants ,T-Shirts ,Polo Shirts","Plot # 683, Begum Rokeya Sarani, Shaewrapara, Dhaka, Mirpur",Dhaka,Mirpur,2010,"['Shirts', 'Pants', 'T-Shirts', 'Polo Shirts']",1140000.0,Very Large,15,1.5458937198067633,5507.246376811594,4,0,0,1,0,0,0
Omega Style Ltd.,Knit,5.0,1500.0,795,7000000.0,"T-Shirts ,Polo Shirts","Baraider Chala, Gazipur, Sreepur",Gazipur,Sreepur,2016,"['T-Shirts', 'Polo Shirts']",84000000.0,Very Large,9,1.8867924528301887,105660.37735849057,2,0,0,0,0,0,0
Omega Sweaters Ltd.,Sweater,5.0,1200.0,1850,8000.0,Sweaters,"Baraiderchala , Sreepur, Gazipur, Bangladesh, Gazipur, B. Baria",Gazipur,B. Baria,2000,['Sweaters'],96000.0,Medium,25,0.6486486486486487,51.891891891891895,1,0,0,0,0,0,0
Omi Apparels Ltd.,Woven,5.0,500.0,230,95000.0,"Jackets ,Pants ,Shorts ,Trousers","Am Plaza (6Th & 7Th Floor), 76, Dit Road, Dhaka, Malibagh",Dhaka,Malibagh,2001,"['Jackets', 'Pants', 'Shorts', 'Trousers']",1140000.0,Very Large,24,2.1739130434782608,4956.521739130435,4,0,0,1,0,0,0
One Composite Mills Ltd.,Knit,5.0,2295.0,922,700000.0,"T-Shirts ,Polo Shirts ,Tank Top","Bishuya Kuribari, Mirzapur, Gazipur, Gazipur Sadar",Gazipur,Gazipur Sadar,2003,"['T-Shirts', 'Polo Shirts', 'Tank Top']",8400000.0,Very Large,22,2.4891540130151846,9110.62906724512,3,0,0,0,0,0,0
One Up Sweaters Ltd.,Sweater,1.0,490.0,250,10000.0,"Sweaters ,Men, Ladies ,Infants, Kids,Shawls ,Ponchos, Hats","Plot No:122-123, Choydana, Hazir Pukur, P.O: National University, Gazipur, Bangladesh., Gazipur, Gazipur",Gazipur,Gazipur,2007,"['Sweaters', 'Men', 'Ladies', 'Infants', 'Kids', 'Shawls', 'Ponchos', 'Hats']",120000.0,Large,18,1.96,480.0,8,0,0,0,0,0,0
Onus Apparels Ltd.,Woven,5.0,500.0,305,120000.0,"Shirts ,Overall ,Pants","95/B, Dit Road, Dhaka, Rampura",Dhaka,Rampura,1993,"['Shirts', 'Overall', 'Pants']",1440000.0,Very Large,32,1.639344262295082,4721.311475409836,3,0,0,1,0,0,0
Onus Design Ltd.,Woven,5.0,500.0,251,102000.0,"Ladies Shirts ,Ladies Pants","Joy Bangla Road, Barobari, Kunia, Gazipur, K.B. Bazar",Gazipur,K.B. Bazar,2003,"['Ladies Shirts', 'Ladies Pants']",1224000.0,Very Large,22,1.9920318725099602,4876.494023904383,2,0,0,0,0,0,0
Onus Garments Ltd.,Woven,5.0,150.0,86,40000.0,"Shirts ,Trousers","Joy Bangla Road, Barobari, Kunia, Gazipur, K.B. Bazar",Gazipur,K.B. Bazar,1999,"['Shirts', 'Trousers']",480000.0,Large,26,1.744186046511628,5581.395348837209,2,0,0,0,0,0,0
Operating Theater Medical Bangladesh Co. Ltd.,Woven,1.0,2.0,447,100000.0,Sergical Product,"146,Baganbari, Lashkarchala, Haturiyachala, Kaliakoir, Gazipur, Gazipur",Gazipur,Gazipur,2023,['Sergical Product'],1200000.0,Very Large,2,0.0044742729306487695,2684.5637583892617,1,0,0,0,0,0,0
Opex Apparels Ltd,Woven,5.0,630.0,378,100000.0,"Shirts ,Blouses ,Vest","Kanchpur, Narayanganj, Sonargaon",Narayanganj,Sonargaon,1998,"['Shirts', 'Blouses', 'Vest']",1200000.0,Very Large,27,1.6666666666666667,3174.6031746031745,3,0,0,0,0,0,0
Opex Designers Ltd.,Woven,5.0,350.0,96,30000.0,"Shirts ,Blouses ,Dresses Uniforms","Kanchpur, Narayanganj, Sonargaon",Narayanganj,Sonargaon,1997,"['Shirts', 'Blouses', 'Dresses Uniforms']",360000.0,Large,28,3.6458333333333335,3750.0,3,0,0,0,0,0,0
Opex Fashions Limited,Woven,5.0,600.0,326,76500.0,"Shirts ,Fashion Wears ,Trousers","I/1 & I/2, Block # C, Section # 13, Dhaka, Mirpur",Dhaka,Mirpur,1995,"['Shirts', 'Fashion Wears', 'Trousers']",918000.0,Large,30,1.8404907975460123,2815.9509202453987,3,0,0,0,0,0,0
Opex Garments Ltd.,Woven,5.0,2150.0,1765,300000.0,"Shirts ,Blouses ,Trousers","56/1, Block # C, Section # 13, Dhaka, Mirpur",Dhaka,Mirpur,1985,"['Shirts', 'Blouses', 'Trousers']",3600000.0,Very Large,40,1.2181303116147308,2039.6600566572238,3,0,0,0,0,0,0
Opex Industries Ltd.,Woven,5.0,470.0,308,200000.0,"Shirts ,Blouses ,Jackets","Kanchpur, Narayanganj, Sonargaon",Narayanganj,Sonargaon,2000,"['Shirts', 'Blouses', 'Jackets']",2400000.0,Very Large,25,1.525974025974026,7792.207792207792,3,0,0,0,0,0,0
Opex Readywears Ltd.,Woven,5.0,300.0,149,70000.0,"Blouses ,Knit Items ,Jogging Suits","Kanchpur, Narayanganj, Sonargaon",Narayanganj,Sonargaon,1998,"['Blouses', 'Knit Items', 'Jogging Suits']",840000.0,Large,27,2.0134228187919465,5637.583892617449,3,0,0,0,0,0,0
Opex Stylewear Ltd..,Woven,5.0,0.0,0,0.0,"Blouses ,Jackets ,Trousers","56/1, Lane # 1, Block - C, Sector # 13, Dhaka, Mirpur",Dhaka,Mirpur,2003,"['Blouses', 'Jackets', 'Trousers']",0.0,,22,0.0,0.0,3,0,0,0,0,0,0
Opex Sweaters Ltd.,Sweater,5.0,5000.0,2522,300000.0,"Sweaters ,Knit Items","Kanchpur, Narayanganj, Sonargaon",Narayanganj,Sonargaon,2002,"['Sweaters', 'Knit Items']",3600000.0,Very Large,23,1.9825535289452816,1427.4385408406026,2,0,0,0,0,0,0
Optimo Jeans Ltd.,Woven,5.0,562.0,580,640000.0,"Shirts ,Jackets ,Pants ,Trousers","Zarun, Gazipur, Konabari",Gazipur,Konabari,2009,"['Shirts', 'Jackets', 'Pants', 'Trousers']",7680000.0,Very Large,16,0.9689655172413794,13241.379310344828,4,0,0,1,0,0,0
Optimum Fashions Wear Ltd.,Knit,5.0,500.0,240,41666667.0,"Shrts ,Pants ,T-Shirs","Shashongaon, Enayetnagar, Narayanganj, Fatullah",Narayanganj,Fatullah,2014,"['Shrts', 'Pants', 'T-Shirs']",500000004.0,Very Large,11,2.0833333333333335,2083333.35,3,0,0,1,0,0,0
Optimum Ltd.,Woven,5.0,800.0,350,160000.0,"Jackets ,Bip Pants ,Trousers ,Bermuda Shorts","Amir Complex (7Th Floor), Plot # 43, Sector # 3, Dhaka, Uttara",Dhaka,Uttara,2000,"['Jackets', 'Bip Pants', 'Trousers', 'Bermuda Shorts']",1920000.0,Very Large,25,2.2857142857142856,5485.714285714285,4,0,0,0,0,0,0
Option Knitwear Ltd.,Knit,5.0,358.0,104,220000.0,"T-Shirts ,Polo Shirts","East Chandura, Gazipur, Kaliakoir",Gazipur,Kaliakoir,2012,"['T-Shirts', 'Polo Shirts']",2640000.0,Very Large,13,3.4423076923076925,25384.615384615383,2,0,0,0,0,0,0
Opus Fashion Ltd.,Woven,5.0,400.0,136,60000.0,"Jackets ,Jogging Suit ,Knit Garments","16, Dit Road, Dhaka, Malibagh",Dhaka,Malibagh,1997,"['Jackets', 'Jogging Suit', 'Knit Garments']",720000.0,Large,28,2.9411764705882355,5294.117647058823,3,0,0,0,0,0,0
Orbid Apparels Ltd.,Knit,5.0,290.0,90,260000.0,"T-Shirts ,Polo Shirts ,Tank Tops","186, Maddya Gazirchat, Ashulia-Epz Road, Dhaka, Savar",Dhaka,Savar,2012,"['T-Shirts', 'Polo Shirts', 'Tank Tops']",3120000.0,Very Large,13,3.2222222222222223,34666.666666666664,3,0,0,0,0,0,0
Orbitex Knitwear Ltd.,Woven,5.0,2594.0,2200,29166.0,"Woven Jacket ,Top ,Bottom","Gorat, Ashulia, Savar, Dhaka, Dhaka",Dhaka,Dhaka,1992,"['Woven Jacket', 'Top', 'Bottom']",349992.0,Large,33,1.1790909090909092,159.08727272727273,3,0,0,0,0,0,0
Orchard Sweaters Ltd.,Woven,1.0,1500.0,1000,0.0,"Shirt ,Pant ,Jacket","10, Habirbari, Zamirdia, Mymensingh, Mymensingh",Mymensingh,Mymensingh,2008,"['Shirt', 'Pant', 'Jacket']",0.0,,17,1.5,0.0,3,0,1,0,1,0,0
Orchid Garments Ltd.,Woven,5.0,861.0,265,1500000.0,"Jackets ,Pants ,Skirts ,Shorts","Chhaydana, Dagerchala Road, National University, Gazipur, Gazipur Sadar",Gazipur,Gazipur Sadar,1985,"['Jackets', 'Pants', 'Skirts', 'Shorts']",18000000.0,Very Large,40,3.249056603773585,67924.52830188679,4,0,0,1,0,0,0
Orchid Styles Ltd.,Woven,5.0,900.0,600,150000.0,"Shirts ,Trousers ,T-Shirts","Mallik Tower (11Th Floor), 13/14, Chiriakhana Rd., Section-1, Dhaka, Mirpur",Dhaka,Mirpur,2008,"['Shirts', 'Trousers', 'T-Shirts']",1800000.0,Very Large,17,1.5,3000.0,3,0,0,0,0,0,0
Orchid Sweater Ltd.,Sweater,5.0,1127.0,964,33333.0,"Sweaters ,Pullovers ,Cardigans","B-8/A-B, Fidc Road, Bscic I/A, Chittagong, Chittagong",Chittagong,Chittagong,1998,"['Sweaters', 'Pullovers', 'Cardigans']",399996.0,Large,27,1.1690871369294606,414.9336099585062,3,0,0,0,0,0,0
Ordian Fashion Ltd.,Knit,5.0,205.0,85,60000.0,"Jackets ,T-Shirts ,Polo Shirts ,Tank Tops","446, Dhakhin Gawir, Dhakhin Khan, Dhaka, Uttra",Dhaka,Uttra,2008,"['Jackets', 'T-Shirts', 'Polo Shirts', 'Tank Tops']",720000.0,Large,17,2.411764705882353,8470.588235294117,4,0,0,0,0,0,0
Ordinal Fashions Ltd.,Knit,5.0,120.0,69,120000.0,"T-Shirts ,Polo Shirts","Bengal Plaza-4 (1St Fl), Jamgora, Ashulia, Dhaka, Savar",Dhaka,Savar,2009,"['T-Shirts', 'Polo Shirts']",1440000.0,Very Large,16,1.7391304347826086,20869.565217391304,2,0,0,0,0,0,0
Organic Jeans Ltd.,Woven,5.0,1200.0,1618,350000.0,"Shirts ,Jackets ,Trousers","Plot # A/1 & 2, Block - B, Bscic I/A, Chittagong, Pahartoli",Chittagong,Pahartoli,2008,"['Shirts', 'Jackets', 'Trousers']",4200000.0,Very Large,17,0.7416563658838071,2595.797280593325,3,0,0,0,0,0,0
Orient Allure Knitwear Ltd.,Sweater,5.0,1200.0,1129,120000.0,Sweater,"6/10 Shalikchura, Ershad Nagar, Gazipur, Tongi",Gazipur,Tongi,2015,['Sweater'],1440000.0,Very Large,10,1.0628875110717448,1275.4650132860938,1,0,0,0,0,0,1
Orient Allure Lingerie Ltd.,Knit,5.0,0.0,230,390000.0,"Shirts ,Pants","Dewaliabari, Gazipur, Konabari",Gazipur,Konabari,2013,"['Shirts', 'Pants']",4680000.0,Very Large,12,0.0,20347.82608695652,2,0,0,1,0,0,0
Orient Dresses Ltd.,Woven,5.0,600.0,380,120000.0,"Jackets ,Trousers ,Track Suits ,Shorts","284, Ibrahimpur, Khan Mansion, Kachukhet, Dhaka, Cantonment",Dhaka,Cantonment,1992,"['Jackets', 'Trousers', 'Track Suits', 'Shorts']",1440000.0,Very Large,33,1.5789473684210527,3789.4736842105262,4,0,0,0,0,0,0
Oriental Fashion Ltd.,Knit,5.0,300.0,250,100000.0,"T-Shirts ,Polo Shirts","Dusied, Ashulia, Dhaka, Dhaka",Dhaka,Dhaka,2011,"['T-Shirts', 'Polo Shirts']",1200000.0,Very Large,14,1.2,4800.0,2,0,0,0,0,0,0
Oriental Industrial Co. Ltd.,Sweater,5.0,500.0,325,90000.0,Sweaters,"Bagia, Konabari, Gazipur, Joydevpur",Gazipur,Joydevpur,1992,['Sweaters'],1080000.0,Very Large,33,1.5384615384615385,3323.076923076923,1,0,0,0,0,0,0
Oriental Wool Wears Ltd.,Sweater,5.0,739.0,800,60000.0,"Cardigans ,Pullovers ,Vest","South Panishile, Gazipur, Kashimpur",Gazipur,Kashimpur,2005,"['Cardigans', 'Pullovers', 'Vest']",720000.0,Large,20,0.92375,900.0,3,0,0,0,0,0,0
Origin Apparels Ltd.,Woven,5.0,580.0,338,208000.0,"Shirts ,pants","Holding # 583, Block # B, Word # 23, Hatiyab, Gazipur, Gazipur Sadar",Gazipur,Gazipur Sadar,2014,"['Shirts', 'pants']",2496000.0,Very Large,11,1.7159763313609468,7384.615384615385,2,0,0,0,0,0,0
Ornate Apparels Ltd.,Woven,5.0,350.0,175,45000.0,"Rain Wears ,Dresses Iniforms ,Night Wears","Plot # 1-2, Main Road, Section # 10, Dhaka, Mirpur",Dhaka,Mirpur,1998,"['Rain Wears', 'Dresses Iniforms', 'Night Wears']",540000.0,Large,27,2.0,3085.714285714286,3,0,0,0,0,0,0
Ornate International Ltd.,Woven,5.0,405.0,194,50000.0,"Jackets ,Trousers ,Dresses ,Shorts","Asha Plaza (4Th Floor), Hemayetpur Bus Stand, Dhaka, Savar",Dhaka,Savar,1998,"['Jackets', 'Trousers', 'Dresses', 'Shorts']",600000.0,Large,27,2.0876288659793816,3092.783505154639,4,0,0,0,0,0,0
Ornate Knit Garment Industries Ltd.,Woven,1.0,850.0,238,300000.0,"T-Shirts ,Payjama ,Singlet","Bararangamtia, Dawan Idris Road, Zirabo, Dhaka, Dhaka",Dhaka,Dhaka,1991,"['T-Shirts', 'Payjama', 'Singlet']",3600000.0,Very Large,34,3.5714285714285716,15126.050420168067,3,0,0,0,0,0,0
Ornob Fashion Wear Ltd.,Woven,1.0,650.0,291,15000.0,"Shirts ,Blouses ,Shorts","Bade Kalmeshwar, Gazipur, Gazipur",Gazipur,Gazipur,2020,"['Shirts', 'Blouses', 'Shorts']",180000.0,Large,5,2.2336769759450172,618.5567010309278,3,0,0,0,0,0,0
Orpat Sweater Ltd.,Sweater,5.0,615.0,737,84167.0,Sweater,"1 No Mohim Gangoli Road,, Al-Joynal Alonker Plaza, (4Th-6Th Floor), Narayanganj, Tanbazar",Narayanganj,Tanbazar,2014,['Sweater'],1010004.0,Very Large,11,0.8344640434192673,1370.4260515603798,1,0,0,0,0,0,1
Osaka Fashion Wears Ltd,Woven,5.0,1200.0,318,130000.0,"Shirts ,Ladies Blouses ,Trousers ,Bermuda","Inds. Plot # 75, Road # 5, Rupnagar I/A, Section # 2, Dhaka, Mirpur",Dhaka,Mirpur,2000,"['Shirts', 'Ladies Blouses', 'Trousers', 'Bermuda']",1560000.0,Very Large,25,3.7735849056603774,4905.66037735849,4,0,0,0,0,0,0
Ospinter Garments Ltd.,Woven,5.0,547.0,200,114000.0,"Shirts ,Jackets ,Pants","Sfb # 2 (1St Floor), Ashulia, Depz, Dhaka, Savar",Dhaka,Savar,2010,"['Shirts', 'Jackets', 'Pants']",1368000.0,Very Large,15,2.735,6840.0,3,0,0,1,0,0,0
Otobi Apparels (Pvt.) Ltd.,Knit,5.0,300.0,110,10200.0,"Gowns ,Jackets ,Jogging Suit","83, Haranath Ghosh Road, Dhaka, Lalbagh",Dhaka,Lalbagh,1994,"['Gowns', 'Jackets', 'Jogging Suit']",122400.0,Large,31,2.727272727272727,1112.7272727272727,3,0,0,0,0,0,0
Outfit Apparels Ltd.,Knit,5.0,370.0,250,400000.0,"T-Shirts ,Polo Shirts ,Jackets","52/B, Nasirabad, Chittagong","52/B, Nasirabad,",Chittagong,2005,"['T-Shirts', 'Polo Shirts', 'Jackets']",4800000.0,Very Large,20,1.48,19200.0,3,0,0,0,0,0,0
Outfit Dresses Ltd.,Knit,5.0,230.0,120,160000.0,"T-Shirts ,Polo Shirts ,Bottoms ,Shorts","52/B, Nasirabad, Chittagong","52/B, Nasirabad,",Chittagong,2008,"['T-Shirts', 'Polo Shirts', 'Bottoms', 'Shorts']",1920000.0,Very Large,17,1.9166666666666667,16000.0,4,0,0,0,0,0,0
Outfit Kings Ltd.,Knit,1.0,25.0,56,10170.0,"T-Shirt ,Polo Shirt","Akran Bazar, Birulia Road, Savar, Dhaka, Dhaka",Dhaka,Dhaka,2022,"['T-Shirt', 'Polo Shirt']",122040.0,Large,3,0.44642857142857145,2179.285714285714,2,1,0,0,0,1,0
Outright Fashion Ltd.,Woven,5.0,880.0,503,100000.0,"Wind Suits ,Jackets ,Trousers ,Shorts","965, Shewrapara, Rokeya Sarani, Dhaka, Mirpur",Dhaka,Mirpur,1995,"['Wind Suits', 'Jackets', 'Trousers', 'Shorts']",1200000.0,Very Large,30,1.7495029821073558,2385.685884691849,4,0,0,0,0,0,0
Outwear Fashion Ltd.,Woven,5.0,875.0,539,100000.0,"Jackets ,Windsuits ,Trousers ,Shorts","965, Shewrapara, Rokeya Sharani, Dhaka, Mirpur",Dhaka,Mirpur,2001,"['Jackets', 'Windsuits', 'Trousers', 'Shorts']",1200000.0,Very Large,24,1.6233766233766234,2226.3450834879404,4,0,0,0,0,0,0
Owing Apparels Ltd.,Woven,1.0,360.0,120,91250.0,"Shirt ,Pant ,T-Shirt ,Polo Shirt","Road # 1, Burirpara, Yarpur, Ashulia, Savar, Dhaka, Dhaka",Dhaka,Dhaka,2022,"['Shirt', 'Pant', 'T-Shirt', 'Polo Shirt']",1095000.0,Very Large,3,3.0,9125.0,4,1,1,0,0,1,0
Oxford Shirts Ltd.,Woven,5.0,1660.0,1366,750000.0,"Shirts ,Pants","Pretty Square, South Salna, Gazipur, Salna Bazar",Gazipur,Salna Bazar,2016,"['Shirts', 'Pants']",9000000.0,Very Large,9,1.2152269399707174,6588.579795021962,2,0,0,1,0,0,0
P & G Textile Ltd.,Knit,5.0,350.0,225,19000.0,"Babies Wears ,Polo Shirts ,Jumpers ,Shirts","1670/2091 West Sholashahar, Chittagong, Aturar Depot",Chittagong,Aturar Depot,2000,"['Babies Wears', 'Polo Shirts', 'Jumpers', 'Shirts']",228000.0,Large,25,1.5555555555555556,1013.3333333333334,4,0,0,0,0,0,0
P & O Attires Ltd.,Woven,5.0,850.0,500,200000.0,"Shirts ,Shorts ,Pants ,Jackets","Riom Complex (3Rd & 4Th Floor), 157, Berun, Jamghara, Dhaka, Savar",Dhaka,Savar,2005,"['Shirts', 'Shorts', 'Pants', 'Jackets']",2400000.0,Very Large,20,1.7,4800.0,4,0,0,1,0,0,0
P.A. Knit Composite Ltd.,Knit,5.0,2200.0,460,350000.0,"T-Shirts ,Jersey ,Trousers ,Legging","Jamidia, Habirbari, Mymensingh, B. Baria",Mymensingh,B. Baria,2010,"['T-Shirts', 'Jersey', 'Trousers', 'Legging']",4200000.0,Very Large,15,4.782608695652174,9130.434782608696,4,0,0,0,0,0,0
P.H.S. Fashion,Sweater,5.0,135.0,80,12000.0,Cardigans,"Plot # 170/171, Uttarpara, Satarkul, Dhaka, Badda",Dhaka,Badda,2009,['Cardigans'],144000.0,Large,16,1.6875,1800.0,1,0,0,0,0,0,0
P.L Purification Garments Ltd.,Woven,1.0,5.0,119,145000.0,"Shirt ,Pant ,T-Shirt ,Polo Shirt","17, Muktijuddha Raphael Purification Road, Christanagar, Pagar, Tongi, Gazipur, Gazipur",Gazipur,Gazipur,2022,"['Shirt', 'Pant', 'T-Shirt', 'Polo Shirt']",1740000.0,Very Large,3,0.04201680672268908,14621.848739495797,4,1,1,0,0,1,0
P.N. Composite Ltd.,Knit,5.0,2150.0,1226,1000000.0,"T-Shirts ,Polo Shirts ,Tank Tops","Ambagh, Gazipur, Konabari",Gazipur,Konabari,2006,"['T-Shirts', 'Polo Shirts', 'Tank Tops']",12000000.0,Very Large,19,1.7536704730831973,9787.928221859707,3,0,0,0,0,0,0
Pacific A-1 Sweater Ltd.,Sweater,5.0,750.0,555,415000.0,Sweater,"Dattapara, (4/5, Shalikchura), Gazipur, Tongi",Gazipur,Tongi,2014,['Sweater'],4980000.0,Very Large,11,1.3513513513513513,8972.972972972973,1,0,0,0,0,0,1
Pacific Blue (Jeans Wear) Ltd.,Woven,5.0,1595.0,900,300000.0,"Jackets ,Pants ,Trousers ,Rumpers","A-8/1, Jalesshar, Savar, Dhaka-1343, Dhaka, Dhaka",Dhaka,Dhaka,2001,"['Jackets', 'Pants', 'Trousers', 'Rumpers']",3600000.0,Very Large,24,1.7722222222222221,4000.0,4,0,0,1,0,0,0
Pacific Cotton Ltd.,Knit,5.0,1200.0,1000,1050000.0,"T-Shirts ,Polo Shirts ,Tank Top","Amtoli, Habirbari, Seed Store Bazar, Mymensingh, Valuka",Mymensingh,Valuka,2002,"['T-Shirts', 'Polo Shirts', 'Tank Top']",12600000.0,Very Large,23,1.2,12600.0,3,0,0,0,0,0,0
Pacific Export,Knit,5.0,400.0,395,300000.0,"T-Shirts ,Polo Shirts ,Tank Tops","231/6, B.B. Road, Naraynaganj, Chashara",Naraynaganj,Chashara,2011,"['T-Shirts', 'Polo Shirts', 'Tank Tops']",3600000.0,Very Large,14,1.0126582278481013,9113.924050632912,3,0,0,0,0,0,0
Pacific Fibre Corporation Ltd.,Knit,5.0,162.0,100,96000.0,"T-Shirts ,Polo Shirts ,Tank Tops","B-37, 38-39, Bscic Industrial Estate, Gazipur, Konabari",Gazipur,Konabari,2002,"['T-Shirts', 'Polo Shirts', 'Tank Tops']",1152000.0,Very Large,23,1.62,11520.0,3,0,0,0,0,0,0
Pacific Jeans Ltd.,Woven,5.0,9007.0,6211,780000.0,"Jackets ,Trousers ,Bermuda ,Shorts","Plot # 14-19, Sector # 5, Chittagong, Cepz",Chittagong,Cepz,1994,"['Jackets', 'Trousers', 'Bermuda', 'Shorts']",9360000.0,Very Large,31,1.450169054902592,1507.00370310739,4,0,0,0,0,0,0
Pacific Knitex Limited,Knit,1.0,400.0,213,62149.0,"T-shirt ,Polo Shirt","Fouzderhat Industrial Area, Dhaka-Chittagong Trunk Road, Latifpur, Ward # 08, Jafrabad-4317, Akbarshah, Chittagong, Chittagong",Chittagong,Chittagong,2022,"['T-shirt', 'Polo Shirt']",745788.0,Large,3,1.8779342723004695,3501.3521126760565,2,0,0,0,0,1,0
Pacific Sweaters Ltd.,Sweater,5.0,1072.0,805,120000.0,"Sweaters ,Cardigans","231/6, B.B. Road, Narayanganj, Chashara",Narayanganj,Chashara,1993,"['Sweaters', 'Cardigans']",1440000.0,Very Large,32,1.3316770186335403,1788.8198757763976,2,0,0,0,0,0,0
Pacific Winterwear Ltd.,Sweater,5.0,1400.0,550,165000.0,"Sweaters ,Pullovers ,Cardigans ,Vest","Plot # 1081, Bara Ashulia, Dhaka, Savar",Dhaka,Savar,2003,"['Sweaters', 'Pullovers', 'Cardigans', 'Vest']",1980000.0,Very Large,22,2.5454545454545454,3600.0,4,0,0,0,0,0,0
Pacific Workwears Limited,Woven,1.0,2.0,587,1500000.0,"Shirt ,Pant","Plot # 69, Sector # 7, Cepz, Chittagong, Chittagong",Chittagong,Chittagong,2022,"['Shirt', 'Pant']",18000000.0,Very Large,3,0.0034071550255536627,30664.395229982965,2,0,1,0,0,0,0
Pack-Saas (BD) Ltd.,Woven,5.0,199.0,100,65000.0,"Shirts ,Pants ,Jackets","Plot # 33, Holding # 3/B, Milk Vita Road, Section # 7, Dhaka, Mirpur",Dhaka,Mirpur,2010,"['Shirts', 'Pants', 'Jackets']",780000.0,Large,15,1.99,7800.0,3,0,0,1,0,0,0
Packers Garments Inds. Ltd.,Woven,5.0,800.0,396,100000.0,"Blouses ,Jackets ,Pants ,Skirts","25/2, Shah Ali Bag, Section # 1, Dhaka, Mirpur",Dhaka,Mirpur,2000,"['Blouses', 'Jackets', 'Pants', 'Skirts']",1200000.0,Very Large,25,2.0202020202020203,3030.3030303030305,4,0,0,1,0,0,0
Paddock's Jeans Ltd.,Woven,5.0,0.0,0,0.0,Unknown,"Sfb # 6, Ground Floor, Depz, Ganakbari, Dhaka, Savar",Dhaka,Savar,1995,[],0.0,,30,0.0,0.0,0,0,0,0,0,0,0
Padma Apparels Industry Limited,Woven,1.0,4.0,173,120000.0,"Shirt ,Pant ,T-Shirt ,Polo Shirt","2944, Luna Complex (Ground-3Rd Floor), Joy Bangla Road, Khailkar, Borobari, Kaliakoir, Gazipur, Gazipur",Gazipur,Gazipur,2023,"['Shirt', 'Pant', 'T-Shirt', 'Polo Shirt']",1440000.0,Very Large,2,0.023121387283236993,8323.699421965317,4,1,1,0,0,1,0
Padma Polycotton Knit Fabrics Ltd.,Knit,5.0,4217.0,1443,1350000.0,"Jackets ,T-Shirts ,Polo Shirts ,Jogging Suits","131, Tejgaon I/A, Dhaka, Tejgaon",Dhaka,Tejgaon,1996,"['Jackets', 'T-Shirts', 'Polo Shirts', 'Jogging Suits']",16200000.0,Very Large,29,2.9223839223839225,11226.611226611227,4,0,0,0,0,0,0
Padma Satel Arab Fashions Ltd.,Woven,5.0,410.0,260,84000.0,"Shirts ,Children Dress ,Trousers ,Jackets","Luna Complex (6Th Fl), Joy Bangla Road, Baro Bari, Gazipur, Gazipur",Gazipur,Gazipur,1996,"['Shirts', 'Children Dress', 'Trousers', 'Jackets']",1008000.0,Very Large,29,1.5769230769230769,3876.923076923077,4,0,0,0,0,0,0
Padma Sweaters Ltd.,Sweater,5.0,385.0,482,48000.0,"Sweaters ,Pulovers ,Cardigans","1/B-Darus Salam Road (1St-3Rd & 5Th-10Th Fl), Section # 1, Dhaka, Mirpur",Dhaka,Mirpur,2004,"['Sweaters', 'Pulovers', 'Cardigans']",576000.0,Large,21,0.7987551867219918,1195.0207468879669,3,0,0,0,0,0,0
Padma Wears Ltd.,Woven,5.0,930.0,639,125000.0,"Shirts ,Pants ,Jackets ,Shorts","Plot # 25, Sector # 1, Chittagong, Cepz",Chittagong,Cepz,1998,"['Shirts', 'Pants', 'Jackets', 'Shorts']",1500000.0,Very Large,27,1.4553990610328638,2347.417840375587,4,0,0,1,0,0,0
Paff Fashion Ltd.,Woven,5.0,280.0,105,35000.0,"Jackets ,Pants ,Ski-Bib","Nabi Super Market, 232, Khatunganj, Chittagong","Nabi Super Market, 232, Khatunganj",Chittagong,2003,"['Jackets', 'Pants', 'Ski-Bib']",420000.0,Large,22,2.6666666666666665,4000.0,3,0,0,1,0,0,0
Pakiza Knit Composite Ltd.,Knit,1.0,5.0,1800,10000000.0,"All Kinds of knitwear etc. ,Trouser ,Top ,Hoody","Holding # A-1/5, Mojidpur, Boro Boli Meher, Dhaka, Dhaka",Dhaka,Dhaka,2003,"['All Kinds of knitwear etc', 'Trouser', 'Top', 'Hoody']",120000000.0,Very Large,22,0.002777777777777778,66666.66666666667,4,0,0,0,0,0,0
Pan Pacific Sweaters Ltd.,Sweater,5.0,1260.0,400,88000.0,"Sweaters ,Pullover","Pretty Square, South Salna, Gazipur, Salna",Gazipur,Salna,2003,"['Sweaters', 'Pullover']",1056000.0,Very Large,22,3.15,2640.0,2,0,0,0,0,0,0
Pan-Mark Apparels (Pvt) Ltd.,Knit,5.0,500.0,200,80000.0,"Shirts ,Jackets ,T-Shirts ,Pants","34/B, Cda Heavy I/A, Chittagong, Kalurghat",Chittagong,Kalurghat,1994,"['Shirts', 'Jackets', 'T-Shirts', 'Pants']",960000.0,Large,31,2.5,4800.0,4,0,0,1,0,0,0
Panache Knitted Creations Ltd.,Sweater,5.0,323.0,993,130000.0,"Sweaters ,Pullovers ,Cardigans ,V-Neck","Gazaria Para, Gazipur, Gazipur",Gazipur,Gazipur,1995,"['Sweaters', 'Pullovers', 'Cardigans', 'V-Neck']",1560000.0,Very Large,30,0.3252769385699899,1570.9969788519638,4,0,0,0,0,0,0
Panagea Fashion Wear Ltd.,Knit,5.0,427.0,160,200000.0,"T-Shirts ,Polo Shirts ,Sweat Shirts","10/2, Hazi Pear Primary School Road, Baro Dewra, Gazipur, Tongi",Gazipur,Tongi,2009,"['T-Shirts', 'Polo Shirts', 'Sweat Shirts']",2400000.0,Very Large,16,2.66875,15000.0,3,0,0,0,0,0,0
Panasia Clothing Ltd.,Knit,5.0,1190.0,760,200000.0,"Pants ,T-Shirts ,Polo Shirts","Aziz Chowdhury Complex-2, Vogra, Gazipur, Joydevpur",Gazipur,Joydevpur,2010,"['Pants', 'T-Shirts', 'Polo Shirts']",2400000.0,Very Large,15,1.5657894736842106,3157.8947368421054,3,0,0,1,0,0,0
Panasia Sweaters Ltd.,Sweater,5.0,800.0,738,150000.0,"Sweaters ,Cardigans ,Pullovers","Aziz Chowdhury Complex-2, Vogra, Gazipur, Joydevpur",Gazipur,Joydevpur,2009,"['Sweaters', 'Cardigans', 'Pullovers']",1800000.0,Very Large,16,1.084010840108401,2439.0243902439024,3,0,0,0,0,0,0
Pandemic Fashions Ltd.,Knit,5.0,700.0,235,300000.0,"T-Shirts ,Ladies Dress ,Polo Shirts ,Tank Top","191, Masdair, Narayanganj, Fatullah",Narayanganj,Fatullah,1995,"['T-Shirts', 'Ladies Dress', 'Polo Shirts', 'Tank Top']",3600000.0,Very Large,30,2.978723404255319,15319.148936170213,4,0,0,0,0,0,0
Pandora Fashion Ltd.,Sweater,5.0,2200.0,100,200000.0,"Sweaters ,Cardigans ,Jumpers","Badekalemashwar, Signboard, Gazipur, K.B. Bazar",Gazipur,K.B. Bazar,2000,"['Sweaters', 'Cardigans', 'Jumpers']",2400000.0,Very Large,25,22.0,24000.0,3,0,0,0,0,0,0
Pandora Sweaters Ltd.,Sweater,5.0,4300.0,2000,300000.0,"Sweaters ,Jumpers ,Cardigans ,Tank","Gilar Chala, Master Bari, Gazipur, Shreepur",Gazipur,Shreepur,2005,"['Sweaters', 'Jumpers', 'Cardigans', 'Tank']",3600000.0,Very Large,20,2.15,1800.0,4,0,0,0,0,0,0
Panorama Apparels Ltd.,Woven,5.0,0.0,1300,700000.0,"Shirts ,Ladies Blouses ,Pant","Vogra (Basan Sarak), P.O: National University, P.S: Gazipur Sadar, Dist: Gazipur, Bangladesh., Gazipur, Gazipur",Gazipur,Gazipur,1992,"['Shirts', 'Ladies Blouses', 'Pant']",8400000.0,Very Large,33,0.0,6461.538461538462,3,0,0,0,0,0,0
Panorama Garments Ltd.,Woven,5.0,510.0,350,200000.0,"Shirts ,Pants ,Trousers","39/A/1, Borabo, Ring Road, Dhaka, Dhaka",Dhaka,Dhaka,1984,"['Shirts', 'Pants', 'Trousers']",2400000.0,Very Large,41,1.457142857142857,6857.142857142857,3,0,0,1,0,0,0
Panshi Knit (Pvt.) Ltd.,Sweater,5.0,650.0,304,45000.0,"Sweaters ,Pullovers ,Cardigans","1/B, Shataish Khapara Road, Gazipura, Gazipur, Tongi",Gazipur,Tongi,2008,"['Sweaters', 'Pullovers', 'Cardigans']",540000.0,Large,17,2.138157894736842,1776.3157894736842,3,0,0,0,0,0,0
Pantaloon Design Ltd.,Woven,5.0,650.0,400,120000.0,"Trousers ,Shorts ,Bermuda ,Twills","Plot # M/1, Road # 7, Section # 7, Pallabi, Dhaka, Mirpur",Dhaka,Mirpur,2006,"['Trousers', 'Shorts', 'Bermuda', 'Twills']",1440000.0,Very Large,19,1.625,3600.0,4,0,0,0,0,0,0
Pantaloon Fashion Ltd.,Woven,5.0,708.0,346,48000.0,"Suits ,Blazers ,Trousers ,Shorts","Chaydana, Gazipur, Gazipur",Gazipur,Gazipur,2009,"['Suits', 'Blazers', 'Trousers', 'Shorts']",576000.0,Large,16,2.046242774566474,1664.7398843930637,4,0,0,0,0,0,0
Pantaloon Jeans Ltd.,Woven,5.0,400.0,200,80000.0,"Trousers ,Shorts ,Twill & Canvas ,Bermuda","Plot # 33 & 37, Milk Vita Road, Section # 7, Dhaka, Mirpur",Dhaka,Mirpur,2008,"['Trousers', 'Shorts', 'Twill  Canvas', 'Bermuda']",960000.0,Large,17,2.0,4800.0,4,0,0,0,0,0,0
Pantex Dresses Ltd.,Knit,5.0,1500.0,450,625000.0,"T-Shirts ,Trousers ,Jackets","Plot # 56, Hariharpara, Enayetnagar, Narayanganj, Narayangonj",Narayanganj,Narayangonj,2004,"['T-Shirts', 'Trousers', 'Jackets']",7500000.0,Very Large,21,3.3333333333333335,16666.666666666668,3,0,0,0,0,0,0
Panwin Designs Ltd.,Woven,5.0,2723.0,1619,416750.0,"Jackets ,Trousers ,Skirts ,Shorts","Baniarchala, Bager Bazar, Gazipur, Bhabanipur",Gazipur,Bhabanipur,2006,"['Jackets', 'Trousers', 'Skirts', 'Shorts']",5001000.0,Very Large,19,1.6819024088943793,3088.9437924644844,4,0,0,0,0,0,0
Panwin Fashions Ltd.,Woven,5.0,1436.0,760,212000.0,"Trousers ,Shorts ,Skirts","78/A, South Bishil (7Th Floor), Dhaka, Mirpur-1",Dhaka,Mirpur-1,1999,"['Trousers', 'Shorts', 'Skirts']",2544000.0,Very Large,26,1.8894736842105264,3347.3684210526317,3,0,0,0,0,0,0
Panwin Garments Ltd.,Woven,5.0,838.0,592,141000.0,"Jackets ,Trousers ,Pants ,Skirts","78/A, South Bishil (4Th & 7Th Floor), Dhaka, Mirpur-1",Dhaka,Mirpur-1,2001,"['Jackets', 'Trousers', 'Pants', 'Skirts']",1692000.0,Very Large,24,1.4155405405405406,2858.108108108108,4,0,0,1,0,0,0
Parade International Ltd.,Woven,5.0,400.0,200,100000.0,"Shirts ,Children Wears ,Jackets ,Pants","118, Elephant Road, Nur Plaza, Dhaka, Elephant Road",Dhaka,Elephant Road,2001,"['Shirts', 'Children Wears', 'Jackets', 'Pants']",1200000.0,Very Large,24,2.0,6000.0,4,0,0,1,0,0,0
Paradise Dresses Ltd.,Woven,5.0,280.0,120,30000.0,"Jackets ,Jogging Suits ,Ladies Dresses ,Pants","21/7A, New Chashara Road, Narayanganj, Jamtala",Narayanganj,Jamtala,1997,"['Jackets', 'Jogging Suits', 'Ladies Dresses', 'Pants']",360000.0,Large,28,2.3333333333333335,3000.0,4,0,0,1,0,0,0
Paradise Fashions (Pvt). Ltd.,Woven,5.0,550.0,262,75000.0,"Jackets ,Jogging Suits ,Ladies Dress ,Pants","21/8, New Chashara Road, Narayanganj, Jamtala",Narayanganj,Jamtala,1985,"['Jackets', 'Jogging Suits', 'Ladies Dress', 'Pants']",900000.0,Large,40,2.099236641221374,3435.114503816794,4,0,0,1,0,0,0
Paradise Hi-Design Ltd.,Woven,5.0,564.0,298,50000.0,"Jackets ,Jogging Suits ,Pants ,Ladies Dresses","123, New Kakrail Road, Mouban Super Market (3Rd Floor), Dhaka, Shantinagar",Dhaka,Shantinagar,1998,"['Jackets', 'Jogging Suits', 'Pants', 'Ladies Dresses']",600000.0,Large,27,1.8926174496644295,2013.4228187919464,4,0,0,1,0,0,0
Paramount Knitting Ltd.,Sweater,5.0,258.0,157,25000.0,Sweaters,"Salahuddin Plaza, Sharifpur, National University, Gazipur","Salahuddin Plaza, Sharifpur, National University",Gazipur,2000,['Sweaters'],300000.0,Large,25,1.643312101910828,1910.8280254777071,1,0,0,0,0,0,0
Parba Fashion Ltd.,Woven,5.0,547.0,320,250000.0,"Shirts ,Pants ,T-Shirt ,Polo Shirt","5098/99, Kusumpura (Chapara), Karlarpool, Shantirhat Road, Kalarpool, Chittagong, Chittagong",Chittagong,Chittagong,2016,"['Shirts', 'Pants', 'T-Shirt', 'Polo Shirt']",3000000.0,Very Large,9,1.709375,9375.0,4,1,0,1,0,1,0
Parents Apparel,Woven,1.0,250.0,142,133333.0,"Shirt ,Pant ,T-Shirt ,Polo Shirt","Sirirchala, Bhabanipur, Gazipur Sadar, Gazipur, Gazipur",Gazipur,Gazipur,2022,"['Shirt', 'Pant', 'T-Shirt', 'Polo Shirt']",1599996.0,Very Large,3,1.7605633802816902,11267.577464788732,4,1,1,0,0,1,0
Parents Garments Ltd.,Woven,5.0,210.0,120,30000.0,"Winf Breaker ,Jogging Suits ,Shorts","Bhabanipur (Kashimpur), Bara Bhabanipur, Gazipur, Gazipur Sadar",Gazipur,Gazipur Sadar,1992,"['Winf Breaker', 'Jogging Suits', 'Shorts']",360000.0,Large,33,1.75,3000.0,3,0,0,0,0,0,0
Parents Sweater Ltd.,Sweater,5.0,220.0,200,50000.0,Sweaters,"Sirir Chala, Bagher Bazar, Gazipur, Bager Bazar",Gazipur,Bager Bazar,2010,['Sweaters'],600000.0,Large,15,1.1,3000.0,1,0,0,0,0,0,0
Parity Fashion Ltd.,Knit,5.0,404.0,151,300000.0,Knit Items,"Chowdhury Bari, Narayanganj, Godnail",Narayanganj,Godnail,1997,['Knit Items'],3600000.0,Very Large,28,2.6754966887417218,23841.059602649006,1,0,0,0,0,0,0
Parity Garments Ltd.,Knit,5.0,300.0,160,410000.0,"T-Shirts ,Kids Items ,Panties ,Ladies Items","656, Nasaria Madrasa Road, Uttar Pahartoli, Chittagong","656, Nasaria Madrasa Road, Uttar Pahartoli",Chittagong,2007,"['T-Shirts', 'Kids Items', 'Panties', 'Ladies Items']",4920000.0,Very Large,18,1.875,30750.0,4,0,0,0,0,0,0
Parkscene Bangladesh Ltd.,Knit,5.0,280.0,145,240000.0,"T-Shirts ,Polo Shirt","Kunia, K.B. Bazar, Gazipur, Gazipur Sadar",Gazipur,Gazipur Sadar,1997,"['T-Shirts', 'Polo Shirt']",2880000.0,Very Large,28,1.9310344827586208,19862.068965517243,2,0,0,0,0,1,0
Parkstar Apparel Ltd.,Woven,5.0,350.0,172,60000.0,"Skirts ,Jackets ,Pants","Kunia, Gazipur Sadar, Gazipur, K.B. Bazar",Gazipur,K.B. Bazar,2000,"['Skirts', 'Jackets', 'Pants']",720000.0,Large,25,2.0348837209302326,4186.046511627907,3,0,0,1,0,0,0
Parkview Dresses Ltd.,Woven,5.0,850.0,319,170000.0,"Pants ,Trousers ,Skirts ,Vests","30/2, Darail, Sataish Road, Gazipur, Tongi",Gazipur,Tongi,2008,"['Pants', 'Trousers', 'Skirts', 'Vests']",2040000.0,Very Large,17,2.664576802507837,6394.984326018809,4,0,0,1,0,0,0
Pasha Denims Ltd.,Woven,5.0,300.0,166,60000.0,"Shirts ,Jackets ,Pants ,Trousers","Baron, Zirabo, Dhaka, Savar",Dhaka,Savar,2005,"['Shirts', 'Jackets', 'Pants', 'Trousers']",720000.0,Large,20,1.8072289156626506,4337.349397590361,4,0,0,1,0,0,0
Pashmina Sweater Ltd.,Sweater,5.0,1150.0,950,58000.0,"Pullovers ,Cardigans ,Sweaters ,Muflers","Kumkumari, Ashulia, Dhaka, Savar",Dhaka,Savar,1993,"['Pullovers', 'Cardigans', 'Sweaters', 'Muflers']",696000.0,Large,32,1.2105263157894737,732.6315789473684,4,0,0,0,0,0,0
Passion Apparels & Wears Ltd.,Woven,5.0,0.0,0,1500000.0,"Jackets ,Pants ,T-Shirts ,Polo Shirts","Sharifpur, National University, Gazipur","Sharifpur, National University",Gazipur,2018,"['Jackets', 'Pants', 'T-Shirts', 'Polo Shirts']",18000000.0,Very Large,7,0.0,0.0,4,0,0,1,0,0,0
Passion Jeans Ltd.,Woven,5.0,30.0,481,2175000.0,"Jackets ,Overalls ,Pants ,Skirts","M H Tower (1St - 3Rd Fl), Vogra, National University, Gazipur","M H Tower (1St - 3Rd Fl), Vogra, National University",Gazipur,2018,"['Jackets', 'Overalls', 'Pants', 'Skirts']",26100000.0,Very Large,7,0.062370062370062374,54261.95426195426,4,0,0,1,0,0,0
Pastel Apparels Ltd.,Woven,5.0,420.0,240,83000.0,"Shirts ,Jackets ,Pants","Dhalladia, Rajabari, Gazipur, Sreepur",Gazipur,Sreepur,1993,"['Shirts', 'Jackets', 'Pants']",996000.0,Large,32,1.75,4150.0,3,0,0,1,0,0,0
Patrician Knit Wears Ltd.,Woven,5.0,275.0,140,55000.0,"Blouses ,Dresses ,Rompers","95/B, Dit Road, Dhaka, Rampura",Dhaka,Rampura,1994,"['Blouses', 'Dresses', 'Rompers']",660000.0,Large,31,1.9642857142857142,4714.285714285715,3,0,0,0,0,0,0
Patriot Garments Ltd.,Woven,5.0,195.0,105,57200.0,"Jackets ,Trousers ,Pants","Bhai Bhai Plaza (6Th To 8Th Floor), B-29, Khilkhet Bazar, Dhaka, Dhaka",Dhaka,Dhaka,1992,"['Jackets', 'Trousers', 'Pants']",686400.0,Large,33,1.8571428571428572,6537.142857142857,3,0,0,1,0,0,0
Pawla Knitwear (Pvt.) Ltd.,Knit,5.0,460.0,120,600000.0,"T-Shirts ,Polo Shirts ,Tank Tops","Isdair, Narayanganj, Fatullah",Narayanganj,Fatullah,2005,"['T-Shirts', 'Polo Shirts', 'Tank Tops']",7200000.0,Very Large,20,3.8333333333333335,60000.0,3,0,0,0,0,0,0
Paxko Limited,Woven,5.0,1215.0,578,750000.0,Sports Caps,"Narshingapur, Nischintapur, Dhaka, Savar",Dhaka,Savar,1999,['Sports Caps'],9000000.0,Very Large,26,2.102076124567474,15570.934256055363,1,0,0,0,0,0,0
Payra Fashion Wear Ltd.,Woven,5.0,300.0,200,50000.0,"Denim Pants ,Swim Shorts ,Fleece Jackets","Ja-89, Middle Badda, Dhaka, Badda",Dhaka,Badda,1997,"['Denim Pants', 'Swim Shorts', 'Fleece Jackets']",600000.0,Large,28,1.5,3000.0,3,0,0,0,0,0,0
Peacock Garments & Print,Woven,1.0,480.0,0,250000.0,Unknown,"Madrasha Road, Vangnahati, Sreepur Pourashava, Sreepur, Gazipur, Gazipur",Gazipur,Gazipur,2017,[],3000000.0,Very Large,8,0.0,0.0,0,0,0,0,0,0,0
Peak Apparels Ltd.,Knit,5.0,564.0,217,300000.0,"T-Shirts ,Polo Shirts","Vogra, National University, Gazipur, Joydevpur",Gazipur,Joydevpur,2010,"['T-Shirts', 'Polo Shirts']",3600000.0,Very Large,15,2.5990783410138247,16589.861751152075,2,0,0,0,0,0,0
Pearl Garments Company Ltd.,Woven,5.0,1152.0,720,250000.0,"Shirts ,Shorts ,Pants","Palashbari, Nabi Nagar, Ashulia, Dhaka, Savar",Dhaka,Savar,1985,"['Shirts', 'Shorts', 'Pants']",3000000.0,Very Large,40,1.6,4166.666666666667,3,0,0,1,0,0,0
Pearl Prince Apparels Ltd.,Woven,5.0,2120.0,1250,500000.0,"Jackets ,Denim Jeans ,Cargo Shorts ,Trousers","Plot # 14, Block - A, Tongi I/A, Gazipur, Tongi",Gazipur,Tongi,2006,"['Jackets', 'Denim Jeans', 'Cargo Shorts', 'Trousers']",6000000.0,Very Large,19,1.696,4800.0,4,0,0,0,0,0,0
Pearls & Pouce Ltd.,Knit,5.0,260.0,85,150000.0,"Trousers ,Shorts ,Knit Items","Sibrampur, Zirani Bazar, Gazipur, Kashimpur",Gazipur,Kashimpur,2001,"['Trousers', 'Shorts', 'Knit Items']",1800000.0,Very Large,24,3.0588235294117645,21176.470588235294,3,0,0,0,0,0,0
Peerage Knitwear Ltd.,Woven,5.0,550.0,300,85000.0,"Jackets ,Pants ,Jogging Suits","2/A, Darus Salam Road(4Th - 7Th Fl), Section # 1, Dhaka, Mirpur",Dhaka,Mirpur,2001,"['Jackets', 'Pants', 'Jogging Suits']",1020000.0,Very Large,24,1.8333333333333333,3400.0,3,0,0,1,0,0,0
Peerless Garments Ltd.,Woven,1.0,0.0,0,0.0,Unknown,"Sarabo, Kashimpur, Gazipur, Gazipur, Gazipur",Gazipur,Gazipur,2021,[],0.0,,4,0.0,0.0,0,0,0,0,0,0,0
Peerless International Ltd.,Woven,5.0,470.0,203,50000.0,"Jackets ,Kids Dress ,Jogging Suits ,Windbreakers","4, Darus Salam Road, Misco Super Market, Section # 1, Dhaka, Mirpur",Dhaka,Mirpur,1999,"['Jackets', 'Kids Dress', 'Jogging Suits', 'Windbreakers']",600000.0,Large,26,2.315270935960591,2955.6650246305417,4,0,0,0,0,0,0
Pegasi Textiles Ltd.,Knit,5.0,400.0,180,500000.0,"Shirts ,T-Shirts ,Panties","Plot # A-1, Block - A, Bscic I/E, Bayazid Bostami, Chittagong","Plot # A-1, Block - A, Bscic I/E, Bayazid Bostami",Chittagong,1996,"['Shirts', 'T-Shirts', 'Panties']",6000000.0,Very Large,29,2.2222222222222223,33333.333333333336,3,0,0,0,0,0,0
Peninsula Garments Limited,Woven,5.0,2848.0,2297,349992.0,Bottom,"Plot # 46-48, Chittagong, Cepz",Chittagong,Cepz,1986,['Bottom'],4199904.0,Very Large,39,1.2398781018720069,1828.4301262516326,1,0,0,0,0,0,0
Penny Design Knitwear,Knit,5.0,130.0,108,25000.0,"T-Shirts ,Polo Shirts ,Sweater","Jail Khana Road, Gazipur, Konabari",Gazipur,Konabari,2014,"['T-Shirts', 'Polo Shirts', 'Sweater']",300000.0,Large,11,1.2037037037037037,2777.777777777778,3,0,0,0,0,0,1
Penta Forth Apparels Ltd.,Woven,5.0,350.0,191,80000.0,"Shirts ,Trousers","Durgapur, Ashulia, Dhaka, Savar",Dhaka,Savar,2012,"['Shirts', 'Trousers']",960000.0,Large,13,1.8324607329842932,5026.178010471204,2,0,0,0,0,0,0
Pentagon Apparels Ltd.,Woven,5.0,400.0,160,25000.0,"Jackets ,Swim Shorts ,Pants ,Jogging Suits","1643, Manik Market (3Rd Floor), Amir Ali Chy Road, Chittagong, Asadgonj",Chittagong,Asadgonj,1994,"['Jackets', 'Swim Shorts', 'Pants', 'Jogging Suits']",300000.0,Large,31,2.5,1875.0,4,0,0,1,0,0,0
Pentagon Knit Com. Ltd.,Knit,5.0,600.0,300,200000.0,"T-Shirts ,Jackets ,Trousers ,Polo Shirts","Capital Cooperative Housing Society, House # 1, Road # 9, Pagar, Gazipur, Tongi",Gazipur,Tongi,2006,"['T-Shirts', 'Jackets', 'Trousers', 'Polo Shirts']",2400000.0,Very Large,19,2.0,8000.0,4,0,0,0,0,0,0
Peoples Fashion Limited,Woven,5.0,85.0,50,15000.0,"Jackets ,Pants","Plot # 28, Milk Vita Road, Section # 7, Dhaka, Mirpur",Dhaka,Mirpur,1997,"['Jackets', 'Pants']",180000.0,Large,28,1.7,3600.0,2,0,0,1,0,0,0
Perag Sock Inds. Ltd.,Knit,5.0,225.0,150,120000.0,Socks,"25/2, Dit Road, Malibagh Chowdhury Para, Dhaka, Malibagh",Dhaka,Malibagh,1989,['Socks'],1440000.0,Very Large,36,1.5,9600.0,1,0,0,0,0,0,0
Perfect Fashion,Knit,1.0,300.0,200,25000.0,"T-Shirts ,Polo Shirts ,Trousers","House # 444, South Park Para, Kallayanpur, Dhaka, Dhaka",Dhaka,Dhaka,2020,"['T-Shirts', 'Polo Shirts', 'Trousers']",300000.0,Large,5,1.5,1500.0,3,0,0,0,0,0,0
Perfect Fashion Knit Ind. Ltd.,Knit,5.0,120.0,144,100000.0,"Shirts ,Jackets ,T-Shirts ,Polo Shirts","43, Chiriakhana Road, Section # 1, Dhaka, Mirpur",Dhaka,Mirpur,2011,"['Shirts', 'Jackets', 'T-Shirts', 'Polo Shirts']",1200000.0,Very Large,14,0.8333333333333334,8333.333333333334,4,0,0,0,0,0,0
Perfect Fashions Ltd.,Woven,5.0,287.0,149,30000.0,"Ladies Items ,Pajama Sets ,Shorts","33, Mohakhali C/A, Dhaka, Mohakhali",Dhaka,Mohakhali,1999,"['Ladies Items', 'Pajama Sets', 'Shorts']",360000.0,Large,26,1.9261744966442953,2416.1073825503354,3,0,0,0,0,0,0
Perfect Sweaters Limited.,Woven,1.0,496.0,450,0.0,"Sweaters ,Pullovers ,Cardigans","923, Shewrapara, Begum Rokeya Sarani, Mirpur, Dhaka-1216, Bangladesh, Dhaka, Dhaka",Dhaka,Dhaka,2019,"['Sweaters', 'Pullovers', 'Cardigans']",0.0,,6,1.1022222222222222,0.0,3,0,0,0,0,0,0
PERKZ Denims Ltd.,Woven,1.0,0.0,0,540000.0,Unknown,"Gutolia, Panchrukhi, Volabo, Rupganj, Narayanganj, B. Baria",Narayanganj,B. Baria,2019,[],6480000.0,Very Large,6,0.0,0.0,0,0,0,0,0,0,0
Petrified Tex,Knit,1.0,1.0,57,100000.0,"T-Shirt ,Polo Shirt ,All Kinds of Knit Items","Bashaid, Ashulia, Savar, Dhaka, Dhaka",Dhaka,Dhaka,2023,"['T-Shirt', 'Polo Shirt', 'All Kinds of Knit Items']",1200000.0,Very Large,2,0.017543859649122806,21052.63157894737,3,1,0,0,0,1,0
Philadelphia Apparels Ltd.,Woven,5.0,325.0,150,8500.0,"Shirts ,Swim Trunks ,Vest","28, North Kafrul, Dhaka, Cantonment",Dhaka,Cantonment,1995,"['Shirts', 'Swim Trunks', 'Vest']",102000.0,Large,30,2.1666666666666665,680.0,3,0,0,0,0,0,0
Piangka Fashion Ltd.,Knit,5.0,230.0,110,480000.0,"T-Shirts ,Polo Shirts","Plot # 79, Maddho Gazirchat High School Road, Ashulia, Dhaka, Savar",Dhaka,Savar,2014,"['T-Shirts', 'Polo Shirts']",5760000.0,Very Large,11,2.090909090909091,52363.63636363636,2,0,0,0,0,0,0
Pimkie Apparels Ltd.,Woven,5.0,540.0,276,90000.0,"Denim ,Trousers ,Pants ,Shorts","Sena Kalyan Comm. Complex (4Th Fl), (North Side), Plot # 9, Block - F, Gazipur, Tongi",Gazipur,Tongi,2005,"['Denim', 'Trousers', 'Pants', 'Shorts']",1080000.0,Very Large,20,1.9565217391304348,3913.0434782608695,4,0,0,1,0,0,0
Pinaki Garments Ltd.,Woven,5.0,569.0,239,100000.0,"Shirts ,Trousers","Plot # 9, Block - C, Tongi I/A, Himardighi, Gazipur, Tongi",Gazipur,Tongi,1984,"['Shirts', 'Trousers']",1200000.0,Very Large,41,2.3807531380753137,5020.92050209205,2,0,0,0,0,0,0
Pinaki-Seha Inds. Ltd.,Woven,5.0,532.0,234,100000.0,"Shirs ,Trousers","Plot # 9, Block - C, Tongi I/A, Himardighi, Gazipur, Tongi",Gazipur,Tongi,2004,"['Shirs', 'Trousers']",1200000.0,Very Large,21,2.2735042735042734,5128.205128205128,2,0,0,0,0,0,0
Pinery Textile Ltd.,Knit,5.0,300.0,230,120000.0,"Sweat Shirts ,Polo Shirts ,Knit Items ,Creeper","1170/B, Easr Halishahar, Shah Amanat Setu Road, Chittagong, Bahaddarhat",Chittagong,Bahaddarhat,1996,"['Sweat Shirts', 'Polo Shirts', 'Knit Items', 'Creeper']",1440000.0,Very Large,29,1.3043478260869565,6260.869565217391,4,0,0,0,0,0,0
Pink Maker Garments ltd.,Woven,1.0,550.0,166,9850000.0,"Shirt ,Pant ,T-shirt ,Polo Shirt","Holding # 315, Sarabo, Kashimpur, Gazipur, Gazipur",Gazipur,Gazipur,2022,"['Shirt', 'Pant', 'T-shirt', 'Polo Shirt']",118200000.0,Very Large,3,3.3132530120481927,712048.1927710844,4,0,1,0,0,1,0
Pioneer Apparels Ltd.,Woven,5.0,2700.0,3000,4965000.0,"Jackets ,Ladies Pants ,Kids Items ,Shorts","Building # 2, (1St, 3Rd And 6Th To 9Th Floor), 37, Hemayetpur, Savar, Dhaka, Dhaka",Dhaka,Dhaka,1998,"['Jackets', 'Ladies Pants', 'Kids Items', 'Shorts']",59580000.0,Very Large,27,0.9,19860.0,4,0,0,0,0,0,0
Pioneer Casual Wear Ltd.,Woven,5.0,492.0,278,170000.0,"Shirts ,Ladies Blouses ,Ladies Shirts","Zamgara, Yearpur Union, Ashulia, Dhaka, Savar",Dhaka,Savar,1994,"['Shirts', 'Ladies Blouses', 'Ladies Shirts']",2040000.0,Very Large,31,1.7697841726618706,7338.1294964028775,3,0,0,0,0,0,0
Pioneer Denim Ltd.,Woven,1.0,0.0,76,120000.0,"Shirt ,Pant ,T-Shirt ,Polo Shirt","Horitola, Shahpur Bazar, Madhabdi, Hobigonj, Hobigonj",Hobigonj,Hobigonj,2022,"['Shirt', 'Pant', 'T-Shirt', 'Polo Shirt']",1440000.0,Very Large,3,0.0,18947.36842105263,4,1,1,0,0,1,0
Pioneer Dresses Ltd.,Woven,5.0,798.0,607,180000.0,"Shirts ,Polo Shirts","7/A, Sholashahar Light I/A, Baizid Bostami Road, Chittagong, Baizid Bostami",Chittagong,Baizid Bostami,1993,"['Shirts', 'Polo Shirts']",2160000.0,Very Large,32,1.314662273476112,3558.484349258649,2,0,0,0,0,0,0
Pioneer Knit Fashion Ltd.,Sweater,5.0,4418.0,3698,495000.0,"Sweaters ,Pullovers ,Cardigans ,Jumpers","Panchabati, Narayanganj, Fatullah",Narayanganj,Fatullah,2001,"['Sweaters', 'Pullovers', 'Cardigans', 'Jumpers']",5940000.0,Very Large,24,1.1946998377501352,1606.2736614386154,4,0,0,0,0,0,0
Pioneer Knitwears (BD) Ltd.,Sweater,5.0,2695.0,4679,185000.0,"Sweaters ,Cardigans ,Pullovers ,Jumpers","Jamirda, Mymensingh, Valuka",Mymensingh,Valuka,2010,"['Sweaters', 'Cardigans', 'Pullovers', 'Jumpers']",2220000.0,Very Large,15,0.5759777730284249,474.4603547766617,4,0,0,0,0,0,0
Piran Garments (Pvt.) Ltd.,Knit,5.0,440.0,283,2000.0,"T-Shirts ,Polo Shirts","Birulia Road, Kaliakoir, Dhaka, Savar",Dhaka,Savar,2015,"['T-Shirts', 'Polo Shirts']",24000.0,Medium,10,1.5547703180212014,84.80565371024736,2,0,0,0,0,0,0
Plantinum Apparel Manufacturing Co,Woven,5.0,100.0,100,200000.0,"Shirta ,Pants","Charabagh, Ashulia, Dhaka, Savar",Dhaka,Savar,2016,"['Shirta', 'Pants']",2400000.0,Very Large,9,1.0,24000.0,2,0,0,1,0,0,0
Platinum Creations & Designs Ltd.,Knit,1.0,0.0,93,300000.0,Unknown,"Dewan Idris Road, Bara Rangamatia, Ashulia, Savar, Dhaka, Dhaka, Dhaka",Dhaka,Dhaka,2021,[],3600000.0,Very Large,4,0.0,38709.67741935484,0,0,0,0,0,0,0
Platinum Garments Ltd.,Woven,1.0,600.0,160,9690000.0,"Shirt ,Pant ,T-Shirt ,Polo Shirt","Sarabo, Kashimpur, Gazipur, Gazipur",Gazipur,Gazipur,2022,"['Shirt', 'Pant', 'T-Shirt', 'Polo Shirt']",116280000.0,Very Large,3,3.75,726750.0,4,1,1,0,0,1,0
Pleiades Inds. Ltd.,Knit,5.0,422.0,757,700000.0,"Shirts ,Pants ,T-Shirts","Ahmed Mansion (7Th Floor), North Gazirchat, Dhaka, Ashulia",Dhaka,Ashulia,2012,"['Shirts', 'Pants', 'T-Shirts']",8400000.0,Very Large,13,0.5574636723910171,11096.433289299868,3,0,0,1,0,0,0
Plume-Tex Sweater Ltd.,Sweater,5.0,400.0,411,45000.0,Sweater,"Plot # 1073, Rs-1564, Gacha, Gazipur, National University",Gazipur,National University,2015,['Sweater'],540000.0,Large,10,0.9732360097323601,1313.8686131386862,1,0,0,0,0,0,1
Plummy Fashions Ltd.,Knit,1.0,2563.0,794,1260000.0,"T-Shirt ,Polo Shirt","North Narshingpur, Kashipur,Fatullah, Narayangonj, Narayangonj",Narayangonj,Narayangonj,2021,"['T-Shirt', 'Polo Shirt']",15120000.0,Very Large,4,3.2279596977329974,19042.821158690178,2,1,0,0,0,1,0
Pole Star Fashion Design Ltd.,Woven,5.0,301.0,200,30000.0,"Shirts ,Pants ,Trousers","Sharifpur, National University, Gazipur, Tungi",Gazipur,Tungi,2011,"['Shirts', 'Pants', 'Trousers']",360000.0,Large,14,1.505,1800.0,3,0,0,1,0,0,0
Pole Star Fashion Ltd.,Woven,5.0,500.0,204,90000.0,"Jackets ,Pants ,Jogging Suits","322/1, North Goran, Dhaka, Khilgaon",Dhaka,Khilgaon,1999,"['Jackets', 'Pants', 'Jogging Suits']",1080000.0,Very Large,26,2.450980392156863,5294.117647058823,3,0,0,1,0,0,0
Polite Apparels Ltd.,Woven,5.0,285.0,175,50000.0,"Jackets ,Pants ,Trousers","Khan Plaza, Plot # 6, Main Road # 1, Senpara, Parbota, Section # 10, Dhaka, Mirpur",Dhaka,Mirpur,2012,"['Jackets', 'Pants', 'Trousers']",600000.0,Large,13,1.6285714285714286,3428.5714285714284,3,0,0,1,0,0,0
Polka Dots Fashion Ltd.,Knit,5.0,200.0,145,36000.0,"T-Shirts ,Polo Shirts","Shilpa Plot # M-4/3 (5Th-6Th Fl), Main Road, Section # 14, Dhaka, Mirpur",Dhaka,Mirpur,2009,"['T-Shirts', 'Polo Shirts']",432000.0,Large,16,1.3793103448275863,2979.310344827586,2,0,0,0,0,0,0
Polygon Fashion Ltd.,Sweater,5.0,460.0,400,66700.0,Sweater,"I # 923, Kashimpur Road, Gazipur, Konabari",Gazipur,Konabari,2015,['Sweater'],800400.0,Large,10,1.15,2001.0,1,0,0,0,0,0,1
Polymer Knitwear Inds. Ltd.,Knit,5.0,500.0,250,200000.0,"T-Shirts ,Polo Shirts ,Tank Tops ,Shorts","Plot # B446, 447, Kamarjuri, National University, Gazipur, Board Bazar",Gazipur,Board Bazar,1999,"['T-Shirts', 'Polo Shirts', 'Tank Tops', 'Shorts']",2400000.0,Very Large,26,2.0,9600.0,4,0,0,0,0,0,0
Pomp and Veil Ltd.,Woven,5.0,250.0,149,90000.0,"Shirts ,Blouses ML ,Trousers","754, Monsurabad, D.T. Road, Chittagong, D. T. Road",Chittagong,D. T. Road,1985,"['Shirts', 'Blouses ML', 'Trousers']",1080000.0,Very Large,40,1.6778523489932886,7248.322147651007,3,0,0,0,0,0,0
Porter & Co. Bangladesh Ltd.,Woven,5.0,750.0,532,150000.0,"Shirts ,Jackets ,Pants","Holding # 448, Bhuigar, Narayanganj, Fatullah",Narayanganj,Fatullah,2011,"['Shirts', 'Jackets', 'Pants']",1800000.0,Very Large,14,1.4097744360902256,3383.4586466165415,3,0,0,1,0,0,0
Portland Textile Limited,Knit,5.0,600.0,250,300000.0,"T-Shirts ,Polo Shirts ,Ladies Kids ,Underwears","Plot # 14 & 15, South Halishahar, Chittagong, Cepz",Chittagong,Cepz,1994,"['T-Shirts', 'Polo Shirts', 'Ladies Kids', 'Underwears']",3600000.0,Very Large,31,2.4,14400.0,4,0,0,0,0,0,0
Posh Garments Ltd.,Unknown,,35.0,647,150000.0,"Shirts ,Ladies Blouses ,Skirts ,Dresses","348/A, Tejgaon I/A, Dhaka-1208, B. Baria",Dhaka-1208,B. Baria,1984,"['Shirts', 'Ladies Blouses', 'Skirts', 'Dresses']",1800000.0,Very Large,41,0.05409582689335394,2782.0710973724886,4,0,0,0,0,0,0
Posmi Sweaters Ltd.,Sweater,5.0,100.0,948,250000.0,"Sweaters ,Pullovers ,Cardigans","Dhaka Road, Chandona Chowrasta, Gazipur Sadar, Gazipur, Gazipur",Gazipur,Gazipur,2009,"['Sweaters', 'Pullovers', 'Cardigans']",3000000.0,Very Large,16,0.10548523206751055,3164.5569620253164,3,0,0,0,0,0,0
Power Hi-Tech Apparels Ltd.,Woven,1.0,619.0,180,250000.0,"T-Shirt ,Polo Shirt ,Shirt ,Pant","Plot # 80, Tenguri, Bksp (1349), Ashulia, Savar, Dhaka, Dhaka",Dhaka,Dhaka,2022,"['T-Shirt', 'Polo Shirt', 'Shirt', 'Pant']",3000000.0,Very Large,3,3.438888888888889,16666.666666666668,4,1,1,0,0,1,0
Power Vantage Wear Ltd.,Woven,5.0,850.0,260,60000.0,"Pants ,Trousers","Kafrul Tower, 234/8, Kachukhet Road, Dhaka, Dhaka",Dhaka,Dhaka,2000,"['Pants', 'Trousers']",720000.0,Large,25,3.269230769230769,2769.230769230769,2,0,0,1,0,0,0
Powertex Fashions Ltd.,Woven,5.0,892.0,503,234000.0,"Overalls ,Trousers ,Shorts ,Skirts","Mansur Plaza (3Rd - 6Th Floor), National University, Gazipur, Board Bazar",Gazipur,Board Bazar,2004,"['Overalls', 'Trousers', 'Shorts', 'Skirts']",2808000.0,Very Large,21,1.7733598409542743,5582.504970178927,4,0,0,0,0,0,0
PQRS Garments Ltd.,Knit,1.0,0.0,100,180000.0,"Shirts ,Pants ,T-Shirts ,Polo Shirts","Chandora, Madrasa Road, National University, Gazipur","Chandora, Madrasa Road, National University",Gazipur,2017,"['Shirts', 'Pants', 'T-Shirts', 'Polo Shirts']",2160000.0,Very Large,8,0.0,21600.0,4,0,0,1,0,0,0
Pratik Apparels Ltd.,Woven,5.0,650.0,260,210000.0,"Shirts ,Jackets ,Pants","39, Hazi Enus Ali Road, Karnapara, Dhaka, Savar",Dhaka,Savar,2006,"['Shirts', 'Jackets', 'Pants']",2520000.0,Very Large,19,2.5,9692.307692307691,3,0,0,1,0,0,0
Precious Apparels Ltd.,Knit,5.0,500.0,550,150000.0,"T-Shirts ,Panties ,Bra","Plot # 6602 (P) & 6603 (P), Hld # 2099/B, South & Middle Halishahar, Chittagong, Chittagong",Chittagong,Chittagong,2010,"['T-Shirts', 'Panties', 'Bra']",1800000.0,Very Large,15,0.9090909090909091,3272.7272727272725,3,0,0,0,0,0,0
Precision Knitting System Ltd.,Knit,5.0,502.0,123,30000.0,"T-Shirts ,Blouses ,Briefs","35/C, Nasirabad I/A, Baizid Bostami Road, Chittagong","35/C, Nasirabad I/A, Baizid Bostami Road",Chittagong,1993,"['T-Shirts', 'Blouses', 'Briefs']",360000.0,Large,32,4.08130081300813,2926.829268292683,3,0,0,0,0,0,0
Prefix Fshions Limited,Woven,1.0,2.0,172,100000.0,"Shirt ,Pant ,T-Shirt ,Polo Shirt","Sarabo, Kashimpur, Gazipur, Gazipur",Gazipur,Gazipur,2022,"['Shirt', 'Pant', 'T-Shirt', 'Polo Shirt']",1200000.0,Very Large,3,0.011627906976744186,6976.7441860465115,4,1,1,0,0,1,0
Premier Fashion Wear (Pvt) Ltd.,Woven,5.0,120.0,50,0.0,Pants,"Khaja Complex, Arkan Road, Chittagong","Khaja Complex, Arkan Road",Chittagong,2001,['Pants'],0.0,,24,2.4,0.0,1,0,0,1,0,0,0
Premier Style Ltd.,Sweater,5.0,600.0,482,75000.0,Sweaters,"39, Hossain Shahid Sohrawardi Road, Chittagong","39, Hossain Shahid Sohrawardi Road,",Chittagong,2002,['Sweaters'],900000.0,Large,23,1.2448132780082988,1867.2199170124481,1,0,0,0,0,0,0
Presentation Apparels Ltd.,Knit,5.0,650.0,415,120000.0,"Ladies Shirts ,Girls Shirts ,Ladies Pajama ,BG School Wears","Plot # 27, Road # 4, Sector # 1, Chittagong, Cepz",Chittagong,Cepz,2007,"['Ladies Shirts', 'Girls Shirts', 'Ladies Pajama', 'BG School Wears']",1440000.0,Very Large,18,1.5662650602409638,3469.879518072289,4,0,0,0,0,0,0
Pretom Fashion Wear,Knit,5.0,550.0,152,7000000.0,"T-Shirts ,Polo Shirts","B-152 Bscic Hosiery I/A, Shashongaon, Narayanganj, Fatullah",Narayanganj,Fatullah,2014,"['T-Shirts', 'Polo Shirts']",84000000.0,Very Large,11,3.6184210526315788,552631.5789473684,2,0,0,0,0,0,0
Pretty Dressers Ltd.,Woven,5.0,194.0,87,35000.0,"Shirts ,Jackets ,Pants ,Skirts","10, Hss Road, Chittagong","10, Hss Road,",Chittagong,1998,"['Shirts', 'Jackets', 'Pants', 'Skirts']",420000.0,Large,27,2.2298850574712645,4827.586206896552,4,0,0,1,0,0,0
Pretty Sweaters Ltd.,Sweater,5.0,6618.0,1200,1168750.0,Sweater,"Kuliarchar Tower, Chaydana, Gazipur, Gazipur Sadar",Gazipur,Gazipur Sadar,2014,['Sweater'],14025000.0,Very Large,11,5.515,11687.5,1,0,0,0,0,0,1
Prima Concept Ltd.,Knit,5.0,172.0,160,240000.0,"T-Shirts ,Polo Shirts","Holding # D-99/1,, Chandra Pollibiddut, Gazipur, Kaliakoir",Gazipur,Kaliakoir,2016,"['T-Shirts', 'Polo Shirts']",2880000.0,Very Large,9,1.075,18000.0,2,0,0,0,0,0,0
Prima Garments (Pvt) Ltd.,Woven,5.0,200.0,80,2000.0,"Jackets ,Pants ,Joggign Suits","321, Dider Market, Chittagong, Dewan Bazar",Chittagong,Dewan Bazar,1984,"['Jackets', 'Pants', 'Joggign Suits']",24000.0,Medium,41,2.5,300.0,3,0,0,1,0,0,0
Prime Jeans Culture Ltd.,Woven,5.0,1300.0,564,500000.0,"Jackets ,Pants ,Skirts ,Overalls","32/23, Issa Khan Road, Narayanganj, Narayangonj",Narayanganj,Narayangonj,2008,"['Jackets', 'Pants', 'Skirts', 'Overalls']",6000000.0,Very Large,17,2.3049645390070923,10638.297872340425,4,0,0,1,0,0,0
Prime Garments Ltd.,Woven,5.0,460.0,249,108000.0,"Jackets ,Overalls ,Skirts ,Pants","33/1, Issa Khan Road, Narayanganj","33/1, Issa Khan Road,",Narayanganj,1984,"['Jackets', 'Overalls', 'Skirts', 'Pants']",1296000.0,Very Large,41,1.8473895582329318,5204.819277108434,4,0,0,1,0,0,0
Prime Jeans Culture Ltd.,Woven,5.0,1300.0,564,500000.0,"Jackets ,Pants ,Skirts ,Overalls","32/23, Issa Khan Road, Narayanganj, Narayangonj",Narayanganj,Narayangonj,2008,"['Jackets', 'Pants', 'Skirts', 'Overalls']",6000000.0,Very Large,17,2.3049645390070923,10638.297872340425,4,0,0,1,0,0,0
Prime Jeans Fashion Ltd.,Woven,1.0,2.0,54,96000.0,"Shirt ,Pant ,Trouser ,T-Shirt","32/23, Issa Khan Road, Narayanganj Sadar, Narayanganj, Narayangonj",Narayanganj,Narayangonj,2022,"['Shirt', 'Pant', 'Trouser', 'T-Shirt']",1152000.0,Very Large,3,0.037037037037037035,21333.333333333332,4,1,1,0,0,0,0
Prime Sweaters Ltd.,Sweater,5.0,550.0,348,24000.0,"Sweaters ,Pullovers ,Cardigans","Hellal Market, Sharifpur, National University, Gazipur, B. Baria",Gazipur,B. Baria,2004,"['Sweaters', 'Pullovers', 'Cardigans']",288000.0,Large,21,1.5804597701149425,827.5862068965517,3,0,0,0,0,0,0
Primordial Ltd.,Knit,5.0,550.0,350,110500.0,"Shirts ,Pants ,Polo Shirts","88, Kazi Nazrul Islam Avenue, Feroza Complex (5Th Floor), Dhaka, Tejgaon",Dhaka,Tejgaon,2007,"['Shirts', 'Pants', 'Polo Shirts']",1326000.0,Very Large,18,1.5714285714285714,3788.5714285714284,3,0,0,1,0,0,0
Prince Garments (Pvt). Ltd.,Woven,5.0,585.0,275,60000.0,"Shirts ,Dress ,Pants","15, Bangla Bazar, Dhaka, Old Dhaka",Dhaka,Old Dhaka,1984,"['Shirts', 'Dress', 'Pants']",720000.0,Large,41,2.1272727272727274,2618.181818181818,3,0,0,1,0,0,0
Prince High Design Ltd.,Woven,5.0,557.0,310,120000.0,"Jackets ,Trousers ,Overalls ,Shortalls","Hakim Tower (2Nd & 3Rd Floor), E-6, Middle Badda, Pragati Sarani, Dhaka, Badda",Dhaka,Badda,1999,"['Jackets', 'Trousers', 'Overalls', 'Shortalls']",1440000.0,Very Large,26,1.7967741935483872,4645.1612903225805,4,0,0,0,0,0,0
Prince Knit Composite,Knit,5.0,350.0,200,500000.0,"T-Shirts ,Polo Shirts","Mulaid, Gazipur, Sreepur",Gazipur,Sreepur,2012,"['T-Shirts', 'Polo Shirts']",6000000.0,Very Large,13,1.75,30000.0,2,0,0,0,0,0,0
Pritam Fashion Wear (Pvt.) Ltd.,Woven,5.0,490.0,254,120000.0,"Jackets ,Overalls ,Pants ,Shorts","168, Bjc Godnail, Narayanganj","168, Bjc Godnail,",Narayanganj,1997,"['Jackets', 'Overalls', 'Pants', 'Shorts']",1440000.0,Very Large,28,1.9291338582677164,5669.291338582677,4,0,0,1,0,0,0
Pritha Fashions Ltd.,Woven,5.0,405.0,140,100000.0,"Shirts ,Blouses ,Trousers ,Jackets","Kanchan, Narayanganj, Sonargaon",Narayanganj,Sonargaon,2006,"['Shirts', 'Blouses', 'Trousers', 'Jackets']",1200000.0,Very Large,19,2.892857142857143,8571.42857142857,4,0,0,0,0,0,0
Priyam Fashion Ltd.,Knit,5.0,600.0,271,120000.0,"Shirts ,Jackets ,Shorts ,Pants","34/B, Cda Heavy I/A, Chittagong","34/B, Cda Heavy I/A,",Chittagong,1997,"['Shirts', 'Jackets', 'Shorts', 'Pants']",1440000.0,Very Large,28,2.2140221402214024,5313.653136531365,4,0,0,1,0,0,0
Priyam Garments Ltd.,Knit,5.0,1000.0,780,250000.0,"Shirts ,Pants ,T-Shirts","755, Mansurabad, D.T. Road, Chittagong","755, Mansurabad, D.T. Road",Chittagong,1992,"['Shirts', 'Pants', 'T-Shirts']",3000000.0,Very Large,33,1.2820512820512822,3846.153846153846,3,0,0,1,0,0,0
Pro Makers Sweater Ind. Ltd.,Unknown,,0.0,0,145000.0,"Sweaters ,Pullovers ,Cardigans","Degar Chala, P.O: National University, Gazipur","Degar Chala, P.O: National University",Gazipur,2017,"['Sweaters', 'Pullovers', 'Cardigans']",1740000.0,Very Large,8,0.0,0.0,3,0,0,0,0,0,0
Probridhi Apparels Ltd.,Sweater,5.0,452.0,250,500000.0,Sweater,"Kawya, Chonnapara, Gazipur, Sreepur",Gazipur,Sreepur,2014,['Sweater'],6000000.0,Very Large,11,1.808,24000.0,1,0,0,0,0,0,1
Prochesta Knit Textiles Ltd.,Knit,5.0,260.0,132,135417.0,"T-Shirts ,Polo Shirts ,Trousers ,Tank Tops","221/225, Sataish Road, Gazipura, Gazipur, Tongi",Gazipur,Tongi,2006,"['T-Shirts', 'Polo Shirts', 'Trousers', 'Tank Tops']",1625004.0,Very Large,19,1.9696969696969697,12310.636363636364,4,0,0,0,0,0,0
Progga Fashion Ltd.,Knit,5.0,20.0,100,200000.0,"T-Shirts ,Polo Shirts","Zirabo, Ashulia, Dhaka, Savar",Dhaka,Savar,2014,"['T-Shirts', 'Polo Shirts']",2400000.0,Very Large,11,0.2,24000.0,2,0,0,0,0,0,0
Progressive Apparels Ind. Ltd.,Woven,5.0,600.0,314,40000.0,"Trousers ,Long Pants ,Jupe ,Skirts","838/840, Dhanialapara, Dhaka Trunk Road, Chittagong, Dhanialapara",Chittagong,Dhanialapara,1997,"['Trousers', 'Long Pants', 'Jupe', 'Skirts']",480000.0,Large,28,1.910828025477707,1528.6624203821657,4,0,0,0,0,0,0
Prominent Apparels,Woven,5.0,400.0,185,120000.0,"Fashion Wears ,Jackets ,Knit Garments","A-149, A-150, Bscic I/A, Fatullah, Narayangonj, Narayangonj",Narayangonj,Narayangonj,1996,"['Fashion Wears', 'Jackets', 'Knit Garments']",1440000.0,Very Large,29,2.1621621621621623,7783.783783783784,3,0,0,0,0,0,0
Prominent Apparels Ltd.,Knit,5.0,450.0,200,260000.0,"T-Shirts ,Polo Shirts","56, S.M. Maleh Road, River View Complex, Narayanganj, B. Baria",Narayanganj,B. Baria,2014,"['T-Shirts', 'Polo Shirts']",3120000.0,Very Large,11,2.25,15600.0,2,0,0,0,0,0,0
Promod Knit Wear Ltd.,Sweater,5.0,995.0,607,100000.0,"Sweaters ,Pullovers ,Cardigans ,Troyer","Shahrasti Complex, (1St & 3Rd-6Th Floor), Kalmeshor, Gazipur, Gazipur Sadar",Gazipur,Gazipur Sadar,2006,"['Sweaters', 'Pullovers', 'Cardigans', 'Troyer']",1200000.0,Very Large,19,1.6392092257001647,1976.9357495881384,4,0,0,0,0,0,0
Proshmoni Sweater Ltd.,Sweater,5.0,600.0,250,0.0,Sweaters,"Board Bazar, Gazipur, Board Bazar",Gazipur,Board Bazar,2003,['Sweaters'],0.0,,22,2.4,0.0,1,0,0,0,0,0,0
Prostar Apparels Ltd.,Knit,5.0,1000.0,472,2800000.0,"Boxer Shorts ,Brassier ,Underwears ,Panties","Potka, Kapasia Road, Gosingga, Gazipur, Sreepur",Gazipur,Sreepur,1991,"['Boxer Shorts', 'Brassier', 'Underwears', 'Panties']",33600000.0,Very Large,34,2.1186440677966103,71186.44067796611,4,0,0,0,0,0,0
Prostar Industrial Co. Ltd.,Knit,5.0,600.0,336,1800000.0,"Boxer Shorts ,Underwears ,Panties ,Brassier","Plot # 74, Block - K, Rupnagar I/A, Section # 2, Dhaka, Mirpur",Dhaka,Mirpur,1990,"['Boxer Shorts', 'Underwears', 'Panties', 'Brassier']",21600000.0,Very Large,35,1.7857142857142858,64285.71428571428,4,0,0,0,0,0,0
Prostar Knitted Hats & Gloves Mfg. Ltd.,Knit,5.0,500.0,300,1600000.0,"Boxer Shorts ,Panties ,Underwears ,Brassier","Plot # 74, Block - K, Rupnagar I/A, Section # 2, Dhaka, Mirpur",Dhaka,Mirpur,1993,"['Boxer Shorts', 'Panties', 'Underwears', 'Brassier']",19200000.0,Very Large,32,1.6666666666666667,64000.0,4,0,0,0,0,0,0
Protex Garments Ltd,Woven,1.0,3.0,99,250000.0,"Shirt ,Pant ,T-Shirt ,Polo Shirt","477, Choydana, Hajirpukur, National University, Gazipur, Gazipur",Gazipur,Gazipur,2016,"['Shirt', 'Pant', 'T-Shirt', 'Polo Shirt']",3000000.0,Very Large,9,0.030303030303030304,30303.030303030304,4,1,1,0,0,1,0
Proud Textile,Knit,5.0,200.0,90,120000.0,"T-Shirts ,Polo Shirts","Plot # 31/A, Bscic I/A, Narayanganj, Fatullah",Narayanganj,Fatullah,2014,"['T-Shirts', 'Polo Shirts']",1440000.0,Very Large,11,2.2222222222222223,16000.0,2,0,0,0,0,0,0
Provatex Apparels Ltd.,Knit,5.0,600.0,280,260000.0,"T-Shirts ,Polo Shirts ,Vest","59/1, Karnapara (1St & 2Nd Floor), Dhaka, Savar",Dhaka,Savar,2008,"['T-Shirts', 'Polo Shirts', 'Vest']",3120000.0,Very Large,17,2.142857142857143,11142.857142857143,3,0,0,0,0,0,0
Provati Apparels Ltd.,Woven,5.0,520.0,0,130000.0,"Jackets ,Pant ,shirt ,Shortall","1050/A, Shah Amanot Bridge, Connecting Road, Rajakhali, Chittagong, Chittagong",Chittagong,Chittagong,2001,"['Jackets', 'Pant', 'shirt', 'Shortall']",1560000.0,Very Large,24,0.0,0.0,4,0,0,0,0,0,0
PRS Apparels Ltd.,Woven,5.0,120.0,287,2184000.0,"Shirts ,Pants","60/2-G, Kobi Jashimuddin Road, Tekpara, Pagar, Gazipur, Gazipur",Gazipur,Gazipur,2016,"['Shirts', 'Pants']",26208000.0,Very Large,9,0.4181184668989547,91317.0731707317,2,0,0,1,0,0,0
Prudent Fashions Limited,Woven,1.0,20.0,900,400000.0,Unknown,"Gaziir Chat Alia Madrasha, Kaichabari Road, Dhamsona, Ashulia, Savar, Dhaka., Savar, Dhaka",Savar,Dhaka,2021,[],4800000.0,Very Large,4,0.022222222222222223,5333.333333333333,0,0,0,0,0,0,0
PSR Apparels Ltd.,Woven,1.0,0.0,735,5000000.0,Unknown,"11/C/6, Moinertek, Uttarkhan, Dhaka-1230, Dhaka, Dhaka",Dhaka,Dhaka,2021,[],60000000.0,Very Large,4,0.0,81632.6530612245,0,0,0,0,0,0,0
Pullman Knitwear (Pvt.) Ltd.,Knit,5.0,441.0,179,480000.0,"T-Shirts ,Polo Shirts","183, Sayed Ali Mansion, Gazirnhat, Dhaka, Ashulia",Dhaka,Ashulia,2014,"['T-Shirts', 'Polo Shirts']",5760000.0,Very Large,11,2.463687150837989,32178.77094972067,2,0,0,0,0,0,0
Puratan Mouvasha Fashion,Knit,5.0,205.0,91,40000.0,"Pants ,T-Shirts ,Polo Shirts","House # 36, Road # 1, New Shalbon, Rangpur","House # 36, Road # 1, New Shalbon",Rangpur,2009,"['Pants', 'T-Shirts', 'Polo Shirts']",480000.0,Large,16,2.2527472527472527,5274.725274725275,3,0,0,1,0,0,0
PURBA APPARELS LIMITED,Sweater,1.0,0.0,0,0.0,Unknown,"Ghoshbag, Zirabo,Savar, Dhaka-1341, Dhaka, Dhaka",Dhaka,Dhaka,2017,[],0.0,,8,0.0,0.0,0,0,0,0,0,0,0
Purbani Fashion Ltd.,Knit,5.0,1065.0,525,1200000.0,"T-Shirts ,Polo Shirts ,Tang Top ,Trouser","Kamarpara-Shernagor, Sirajgonj, Sirajgonj",Sirajgonj,Sirajgonj,2015,"['T-Shirts', 'Polo Shirts', 'Tang Top', 'Trouser']",14400000.0,Very Large,10,2.0285714285714285,27428.571428571428,4,0,0,0,0,0,0
Purbasha Composite Tex Ltd.,Knit,1.0,600.0,564,650000.0,"Boxer ,Panty ,Brief ,T-Shirt","Jamirdia, Hobirbari, Mymensingh, Mymensingh",Mymensingh,Mymensingh,2017,"['Boxer', 'Panty', 'Brief', 'T-Shirt']",7800000.0,Very Large,8,1.0638297872340425,13829.787234042553,4,1,0,0,0,0,0
Purna Fashion Ltd.,Woven,5.0,360.0,210,17000.0,"Children Wears ,Boys Pants ,Ladies Pants ,T-Shirts","Shanur Market, 96 Muradpur, Hatazari Road, Chittagong, Chittagong",Chittagong,Chittagong,2004,"['Children Wears', 'Boys Pants', 'Ladies Pants', 'T-Shirts']",204000.0,Large,21,1.7142857142857142,971.4285714285714,4,0,0,0,0,0,0
Purnata Fashion Ltd.,Sweater,5.0,700.0,350,70000.0,Sweater,"Talerchala, Kamrangachala Road, Mouchak, Gazipur, Kaliakoir",Gazipur,Kaliakoir,2014,['Sweater'],840000.0,Large,11,2.0,2400.0,1,0,0,0,0,0,1
Purnima Apparels Ltd.,Woven,5.0,125.0,75,33000.0,"Shirts ,Jackets ,Pants","2/8, Tolarbagh, Section # 1, Dhaka, Mirpur",Dhaka,Mirpur,1992,"['Shirts', 'Jackets', 'Pants']",396000.0,Large,33,1.6666666666666667,5280.0,3,0,0,1,0,0,0
Purplix Apparels Ltd.,Woven,1.0,209.0,120,200000.0,"Shirt ,Pant ,T-Shirt ,Polo Shirt","Baghdad Tower, Plot # 1, 1/Ka, Mirpur-1, Dhaka, Dhaka",Dhaka,Dhaka,2022,"['Shirt', 'Pant', 'T-Shirt', 'Polo Shirt']",2400000.0,Very Large,3,1.7416666666666667,20000.0,4,1,1,0,0,1,0
Pusan Bangladesh Ltd.,Woven,5.0,244.0,140,80000.0,"Shirts ,Ladies Blouses","Plot # 98 (1St Floor), Chaydana, National University, Gazipur, Gazipur",Gazipur,Gazipur,1985,"['Shirts', 'Ladies Blouses']",960000.0,Large,40,1.7428571428571429,6857.142857142857,2,0,0,0,0,0,0
Q Tex,Sweater,1.0,1.0,233,100000.0,Sweater,"Plot # 26, Road # 08, Block # D, Ward # 54, Vatulia, Nishatnagar, Turag, Dhaka, Dhaka",Dhaka,Dhaka,2023,['Sweater'],1200000.0,Very Large,2,0.004291845493562232,5150.214592274678,1,0,0,0,0,0,1
Q-Point Fashions Ltd.,Knit,5.0,600.0,250,110000.0,Unknown,"Plot # 12, Road # 1, Block - Kha, Senpara Parbata, Section # 6, Dhaka, Mirpur",Dhaka,Mirpur,2005,[],1320000.0,Very Large,20,2.4,5280.0,0,0,0,0,0,0,0
Qayium Garments,Woven,5.0,250.0,191,48000.0,"Shirts ,Blouses ,Vest","322, East Goran, Dhaka, Khilgaon",Dhaka,Khilgaon,1997,"['Shirts', 'Blouses', 'Vest']",576000.0,Large,28,1.3089005235602094,3015.7068062827225,3,0,0,0,0,0,0
Quality Apparels,Woven,5.0,595.0,350,90000.0,"Jackets ,Trousers ,Skirts ,Shorts","63/C-2 Katasur, Dhaka, Mohammadpur",Dhaka,Mohammadpur,1993,"['Jackets', 'Trousers', 'Skirts', 'Shorts']",1080000.0,Very Large,32,1.7,3085.714285714286,4,0,0,0,0,0,0
Quality Assured Ltd.,Knit,5.0,1405.0,114,390000.0,"T-Shirts ,Polo Shirts ,Knit Jackets ,Knit Bottoms","Chandra (Palli Buddut), Mouckak, Gazipur, Kaliakoir",Gazipur,Kaliakoir,2003,"['T-Shirts', 'Polo Shirts', 'Knit Jackets', 'Knit Bottoms']",4680000.0,Very Large,22,12.324561403508772,41052.63157894737,4,0,0,0,0,0,0
Quality Fashion Wear Ltd.,Woven,1.0,540.0,337,82750.0,"T-Shirts ,Ladies Dress ,tops ,T-Shirt","Plot # A/2, Block - A, Bscic I/A, Baizid Bostami Road, Chittagong, Chittagong",Chittagong,Chittagong,1991,"['T-Shirts', 'Ladies Dress', 'tops', 'T-Shirt']",993000.0,Large,34,1.6023738872403561,2946.587537091988,4,1,0,0,0,0,0
Quality Leader Ltd.,Woven,1.0,4.0,131,250000.0,"Shirt ,Pant ,T-shirt ,Jacket","2873/3586, West Mohora, Chandgaon, Chittagong, Chittagong",Chittagong,Chittagong,2022,"['Shirt', 'Pant', 'T-shirt', 'Jacket']",3000000.0,Very Large,3,0.030534351145038167,22900.763358778626,4,0,1,0,1,0,0
Quazi Abedin Tex Ltd.,Knit,5.0,712.0,712,200000.0,"Shirts ,Phants","Rajphulbaria, Shouvapur, Dhaka, Savar",Dhaka,Savar,2013,"['Shirts', 'Phants']",2400000.0,Very Large,12,1.0,3370.7865168539324,2,0,0,0,0,0,0
R. Tex Fashion Ltd.,Knit,5.0,250.0,96,72000.0,"T-Shirts ,Polo Shirts ,Shirts","226, (Ali Mor), North Badda, Dhaka, Badda",Dhaka,Badda,2011,"['T-Shirts', 'Polo Shirts', 'Shirts']",864000.0,Large,14,2.6041666666666665,9000.0,3,0,0,0,0,0,0
R.A. Dyeing & Printing Inds.(Pvt) Ltd.,Knit,5.0,1000.0,240,65000.0,"T-Shirts, Polo Shirt","Enayet Nagar, Narayanganj, Fatullah",Narayanganj,Fatullah,1994,"['T-Shirts', 'Polo Shirt']",780000.0,Large,31,4.166666666666667,3250.0,2,0,0,0,0,1,0
R.B. Industries Ltd.,Woven,5.0,350.0,176,0.0,"Shirts ,Jackets ,Trousers","Kulgaon, Jalalabad, Chittagong, Baizid Bostami",Chittagong,Baizid Bostami,2000,"['Shirts', 'Jackets', 'Trousers']",0.0,,25,1.9886363636363635,0.0,3,0,0,0,0,0,0
R.D.M. Apparels Ltd.,Knit,5.0,830.0,400,840000.0,"T-Shirts ,Babies Wears ,Panties","1614/A, Rajakhali Road, Chittagong, Bakalia",Chittagong,Bakalia,2007,"['T-Shirts', 'Babies Wears', 'Panties']",10080000.0,Very Large,18,2.075,25200.0,3,0,0,0,0,0,0
R.H. Attire Ltd.,Knit,5.0,350.0,92,250000.0,"Shirts ,Trousers ,T-Shirts ,Polo Shirts","96, Shanur Centre, Chittagong, Panchlaish",Chittagong,Panchlaish,2008,"['Shirts', 'Trousers', 'T-Shirts', 'Polo Shirts']",3000000.0,Very Large,17,3.8043478260869565,32608.695652173912,4,0,0,0,0,0,0
R.J. Garments Ltd.,Woven,5.0,190.0,85,35000.0,"Jackets ,Pants ,Jogging Suits","Plot # 11/1, Block - Kha, Road # 1, Section # 6, Senpara Parbata, Dhaka, Mirpur",Dhaka,Mirpur,1997,"['Jackets', 'Pants', 'Jogging Suits']",420000.0,Large,28,2.235294117647059,4941.176470588235,3,0,0,1,0,0,0
R.M. Fashions Ltd.,Woven,5.0,432.0,190,165000.0,"Jackets ,Long Pants ,Shorts","1, West Hajipara (4Th-5Th Fl), Dit Road, Dhaka, Rampura",Dhaka,Rampura,1993,"['Jackets', 'Long Pants', 'Shorts']",1980000.0,Very Large,32,2.2736842105263158,10421.052631578947,3,0,0,0,0,0,0
R.R. Acrylic Ltd.,Sweater,5.0,1200.0,600,90000.0,"Sweaters ,Pullovers ,Cardigans","Plot # A-35 & A-39, Bscic Inds. Estate, Konabari, Gazipur, Joydevpur",Gazipur,Joydevpur,2004,"['Sweaters', 'Pullovers', 'Cardigans']",1080000.0,Very Large,21,2.0,1800.0,3,0,0,0,0,0,0
R.R. Apparels Ltd.,Sweater,5.0,464.0,356,45000.0,Sweaters,"Plot # A-140, A-141(Part), Bscic Konabari, Gazipur, Konabari",Gazipur,Konabari,2005,['Sweaters'],540000.0,Large,20,1.303370786516854,1516.8539325842696,1,0,0,0,0,0,0
R.R. Sweaters Ltd.,Sweater,5.0,580.0,400,50000.0,"Sweaters ,Pullovers ,Cardigans","205, Senpara Parbata, Begum Rokeya Sarani, Dhaka, Mirpur",Dhaka,Mirpur,1997,"['Sweaters', 'Pullovers', 'Cardigans']",600000.0,Large,28,1.45,1500.0,3,0,0,0,0,0,0
R.S. Fabrics & Designers,Woven,5.0,250.0,145,13000.0,"Jackets ,Overalls ,Trousers","Hossain Complex, 1956/A, South Halishahar, Chittagong","Hossain Complex, 1956/A, South Halishahar",Chittagong,1999,"['Jackets', 'Overalls', 'Trousers']",156000.0,Large,26,1.7241379310344827,1075.8620689655172,3,0,0,0,0,0,0
R.S. Knit Wears (Pvt.) Ltd.,Knit,5.0,625.0,194,612900.0,"T-Shirts ,Polo Shirts","Plot # A-1, Bscic Hosiery I/E,, Shasongaon, Narayanganj, Fatullah",Narayanganj,Fatullah,2014,"['T-Shirts', 'Polo Shirts']",7354800.0,Very Large,11,3.2216494845360826,37911.34020618557,2,0,0,0,0,0,0
R.S. Sweater (Pvt) Ltd.,Sweater,5.0,275.0,247,60000.0,Sweaters,"South Middle Halishahar, 2098/Ama Aziz Road, Chittagong, Bandar",Chittagong,Bandar,2003,['Sweaters'],720000.0,Large,22,1.1133603238866396,2914.97975708502,1,0,0,0,0,0,0
R.S.B. Industrial Ltd.,Knit,5.0,2000.0,1368,60667.0,"Jacket ,Boxer ,T-Shirts ,Leggings","Plot # 35, Sector # 4, Road # 4, Chittagong, Chittagong",Chittagong,Chittagong,1994,"['Jacket', 'Boxer', 'T-Shirts', 'Leggings']",728004.0,Large,31,1.4619883040935673,532.1666666666666,4,0,0,0,1,0,0
R.S.I. Apparels Ltd.,Knit,5.0,405.0,192,240000.0,"Active Wears ,Swiming Suits ,T-Shirts","107/112, Nazrul Market (1St & 2Nd Floor), Chittagong, Chawk Bazar",Chittagong,Chawk Bazar,2001,"['Active Wears', 'Swiming Suits', 'T-Shirts']",2880000.0,Very Large,24,2.109375,15000.0,3,0,0,0,0,0,0
R.T. Classics Ltd.,Woven,5.0,181.0,244,40000.0,"Jackets ,Pants ,Pajama ,Bottom","791, Askarabad, Chittagong, Munsurabad",Chittagong,Munsurabad,2005,"['Jackets', 'Pants', 'Pajama', 'Bottom']",480000.0,Large,20,0.7418032786885246,1967.2131147540983,4,0,0,1,0,0,0
R.T. Fashion,Knit,1.0,1.0,286,500000.0,"T-Shirt ,Polo Shirt","North Masdair Gorosthan, Gabtoli More, Fatullah, Narayanganj, Narayangonj",Narayanganj,Narayangonj,2021,"['T-Shirt', 'Polo Shirt']",6000000.0,Very Large,4,0.0034965034965034965,20979.020979020977,2,1,0,0,0,1,0
"R&G (BD) Garment Co., Ltd.",Woven,1.0,2.0,2012,2000000.0,"Shirt ,Pant ,T-Shirt ,Polo Shirt","Bhabanipur, Bhabanipur, Gazipur Sadar, Gazipur, Gazipur",Gazipur,Gazipur,2023,"['Shirt', 'Pant', 'T-Shirt', 'Polo Shirt']",24000000.0,Very Large,2,0.0009940357852882703,11928.429423459245,4,1,1,0,0,1,0
Raan Fashions,Sweater,1.0,162.0,66,47750.0,Sweater,"171, Unique Bus Stand, Gazirchat, Uttor Gazirchat, Ashulia, Savar, Dhaka, Dhaka",Dhaka,Dhaka,2022,['Sweater'],573000.0,Large,3,2.4545454545454546,8681.818181818182,1,0,0,0,0,0,1
Raar Sweaters Ltd.,Sweater,1.0,120.0,40,50000.0,Sweater,"86, Taltola Road, Turag, Dhaka, Dhaka",Dhaka,Dhaka,2021,['Sweater'],600000.0,Large,4,3.0,15000.0,1,0,0,0,0,0,1
Rabab Fashion Ind. Ltd.,Woven,5.0,1072.0,594,200000.0,"Long Pants ,Shorts ,Capri ,Bermuda","565/566, Kalmeshar, National University, Gazipur, Board Bazar",Gazipur,Board Bazar,2006,"['Long Pants', 'Shorts', 'Capri', 'Bermuda']",2400000.0,Very Large,19,1.8047138047138047,4040.40404040404,4,0,0,0,0,0,0
Radial International Ltd.,Knit,5.0,230.0,207,300000.0,"T-Shirts ,Polo Shirts ,Trousers ,Tank Tops","Ziranibazar, Gazipur, Kashimpur",Gazipur,Kashimpur,1996,"['T-Shirts', 'Polo Shirts', 'Trousers', 'Tank Tops']",3600000.0,Very Large,29,1.1111111111111112,17391.304347826088,4,0,0,0,0,0,0
Radial International Ltd. (Unit-2),Knit,5.0,810.0,460,500000.0,"T-Shirts ,Trousers ,Tank Top ,Knit Fabrics","Ziranibazar, Gazipur, Kashimpur",Gazipur,Kashimpur,1999,"['T-Shirts', 'Trousers', 'Tank Top', 'Knit Fabrics']",6000000.0,Very Large,26,1.7608695652173914,13043.478260869566,4,0,0,0,0,0,0
Radiance Fashion Ltd.,Woven,5.0,710.0,490,1000000.0,"Jackets ,Jogging Suits ,Shorts ,Pyjama Sets","Ziranibazar, Gazipur, Kashimpur",Gazipur,Kashimpur,2000,"['Jackets', 'Jogging Suits', 'Shorts', 'Pyjama Sets']",12000000.0,Very Large,25,1.4489795918367347,24489.79591836735,4,0,0,0,0,0,0
Radiance Jeans Ltd.,Woven,5.0,1515.0,303,500000.0,"Shirts ,Blouses ,Children Wears","Ashulia, Dhaka, Savar",Dhaka,Savar,2009,"['Shirts', 'Blouses', 'Children Wears']",6000000.0,Very Large,16,5.0,19801.980198019803,3,0,0,0,0,0,0
Radiance Knitwears Ltd.,Knit,5.0,1619.0,514,800000.0,"T-Shirts ,Polo Shirts","Zirabo, Dhaka, Savar",Dhaka,Savar,2001,"['T-Shirts', 'Polo Shirts']",9600000.0,Very Large,24,3.149805447470817,18677.04280155642,2,0,0,0,0,0,0
Radiant Apparel,Woven,5.0,213.0,97,45000.0,"Jogging Suit ,Padded jacket ,Trousers","24/A Sonatogon, Rayer Bazar, Dhaka, Dhanmondi",Dhaka,Dhanmondi,1991,"['Jogging Suit', 'Padded jacket', 'Trousers']",540000.0,Large,34,2.195876288659794,5567.01030927835,3,0,0,0,0,0,0
Radiant Sweater Industries Ltd.,Sweater,5.0,850.0,236,100000.0,"Pullovers ,Cardigans ,Scarf ,Tops","Kamarjuri, National University, Gazipur, B. Baria",Gazipur,B. Baria,2000,"['Pullovers', 'Cardigans', 'Scarf', 'Tops']",1200000.0,Very Large,25,3.6016949152542375,5084.745762711865,4,0,0,0,0,0,0
Radission Garments Ltd.,Woven,5.0,1200.0,514,15000000.0,"Shirts ,Pants ,Short","B-84, Bscic I/A, Gazipur, Tongi",Gazipur,Tongi,2013,"['Shirts', 'Pants', 'Short']",180000000.0,Very Large,12,2.3346303501945527,350194.55252918287,3,0,0,1,0,0,0
Radisson Apparels Ltd.,Woven,5.0,1010.0,407,120000.0,"Shirts ,Pants ,Trousers","C-125 & 126, Bscic I/A, Gazipur, Tongi",Gazipur,Tongi,2009,"['Shirts', 'Pants', 'Trousers']",1440000.0,Very Large,16,2.481572481572482,3538.083538083538,3,0,0,1,0,0,0
Radix Collections Ltd.,Woven,1.0,3.0,55,200000.0,"Sports Item ,Socks","Plot # 76, Road # 05, Batulia, Turag, Dhaka, Dhaka",Dhaka,Dhaka,2022,"['Sports Item', 'Socks']",2400000.0,Very Large,3,0.05454545454545454,43636.36363636364,2,0,0,0,0,0,0
Radix Garments,Knit,5.0,262.0,150,390000.0,"T-Shirts ,Polo Shirts","271, Joimat Khan Road, Pagar, Gazipur, Tongi",Gazipur,Tongi,2014,"['T-Shirts', 'Polo Shirts']",4680000.0,Very Large,11,1.7466666666666666,31200.0,2,0,0,0,0,0,0
Radix Limited,Woven,5.0,175.0,155,50000.0,"Boxer Shorts ,Pajama Sets ,Gown","C.S. & S.S. # 76, Vatulia, Nayanichala, Nishatnagar, Turag, Gazipur, Tongi",Gazipur,Tongi,1995,"['Boxer Shorts', 'Pajama Sets', 'Gown']",600000.0,Large,30,1.1290322580645162,3870.967741935484,3,0,0,0,0,0,0
Rafee Apparels Ltd.,Woven,5.0,200.0,112,40000.0,"Jackets ,Trousers ,Night Wears","Nazrul Islam Market (5Th Floor), 107/112, Chawk Bazar, Chittagong","Nazrul Islam Market (5Th Floor), 107/112, Chawk Bazar",Chittagong,2001,"['Jackets', 'Trousers', 'Night Wears']",480000.0,Large,24,1.7857142857142858,4285.714285714285,3,0,0,0,0,0,0
Rafi Texmode Ltd.,Woven,5.0,300.0,140,60000.0,"Jackets ,Trousers","Shamsul Haque Tower, Kunia, National University, Gazipur, Joydevpur",Gazipur,Joydevpur,2003,"['Jackets', 'Trousers']",720000.0,Large,22,2.142857142857143,5142.857142857143,2,0,0,0,0,0,0
Rafia Apparels Ltd.,Woven,1.0,1565.0,655,300000.0,"Shirt ,Pant ,Jacket ,T-Shirt","Plot # S - A - 1059, Ward # 03, Sing Digi, Southbartopa, Mawna, Sreepur, Gazipur, Gazipur",Gazipur,Gazipur,2021,"['Shirt', 'Pant', 'Jacket', 'T-Shirt']",3600000.0,Very Large,4,2.3893129770992365,5496.18320610687,4,1,1,0,1,0,0
Rafin Knitwears Ltd.,Knit,1.0,200.0,95,1800000.0,"T-Shirt ,Pant","68/2, Palash Nagar, Mirpur-11, Dhaka, Dhaka",Dhaka,Dhaka,2022,"['T-Shirt', 'Pant']",21600000.0,Very Large,3,2.1052631578947367,227368.42105263157,2,1,0,0,0,0,0
Rahima Garments Ltd.,Woven,5.0,250.0,294,90000.0,"Trousers ,Jackets ,Skirts ,Denim","Baby Super Merket, 1/C, Baizid Bostami Road, Chittagong, Nasirabad",Chittagong,Nasirabad,1992,"['Trousers', 'Jackets', 'Skirts', 'Denim']",1080000.0,Very Large,33,0.8503401360544217,3673.469387755102,4,0,0,0,0,0,0
Rahimaaziz Knitspin Limited,Knit,5.0,960.0,550,60000.0,T-Shirts,"60, B.B. Road, Enayet Nagor, Narayanganj, Futullah",Narayanganj,Futullah,1997,['T-Shirts'],720000.0,Large,28,1.7454545454545454,1309.090909090909,1,0,0,0,0,0,0
Rahman Knit Garments Ltd. (Unit-2),Knit,5.0,1312.0,266,580000.0,"T-Shirts ,Polo Shirts ,Tank Tops","Hariharpara, Panchabati, Narayanganj, Fatullah",Narayanganj,Fatullah,1998,"['T-Shirts', 'Polo Shirts', 'Tank Tops']",6960000.0,Very Large,27,4.932330827067669,26165.413533834588,3,0,0,0,0,0,0
Rahman Sports Wear,Knit,5.0,379.0,170,288000.0,"TShirts ,Polo Shirts","Plot # A-98, Bscic Hosiery I/E, Shasongaon, Narayanganj, Fatullah",Narayanganj,Fatullah,2015,"['TShirts', 'Polo Shirts']",3456000.0,Very Large,10,2.2294117647058824,20329.41176470588,2,0,0,0,0,0,0
Rahmat Sweaters (BD) Ltd.,Sweater,5.0,1445.0,1101,115200.0,"Pullovers ,Cardigans ,Vests","Mouchak, Gazipur, Kaliakoir",Gazipur,Kaliakoir,2003,"['Pullovers', 'Cardigans', 'Vests']",1382400.0,Very Large,22,1.3124432334241598,1255.5858310626702,3,0,0,0,0,0,0
Rahtex Industries Ltd.,Knit,5.0,210.0,110,120000.0,"Shirts ,Panth ,T-Shirts ,Polo Shirts","Baipail, Ashulia, Dhaka, Savar",Dhaka,Savar,2015,"['Shirts', 'Panth', 'T-Shirts', 'Polo Shirts']",1440000.0,Very Large,10,1.9090909090909092,13090.90909090909,4,0,0,0,0,0,0
Raidha Collections Ltd.,Sweater,5.0,8000.0,6844,650000.0,Sweaters,"Jamirdia, Habirbari, Mymensing, Valuka",Mymensing,Valuka,2012,['Sweaters'],7800000.0,Very Large,13,1.168907071887785,1139.6843950905902,1,0,0,0,0,0,0
Raihan Apparels Ltd.,Woven,5.0,450.0,213,90000.0,"Pants ,Shorts ,Trousers","Madina Complex, 53, Bazar Road, Kamarpara, Dhaka, Turag",Dhaka,Turag,2012,"['Pants', 'Shorts', 'Trousers']",1080000.0,Very Large,13,2.112676056338028,5070.422535211268,3,0,0,1,0,0,0
Raiment Calif,Woven,1.0,3.0,74,300000.0,"Shirt ,Pant ,T-Shirt ,Polo Shirt","45/5 Bamoil West Para, Sarulia, Demra, Dhaka, Dhaka",Dhaka,Dhaka,2023,"['Shirt', 'Pant', 'T-Shirt', 'Polo Shirt']",3600000.0,Very Large,2,0.04054054054054054,48648.64864864865,4,1,1,0,0,1,0
Raina Fashion,Woven,5.0,450.0,320,75000.0,"Pants ,Jackets ,Skirts","9/1, Shah Ali Bagh, Section # 1, Dhaka, Mirpur",Dhaka,Mirpur,2000,"['Pants', 'Jackets', 'Skirts']",900000.0,Large,25,1.40625,2812.5,3,0,0,1,0,0,0
Rainbow Attire Ltd.,Knit,5.0,350.0,150,150000.0,"T-shirt ,Knit Trouser ,Knit Boxer ,Ladies Knit Top","10, Pranhari Das Road, South Kattoly, Chittagong, Chittagong",Chittagong,Chittagong,2022,"['T-shirt', 'Knit Trouser', 'Knit Boxer', 'Ladies Knit Top']",1800000.0,Very Large,3,2.3333333333333335,12000.0,4,0,0,0,0,0,0
Raisa Fashions Ltd.,Knit,5.0,305.0,240,250000.0,"T-Shirts ,Pants","B-63 Bscic Industrial Estate, Kanchpur, Narayanganj, Sonargaon",Narayanganj,Sonargaon,2013,"['T-Shirts', 'Pants']",3000000.0,Very Large,12,1.2708333333333333,12500.0,2,0,0,1,0,0,0
Raiyan Knit Composite Ltd.,Knit,5.0,1000.0,571,700000.0,"T-Shirts ,Polo Shirts ,Nightwears ,Singlet","Hortokitola, Attabah, Chandra, Gazipur, Kaliakoir",Gazipur,Kaliakoir,2008,"['T-Shirts', 'Polo Shirts', 'Nightwears', 'Singlet']",8400000.0,Very Large,17,1.7513134851138354,14711.033274956217,4,0,0,0,0,0,0
Rajdhani Apparels Ltd.,Woven,5.0,350.0,180,550000.0,"T-Shirt ,Polo Shirt ,Tank Top ,Shorts","Plot # 6/1, Road # 3, Block -B, Dhaka Uddayan, Dhaka, Dhaka",Dhaka,Dhaka,2016,"['T-Shirt', 'Polo Shirt', 'Tank Top', 'Shorts']",6600000.0,Very Large,9,1.9444444444444444,36666.666666666664,4,1,0,0,0,1,0
Rajmoni Apparels (Pvt) Ltd.,Knit,5.0,500.0,250,300000.0,"Shirts ,T-Shirts ,Polo Shirts","House # 108, Road # 2, Block - F, Bougar, Narayanganj, Narayangonj",Narayanganj,Narayangonj,2010,"['Shirts', 'T-Shirts', 'Polo Shirts']",3600000.0,Very Large,15,2.0,14400.0,3,0,0,0,0,0,0
Ralex Industries Ltd.,Woven,5.0,600.0,450,100000.0,"Jackets ,Overalls ,Pants","Plot # A/8-9, Block # B, Bscic I/A, Sagarica Road, Chittagong","Plot # A/8-9, Block # B, Bscic I/A, Sagarica Road",Chittagong,1998,"['Jackets', 'Overalls', 'Pants']",1200000.0,Very Large,27,1.3333333333333333,2666.6666666666665,3,0,0,1,0,0,0
Ramisa's Fashions Ltd.,Woven,5.0,250.0,200,50000.0,"Shirts ,Jacket ,Pullover ,Pants","185, Baizid Bostami Road, Nasirabad I/A, Chittagong, Chittagong",Chittagong,Chittagong,2004,"['Shirts', 'Jacket', 'Pullover', 'Pants']",600000.0,Large,21,1.25,3000.0,4,0,0,1,1,0,0
Rancon Sweaters Ltd.,Sweater,5.0,0.0,340,0.0,Sweaters,"Plot # 152-153, Epz Ext. Area, Dhaka, Savar",Dhaka,Savar,2003,['Sweaters'],0.0,,22,0.0,0.0,1,0,0,0,0,0,0
RANL Designer Limited,Knit,5.0,500.0,375,45000.0,"Trousers ,Cargo Pants ,Swim Tranks","Cda Plot # C-49, Sagarika Road, Fouzdarhat, Chittagong","Cda Plot # C-49, Sagarika Road, Fouzdarhat",Chittagong,1996,"['Trousers', 'Cargo Pants', 'Swim Tranks']",540000.0,Large,29,1.3333333333333333,1440.0,3,0,0,0,0,0,0
Ranudi Fashion Apparels Ltd.,Knit,5.0,100.0,250,120000.0,"T-Shirts ,Polo Shirts ,Tank Tops","Muktijodda Shopping Complex, 1/A, Hajj Camp Road, Dakhin Khan, Dhaka, Uttara",Dhaka,Uttara,2010,"['T-Shirts', 'Polo Shirts', 'Tank Tops']",1440000.0,Very Large,15,0.4,5760.0,3,0,0,0,0,0,0
Rao Fashion Wear Ltd.,Woven,5.0,193.0,90,24000.0,"Jackets ,Shirts ,Pants","226/A, Majhirghat Road, Chittagong","226/A, Majhirghat Road,",Chittagong,1997,"['Jackets', 'Shirts', 'Pants']",288000.0,Large,28,2.1444444444444444,3200.0,3,0,0,1,0,0,0
Rao Garments (Pvt) Ltd. (U-1),Woven,5.0,250.0,115,32000.0,"Shirts ,Jackets ,Pants","Pedrollo Plaza, 2Nd Floor, 5, Jubilee Road, Chittagong","Pedrollo Plaza, 2Nd Floor, 5, Jubilee Road",Chittagong,1986,"['Shirts', 'Jackets', 'Pants']",384000.0,Large,39,2.1739130434782608,3339.1304347826085,3,0,0,1,0,0,0
Raozan Sweater Ltd.,Sweater,5.0,695.0,300,72000.0,"Sweaters ,Cardigans","1236/E, Baker Ali Fakir Tack, 38, South Middle Halishahar, Chittagong, Bandar",Chittagong,Bandar,2003,"['Sweaters', 'Cardigans']",864000.0,Large,22,2.316666666666667,2880.0,2,0,0,0,0,0,0
Rapid Design Ltd.,Woven,5.0,150.0,108,54000.0,"Shirts ,Pants","Bepari Bari, Dhaka, Uttarkhan",Dhaka,Uttarkhan,2015,"['Shirts', 'Pants']",648000.0,Large,10,1.3888888888888888,6000.0,2,0,0,1,0,0,0
Raquef Apparels Washing & Pack.Inds Ltd,Woven,5.0,19.0,975,4350000.0,"Jackets ,Pants","Tetuljhora, Rajfulbaria, Savar, Dhaka","Tetuljhora, Rajfulbaria, Savar",Dhaka,1999,"['Jackets', 'Pants']",52200000.0,Very Large,26,0.019487179487179488,53538.46153846154,2,0,0,1,0,0,0
Rashad Industries (Pvt) Ltd.,Woven,5.0,370.0,140,48000.0,"Jackets ,Trousers","Mahal Complex (8Th Floor), 291, Loyal Road, Lal Dighe, Chittagong","Mahal Complex (8Th Floor), 291, Loyal Road, Lal Dighe",Chittagong,1998,"['Jackets', 'Trousers']",576000.0,Large,27,2.642857142857143,4114.285714285715,2,0,0,0,0,0,0
Rasheda Apparels Limited,Woven,5.0,140.0,88,30000.0,"Shirts ,Jackets ,Jogging Suits","""M.N. Plaza"", Eidgah, Dhaka Trunk Road, P.O-Bandar, Chittagong, P.S-Doublemooring",Chittagong,P.S-Doublemooring,1995,"['Shirts', 'Jackets', 'Jogging Suits']",360000.0,Large,30,1.5909090909090908,4090.909090909091,3,0,0,0,0,0,0
Ratool Apparels Ltd.,Woven,5.0,600.0,0,125000.0,"T-Shirts ,Polo Shirts ,Pants","Vanggahati, Gazipur, Gazipur",Gazipur,Gazipur,2011,"['T-Shirts', 'Polo Shirts', 'Pants']",1500000.0,Very Large,14,0.0,0.0,3,0,0,1,0,0,0
Ratul Fabrics Ltd.,Knit,5.0,1197.0,639,700000.0,"T-Shirts ,Polo Shirts ,Leggings ,Trouser","Zohar Sanda, Ashulia, Savar, Dhaka, Dhaka",Dhaka,Dhaka,2005,"['T-Shirts', 'Polo Shirts', 'Leggings', 'Trouser']",8400000.0,Very Large,20,1.8732394366197183,13145.539906103286,4,0,0,0,0,0,0
Ratul Garments,Woven,5.0,300.0,195,160000.0,"Shirts ,Blouses Dresses ,Vest","318/41 East Goran, Dhaka, Khilgaon",Dhaka,Khilgaon,1995,"['Shirts', 'Blouses Dresses', 'Vest']",1920000.0,Very Large,30,1.5384615384615385,9846.153846153846,3,0,0,0,0,0,0
Ratul Knit Wears Ltd.,Knit,5.0,843.0,409,500000.0,"T-Shirts ,Polo Shirts ,Tank Tops","Cs, Sa-41, Zirabo, Dhaka, Dhaka",Dhaka,Dhaka,2002,"['T-Shirts', 'Polo Shirts', 'Tank Tops']",6000000.0,Very Large,23,2.0611246943765282,14669.926650366748,3,0,0,0,0,0,0
Rawan Fashion Ltd.,Unknown,,0.0,0,80000.0,"T-Shirts ,Polo Shirts","House # 9/1, Block-C, Outpara, Word # 17, Chandona, Gazipur","House # 9/1, Block-C, Outpara, Word # 17, Chandona",Gazipur,2016,"['T-Shirts', 'Polo Shirts']",960000.0,Large,9,0.0,0.0,2,0,0,0,0,0,0
Razzak Textile Mills Limited,Knit,5.0,230.0,67,100000.0,"Knitted Garments ,Knit Items","B-5, Bscic Inds. Estate, Gazipur, Tongi",Gazipur,Tongi,1996,"['Knitted Garments', 'Knit Items']",1200000.0,Very Large,29,3.4328358208955225,17910.44776119403,2,0,0,0,0,0,0
RBSR Fashions Ltd.,Knit,5.0,205.0,133,25000.0,"T-Shirts ,Polo Shirts","173, Morkun, Pubail Road, Gazipur, Tongi",Gazipur,Tongi,2012,"['T-Shirts', 'Polo Shirts']",300000.0,Large,13,1.5413533834586466,2255.6390977443607,2,0,0,0,0,0,0
Ready Knit Apparels Ltd.,Knit,5.0,330.0,113,130000.0,"T-Shirts ,Polo Shirts ,Tank Tops","Hossain Plaza, Dewan Idris Road, Zirabo, Ashulia, Dhaka, Savar",Dhaka,Savar,2008,"['T-Shirts', 'Polo Shirts', 'Tank Tops']",1560000.0,Very Large,17,2.920353982300885,13805.309734513274,3,0,0,0,0,0,0
Reaz Export Apparels Ltd.,Woven,5.0,750.0,200,100000.0,"Shirts ,Ladies Shirts ,Gir's Shirts","North Khailkoir, K.B. Bazar, Gazipur","North Khailkoir, K.B. Bazar",Gazipur,2001,"['Shirts', 'Ladies Shirts', 'Girs Shirts']",1200000.0,Very Large,24,3.75,6000.0,3,0,0,0,0,0,0
Recent Fashions Limited,Knit,5.0,170.0,100,60000.0,"Sweat Shirts ,Polo Shirts ,Jogging Suits ,Pajama Sets","Sweden Plaza, Plot # 2, Block # B, Darus Salam Road, Section # 1, Dhaka, Mirpur",Dhaka,Mirpur,1996,"['Sweat Shirts', 'Polo Shirts', 'Jogging Suits', 'Pajama Sets']",720000.0,Large,29,1.7,7200.0,4,0,0,0,0,0,0
Red & Green Textile Ltd.,Sweater,5.0,1100.0,500,80000.0,"Sweaters ,Pullovers ,Cardigans","Borabo, Sakashawr, Mouchak, Gazipur, Kaliakoir",Gazipur,Kaliakoir,2009,"['Sweaters', 'Pullovers', 'Cardigans']",960000.0,Large,16,2.2,1920.0,3,0,0,0,0,0,0
Redpoint Jackets Ltd.,Woven,5.0,600.0,400,0.0,"Jackets ,Pants","Plot # 59-60, Gaus Plaza, Dhaka, Savar",Dhaka,Savar,2000,"['Jackets', 'Pants']",0.0,,25,1.5,0.0,2,0,0,1,0,0,0
Redwan Tex & Apparels Ltd.,Woven,5.0,420.0,260,100000.0,"Jackets ,Trousers ,Capri/Chino ,Cargo Shorts","136/B, Udayan School Road, Mollartek, Dhakkhin Khan, Dhaka, Uttara",Dhaka,Uttara,2012,"['Jackets', 'Trousers', 'CapriChino', 'Cargo Shorts']",1200000.0,Very Large,13,1.6153846153846154,4615.384615384615,4,0,0,0,0,0,0
Reedisha Knitex Ltd.,Knit,5.0,4700.0,1882,187500.0,"T-Shirts ,Polo Shirts ,Trousers ,Tank Tops","Dhanua, Nayanpur, Gazipur, B. Baria",Gazipur,B. Baria,2004,"['T-Shirts', 'Polo Shirts', 'Trousers', 'Tank Tops']",2250000.0,Very Large,21,2.4973432518597236,1195.5366631243357,4,0,0,0,0,0,0
Reedisha Texstripe Ltd.,Knit,5.0,584.0,424,650000.0,"T-Shirts ,Polo Shirts","Teknagpara, Gazipur, B. Baria",Gazipur,B. Baria,2015,"['T-Shirts', 'Polo Shirts']",7800000.0,Very Large,10,1.3773584905660377,18396.22641509434,2,0,0,0,0,0,0
Refat Garments Ltd.,Woven,5.0,1100.0,447,156000.0,"Shirts ,Overalls ,Pants","241, Tejgaon I/A, Dhaka, B. Baria",Dhaka,B. Baria,2004,"['Shirts', 'Overalls', 'Pants']",1872000.0,Very Large,21,2.460850111856823,4187.919463087248,3,0,0,1,0,0,0
Regal Garments Ltd.,Woven,5.0,295.0,145,52000.0,"Shirts ,Ladies Blouses ,Trousers","44, New Eskaton Road, Dhaka, Mogbazar",Dhaka,Mogbazar,1991,"['Shirts', 'Ladies Blouses', 'Trousers']",624000.0,Large,34,2.0344827586206895,4303.448275862069,3,0,0,0,0,0,0
Regency Garments Ltd.,Woven,5.0,2996.0,2900,5760000.0,"Bottoms ,Skirts ,Outer Wears ,Jackets","Chittagong Export Processing Zone, Plot # 37-40, Sector # 7, Chittagong, Cepz",Chittagong,Cepz,1985,"['Bottoms', 'Skirts', 'Outer Wears', 'Jackets']",69120000.0,Very Large,40,1.033103448275862,23834.48275862069,4,0,0,0,0,0,0
Regency Three Ltd.,Woven,5.0,4998.0,4900,8640000.0,"Bottoms ,Skirts ,Jackets ,Outer Wears","Plot # 13-18, Sector # 8, Chittagong, Cepz",Chittagong,Cepz,2006,"['Bottoms', 'Skirts', 'Jackets', 'Outer Wears']",103680000.0,Very Large,19,1.02,21159.183673469386,4,0,0,0,0,0,0
Regent Textile Mills Ltd.,Woven,5.0,675.0,270,2500000.0,"Shirts ,Pants ,Bed Sheet","Central Plaza (2Nd Floor), 659, O.R. Nizam Road, Chittagong","Central Plaza (2Nd Floor), 659, O.R. Nizam Road",Chittagong,2000,"['Shirts', 'Pants', 'Bed Sheet']",30000000.0,Very Large,25,2.5,111111.11111111111,3,0,0,1,0,0,0
Rehan International Ltd.,Woven,5.0,150.0,100,30000.0,"Shirts ,Jackets ,Vest","1/C, Sholo Shahar I/A, Bayzid Bastami Road, Chittagong, Nasirabad",Chittagong,Nasirabad,1994,"['Shirts', 'Jackets', 'Vest']",360000.0,Large,31,1.5,3600.0,3,0,0,0,0,0,0
Relatives Fashions Ltd.,Woven,5.0,500.0,250,81667.0,"Shirts ,Pants","97, Vogra I/A, National University, Gazipur, Joydevpur",Gazipur,Joydevpur,2015,"['Shirts', 'Pants']",980004.0,Large,10,2.0,3920.016,2,0,0,1,0,0,0
Reliance Apparel Ltd.,Woven,5.0,160.0,85,20000.0,"Swim Wears ,Pants ,Jackets ,Trousers","C-14, Bscic I/E, Sagarica Road, Chittagong, Agrabad",Chittagong,Agrabad,1992,"['Swim Wears', 'Pants', 'Jackets', 'Trousers']",240000.0,Large,33,1.8823529411764706,2823.529411764706,4,0,0,1,0,0,0
Reliance Denim Inds. Ltd.,Knit,5.0,3000.0,622,720000.0,"T-Shirts ,Polo Shirts ,Shirts ,Jackets","A/1, Bscic Inds. Estate, Sagorika Road, Chittagong","A/1, Bscic Inds. Estate, Sagorika Road",Chittagong,2008,"['T-Shirts', 'Polo Shirts', 'Shirts', 'Jackets']",8640000.0,Very Large,17,4.823151125401929,13890.675241157556,4,0,0,0,0,0,0
Reliance Dresses Ltd.,Knit,5.0,779.0,1013,286000.0,"Shirts ,Pants ,T-Shirts ,Polo Shirts","Biswa Colony (Block # K), Sea World Road, Chittagong, Akbarshah",Chittagong,Akbarshah,2016,"['Shirts', 'Pants', 'T-Shirts', 'Polo Shirts']",3432000.0,Very Large,9,0.7690029615004936,3387.9565646594274,4,0,0,1,0,0,0
Reliant Lingeries Ltd.,Knit,1.0,3.0,300,900000.0,"T-Shirt ,Polo Shirt","Plot # A-15,16, Bscic Industrial Estate, Kalurghat, Chittagong, Chittagong",Chittagong,Chittagong,2023,"['T-Shirt', 'Polo Shirt']",10800000.0,Very Large,2,0.01,36000.0,2,1,0,0,0,1,0
Remi Holdings Ltd.,Woven,5.0,5322.0,1500,3000000.0,"Shirts ,Pants","Plot # 244-245 & 250-251, Narayanganj, Adamjee Epz",Narayanganj,Adamjee Epz,2015,"['Shirts', 'Pants']",36000000.0,Very Large,10,3.548,24000.0,2,0,0,1,0,0,0
Renaissance Apparels Ltd.,Knit,5.0,800.0,260,400000.0,"T-Shirts ,Polo Shirts ,Legging","C-S Plot # 659 & 660, Mouza # 93, Gazipur, Gazipur Sadar",Gazipur,Gazipur Sadar,2007,"['T-Shirts', 'Polo Shirts', 'Legging']",4800000.0,Very Large,18,3.076923076923077,18461.53846153846,3,0,0,0,0,0,0
Renaissance Barind Lt.,Knit,5.0,3430.0,1171,7500000.0,"Shirts ,Pants","Plot # 63-68 & 72-77, 2Nd Phase Of Ishwardi Epz, Pabna, Pabna Sadar",Pabna,Pabna Sadar,2015,"['Shirts', 'Pants']",90000000.0,Very Large,10,2.929120409906063,76857.38684884713,2,0,0,1,0,0,0
Replica Creations Ltd.,Woven,5.0,0.0,0,0.0,Pants,"House # 9, Road # 1, Section # 6, Dhaka, Mirpur",Dhaka,Mirpur,2001,['Pants'],0.0,,24,0.0,0.0,1,0,0,1,0,0,0
Reu Fashion Ltd.,Woven,5.0,660.0,275,124800.0,"Shirts ,Jackets ,Pants","190, Arambagh, Innercicular Road, Dhaka, Motijheel",Dhaka,Motijheel,2002,"['Shirts', 'Jackets', 'Pants']",1497600.0,Very Large,23,2.4,5445.818181818182,3,0,0,1,0,0,0
Rey-Tex Fashion Wears Ltd.,Woven,5.0,500.0,322,96000.0,"Shirts ,Blouses","Plot # 13-14, Chiriakhana Road, Mallik Housing (7Th Floor), Section # 1, Dhaka, Mirpur",Dhaka,Mirpur,2007,"['Shirts', 'Blouses']",1152000.0,Very Large,18,1.5527950310559007,3577.639751552795,2,0,0,0,0,0,0
Reza Fashions Ltd.,Woven,5.0,500.0,400,80000.0,"Jackets ,Pants ,Trousers ,Shorts","Gorat, Ashulia, Dhaka, Savar",Dhaka,Savar,2009,"['Jackets', 'Pants', 'Trousers', 'Shorts']",960000.0,Large,16,1.25,2400.0,4,0,0,1,0,0,0
Rezaul Apparels (Pvt.) Ltd.,Woven,5.0,720.0,422,72000.0,"Shirts ,Ladies Dresses ,Jackets ,Pants","66, Chiriakhana Road, Section # 2, Dhaka, B. Baria",Dhaka,B. Baria,1997,"['Shirts', 'Ladies Dresses', 'Jackets', 'Pants']",864000.0,Large,28,1.7061611374407584,2047.39336492891,4,0,0,1,0,0,0
RF Textile Inds. Ltd.,Knit,5.0,450.0,202,300000.0,"T-Shirts ,Polo Shirts","Nowla, Bolaidi, Gazipur, Kaliakoir",Gazipur,Kaliakoir,2012,"['T-Shirts', 'Polo Shirts']",3600000.0,Very Large,13,2.227722772277228,17821.78217821782,2,0,0,0,0,0,0
RGR Sweater Ltd.,Sweater,5.0,2500.0,538,3776676.0,"Sweaters ,Knitted Dress ,Cardigans ,Knitted Tops","Madhakhala, Sreepur, Gazipur, Gazipur",Gazipur,Gazipur,1997,"['Sweaters', 'Knitted Dress', 'Cardigans', 'Knitted Tops']",45320112.0,Very Large,28,4.646840148698884,84238.12639405204,4,0,0,0,0,0,0
Rhine Dress Ltd.,Knit,5.0,245.0,111,312000.0,"T-Shirts ,Polo Shirts ,Tank Tops","Talla Road, Khapur, Narayanganj, Fatullah",Narayanganj,Fatullah,2011,"['T-Shirts', 'Polo Shirts', 'Tank Tops']",3744000.0,Very Large,14,2.2072072072072073,33729.72972972973,3,0,0,0,0,0,0
Rhymer Apparel Ltd.,Woven,5.0,515.0,200,100000.0,"Shirts ,Ladies Blouses ,Kids Shirts","2/D, Darus Salam Road, Section # 1, Dhaka, Mirpur",Dhaka,Mirpur,2003,"['Shirts', 'Ladies Blouses', 'Kids Shirts']",1200000.0,Very Large,22,2.575,6000.0,3,0,0,0,0,0,0
Rhythm Apparels Ltd.,Woven,5.0,350.0,252,60000.0,"Shirts ,Ladies Blouses ,Payjama Sets ,Jackets","686 Cda R/A (3Rd Floor), Road # 20, Chittagong, Agrabad",Chittagong,Agrabad,1997,"['Shirts', 'Ladies Blouses', 'Payjama Sets', 'Jackets']",720000.0,Large,28,1.3888888888888888,2857.1428571428573,4,0,0,0,0,0,0
Rhythm Fashion Ltd.,Woven,5.0,700.0,639,160000.0,"Shirts ,Ladies Blouses ,Jackets ,Skirts","686, Cda R/A (2Nd Floor), Road # 20, Chittagong, Agrabad",Chittagong,Agrabad,2004,"['Shirts', 'Ladies Blouses', 'Jackets', 'Skirts']",1920000.0,Very Large,21,1.0954616588419406,3004.694835680751,4,0,0,0,0,0,0
Rhythm Garments Ltd.,Knit,5.0,300.0,142,70000.0,"Shirts ,Blouses ,Pants ,Shorts","686, Cda R/A (2Nd Floor), Road # 20, Chittagong, Agrabad",Chittagong,Agrabad,1995,"['Shirts', 'Blouses', 'Pants', 'Shorts']",840000.0,Large,30,2.112676056338028,5915.492957746479,4,0,0,1,0,0,0
Richman Apparels Ltd.,Woven,5.0,220.0,118,26800.0,"Shirts ,Pants","Gha-36/M, Sa Complex (3Rd & 4Th Fl), Pragoti Sarani, Middle Badda, Dhaka, Badda",Dhaka,Badda,2010,"['Shirts', 'Pants']",321600.0,Large,15,1.8644067796610169,2725.423728813559,2,0,0,1,0,0,0
Richway Fashions Ltd.,Sweater,5.0,57.0,28,33500.0,Sweater,"Dhour (Sumoner Tek), Nur Modina Jam-E-Moshjid Road, Dhaka, Turag",Dhaka,Turag,2015,['Sweater'],402000.0,Large,10,2.0357142857142856,14357.142857142857,1,0,0,0,0,0,1
Richway Ltd.,Sweater,5.0,16.0,12,14352.0,Sweater,"House # 6, Road # 6, Ward # 2, Kamarpara, Dhaka, Turag",Dhaka,Turag,2014,['Sweater'],172224.0,Large,11,1.3333333333333333,14352.0,1,0,0,0,0,0,1
Rider Fashions Ltd.,Knit,5.0,300.0,129,45000.0,"Shirts ,Overalls ,Pants","Na, Dhaka","Na,",Dhaka,1999,"['Shirts', 'Overalls', 'Pants']",540000.0,Large,26,2.3255813953488373,4186.046511627907,3,0,0,1,0,0,0
Ridwan Fashions Ltd.,Knit,5.0,250.0,132,65000.0,"T-Shirts ,Polo Shirts ,Trousers ,Shorts","Kabir Market, 285, Asadganj, Chittagong, Asadgonj",Chittagong,Asadgonj,2007,"['T-Shirts', 'Polo Shirts', 'Trousers', 'Shorts']",780000.0,Large,18,1.893939393939394,5909.090909090909,4,0,0,0,0,0,0
Rime Apparels Ltd.,Woven,5.0,330.0,110,78000.0,"Shirts ,Jackets ,Trousers","Plot # 4, Road # 1, Block - D, Section # 11, Dhaka, Mirpur",Dhaka,Mirpur,2000,"['Shirts', 'Jackets', 'Trousers']",936000.0,Large,25,3.0,8509.09090909091,3,0,0,0,0,0,0
Rimi Apparels Ltd.,Sweater,5.0,650.0,246,291000.0,Unknown,"Rajob Ali Super Market, 83, Dhaka, B. Baria",Dhaka,B. Baria,2015,[],3492000.0,Very Large,10,2.6422764227642275,14195.121951219513,0,0,0,0,0,0,0
RIO Design Ltd.,Unknown,,0.0,0,120000.0,"Shirts ,Jackets ,Trousers","Inds. Plot # 3 (1St - 5Th Fl), Milk Vita Road, Section # 7, Dhaka","Inds. Plot # 3 (1St - 5Th Fl), Milk Vita Road, Section # 7",Dhaka,2019,"['Shirts', 'Jackets', 'Trousers']",1440000.0,Very Large,6,0.0,0.0,3,0,0,0,0,0,0
RIO Fashion Wear Ltd.,Woven,5.0,1200.0,647,225000.0,"Shirts ,Blouses ,Pants ,Shorts","Inds. Plot # 3 (5Th - 12Th Floor), Milk Vita Road, Section # 7, Dhaka, Mirpur",Dhaka,Mirpur,2005,"['Shirts', 'Blouses', 'Pants', 'Shorts']",2700000.0,Very Large,20,1.8547140649149922,4173.106646058733,4,0,0,1,0,0,0
Ripon Knitwear Ltd.,Knit,5.0,2100.0,1150,1574737.0,"T-Shirts ,Polo Shirts ,Pant ,Hoodie","Jarun, Konabari, Gazipur, Gazipur",Gazipur,Gazipur,2008,"['T-Shirts', 'Polo Shirts', 'Pant', 'Hoodie']",18896844.0,Very Large,17,1.826086956521739,16432.038260869565,4,0,0,0,0,0,0
Rishal Garments Ltd.,Woven,5.0,890.0,530,400000.0,"Shirts ,Shorts ,Trousers ,Dress","Sharoj Tower, Plot # M-4/2, Section # 14, Dhaka, Mirpur",Dhaka,Mirpur,1984,"['Shirts', 'Shorts', 'Trousers', 'Dress']",4800000.0,Very Large,41,1.679245283018868,9056.603773584906,4,0,0,0,0,0,0
Rising Apparels Ltd.,Woven,5.0,1060.0,406,143529.0,"Shirts ,Blouses ,Trousers ,Skirts","Plot # I/10, Block # K, Rupnagar I/A, Section # 2, Dhaka, Mirpur",Dhaka,Mirpur,1999,"['Shirts', 'Blouses', 'Trousers', 'Skirts']",1722348.0,Very Large,26,2.6108374384236455,4242.23645320197,4,0,0,0,0,0,0
Rising Fashions Ltd.,Woven,5.0,333.0,215,74750.0,"Ladies Blouses ,Jackets ,Pants","Plot # I/16, Block - K, Rupnagar, Section # 2, Dhaka, Mirpur",Dhaka,Mirpur,1997,"['Ladies Blouses', 'Jackets', 'Pants']",897000.0,Large,28,1.5488372093023255,4172.093023255814,3,0,0,1,0,0,0
Rising Knit Textiles Ltd.,Knit,5.0,1371.0,250,600000.0,"T-Shirts ,Polo Shirts","Nayadighi, Manikganj, Saturia",Manikganj,Saturia,2008,"['T-Shirts', 'Polo Shirts']",7200000.0,Very Large,17,5.484,28800.0,2,0,0,0,0,0,0
Rita Textile (Pvt) Ltd.,Knit,5.0,480.0,150,310000.0,"T-Shirts ,Polo Shirts ,Sweat Shirts","Dag # 371 & 372, Gazipur, Konabari",Gazipur,Konabari,2004,"['T-Shirts', 'Polo Shirts', 'Sweat Shirts']",3720000.0,Very Large,21,3.2,24800.0,3,0,0,0,0,0,0
Ritz Fashions Ltd.,Woven,5.0,400.0,150,40000.0,"Jackets ,Coveralls ,Trousers","926, Gobindapur, Dhaka, Demra",Dhaka,Demra,1998,"['Jackets', 'Coveralls', 'Trousers']",480000.0,Large,27,2.6666666666666665,3200.0,3,0,0,0,0,0,0
Ritzy Apparels Ltd.,Knit,5.0,850.0,301,1200000.0,"Panties ,Sleep Wears ,Cami ,Boxer","175/A1/186, Sk Mujib Road, Chittagong, Agrabad",Chittagong,Agrabad,2005,"['Panties', 'Sleep Wears', 'Cami', 'Boxer']",14400000.0,Very Large,20,2.823920265780731,47840.531561461794,4,0,0,0,0,0,0
Ritzy Knit Designs Ltd.,Knit,5.0,600.0,131,1200000.0,"Ladies Sleepwears ,Panties ,Camy","3325/3898, Alankar Shopping Complex, Chittagong, Pahartali",Chittagong,Pahartali,2008,"['Ladies Sleepwears', 'Panties', 'Camy']",14400000.0,Very Large,17,4.580152671755725,109923.6641221374,3,0,0,0,0,0,0
River Side Sweaters Ltd.,Sweater,5.0,950.0,280,208350.0,"Sweaters ,Cardigans ,Jumpers ,Hoody","Hesnabad , Equria, Dhaka Jute Mills, Keranigonj, Dhaka, Dhaka",Dhaka,Dhaka,2003,"['Sweaters', 'Cardigans', 'Jumpers', 'Hoody']",2500200.0,Very Large,22,3.392857142857143,8929.285714285714,4,0,0,0,0,0,0
Riverside Apparels Ltd.,Knit,5.0,350.0,111,60000.0,"Shirts ,Polo-Shirts","A.T. M. Complex Southburischar, Dhoppol, Chittagong, Hatazari",Chittagong,Hatazari,2013,"['Shirts', 'Polo-Shirts']",720000.0,Large,12,3.1531531531531534,6486.486486486487,2,0,0,0,0,0,0
Riverstar Fashion Wear Ltd.,Knit,1.0,205.0,100,150000.0,"T-shirt ,Polo Shirt ,Hoodle ,Short","Gondrobpur, Rupshi,Rupganj, Narayanganj, Narayangonj",Narayanganj,Narayangonj,2017,"['T-shirt', 'Polo Shirt', 'Hoodle', 'Short']",1800000.0,Very Large,8,2.05,18000.0,4,0,0,0,0,1,0
Rizvi Fashions Ltd.,Knit,1.0,0.0,0,2500000.0,"T-Shirts ,Polo Shirts ,Boxer ,Lingerie","Anwar Jang Road 1 No. Kalam Bazar, Savar, Dhaka","Anwar Jang Road 1 No. Kalam Bazar, Savar",Dhaka,2014,"['T-Shirts', 'Polo Shirts', 'Boxer', 'Lingerie']",30000000.0,Very Large,11,0.0,0.0,4,0,0,0,0,0,0
RKH Apparels Ltd.,Woven,5.0,340.0,185,150000.0,"Shirts ,Pants","Holding # 482/5, East Dirasrom Bazar, Gazipur, Joydevpur",Gazipur,Joydevpur,2016,"['Shirts', 'Pants']",1800000.0,Very Large,9,1.837837837837838,9729.72972972973,2,0,0,1,0,0,0
RKM Apparels Ltd.,Woven,1.0,352.0,120,300000.0,"Shirt ,T-Shirt ,Pant ,Polo Shirt","68/X, Fauzdarhat H/I Area, Pahartali, Chattogram, Chittagong",Chittagong,Chittagong,2022,"['Shirt', 'T-Shirt', 'Pant', 'Polo Shirt']",3600000.0,Very Large,3,2.933333333333333,30000.0,4,1,1,0,0,1,0
RL Apparels Limited,Woven,1.0,2.0,87,2500000.0,"Shirt ,Pant ,T-Shirt ,Polo Shirt","Sha # 74, Uttar Badda, Badda, Dhaka, Dhaka",Dhaka,Dhaka,2023,"['Shirt', 'Pant', 'T-Shirt', 'Polo Shirt']",30000000.0,Very Large,2,0.022988505747126436,344827.5862068966,4,1,1,0,0,1,0
RL Denim Limited,Woven,5.0,500.0,287,100000.0,"Jackets ,Pants","Plot # A/1 & 2, Block - B, Bscic I/A, Shagorika Road, Chittagong, Fouzderhat",Chittagong,Fouzderhat,1997,"['Jackets', 'Pants']",1200000.0,Very Large,28,1.7421602787456445,4181.184668989547,2,0,0,1,0,0,0
RMM Knit Clothing Ltd.,Sweater,5.0,415.0,237,180000.0,Sweaters,"Plot # 7, Aliganj, Kutubpur, Narayanganj, Fatullah",Narayanganj,Fatullah,2008,['Sweaters'],2160000.0,Very Large,17,1.751054852320675,9113.924050632912,1,0,0,0,0,0,0
RMM Sweaters Ltd.,Sweater,5.0,500.0,220,300000.0,Sweaters,"Nagarchar, Rajpoolbaria, Dhaka, Savar",Dhaka,Savar,2005,['Sweaters'],3600000.0,Very Large,20,2.272727272727273,16363.636363636364,1,0,0,0,0,0,0
RMW Fashionwear Ltd.,Knit,5.0,150.0,67,84000.0,"T-Shirts ,Polo Shirts","Binairchara, Duptara, Narayanganj, Araihazar",Narayanganj,Araihazar,2012,"['T-Shirts', 'Polo Shirts']",1008000.0,Very Large,13,2.2388059701492535,15044.776119402984,2,0,0,0,0,0,0
RNP Export & Import Ltd.,Woven,5.0,300.0,95,30000.0,"Shirts ,Pants","Selina Tower, Islam Bag, Dhakin Khan, Dhaka, Uttara",Dhaka,Uttara,2013,"['Shirts', 'Pants']",360000.0,Large,12,3.1578947368421053,3789.4736842105262,2,0,0,1,0,0,0
Rnsco Sweaters Ltd.,Sweater,5.0,470.0,250,144000.0,Sweaters,"Plot # 212, Baizid Bostami Road, Chittagong, Chittagong",Chittagong,Chittagong,2003,['Sweaters'],1728000.0,Very Large,22,1.88,6912.0,1,0,0,0,0,0,0
Roar Fashion Ltd.,Sweater,1.0,1375.0,560,350000.0,Unknown,"Dakhila Madrasha Road 9 No Word, Kathali, Valuka, Mymensingh, Mymensingh",Mymensingh,Mymensingh,2017,[],4200000.0,Very Large,8,2.455357142857143,7500.0,0,0,0,0,0,0,0
Robin Knit Wear Ltd.,Knit,5.0,0.0,0,0.0,Knit Items,"Vulta, Narayanganj, Rupganj",Narayanganj,Rupganj,2003,['Knit Items'],0.0,,22,0.0,0.0,1,0,0,0,0,0,0
Robintex (Bangladesh) Ltd.,Knit,5.0,2812.0,870,1040000.0,"T-Shirts ,Polo Shirts ,Trousers","Vulta, Narayanganj, Rupganj",Narayanganj,Rupganj,1996,"['T-Shirts', 'Polo Shirts', 'Trousers']",12480000.0,Very Large,29,3.232183908045977,14344.827586206897,3,0,0,0,0,0,0
Rocky Knitting Mills (Pvt) Ltd.,Knit,5.0,350.0,122,208000.0,"T-Shirts ,Singlet","Dahargaon, Balirpara, Narayanganj, Rupganj",Narayanganj,Rupganj,2000,"['T-Shirts', 'Singlet']",2496000.0,Very Large,25,2.8688524590163933,20459.016393442624,2,0,0,0,0,0,0
Roddur Apparels Ltd.,Woven,1.0,500.0,0,80000.0,Unknown,"45, Badey, Kalmeshore, National University, Gazipur, Gazipur",Gazipur,Gazipur,2016,[],960000.0,Large,9,0.0,0.0,0,0,0,0,0,0,0
Rohan Fashion,Woven,1.0,1.0,220,130000.0,"Shirt ,Pant ,T-shirt ,Polo Shirt","Bhuigar, Rupayon Maingate (1), Fatullah, Narayangonj, Narayangonj",Narayangonj,Narayangonj,2022,"['Shirt', 'Pant', 'T-shirt', 'Polo Shirt']",1560000.0,Very Large,3,0.004545454545454545,7090.909090909091,4,0,1,0,0,1,0
Romo Design Today,Woven,1.0,1.0,290,500000.0,"Shirt ,Pant ,T-Shirt ,Polo Shirt","Mouchak, Kaliakair, Gazipur, Gazipur",Gazipur,Gazipur,2022,"['Shirt', 'Pant', 'T-Shirt', 'Polo Shirt']",6000000.0,Very Large,3,0.0034482758620689655,20689.655172413793,4,1,1,0,0,1,0
Romo Fashion,Woven,1.0,395.0,278,400000.0,"Shirt ,Pant ,Jacket ,T-shirt","House # 01, Road # 01, Turag Housing, Beribadh, Mohammadpur, Dhaka, Dhaka",Dhaka,Dhaka,2022,"['Shirt', 'Pant', 'Jacket', 'T-shirt']",4800000.0,Very Large,3,1.420863309352518,17266.187050359713,4,0,1,0,1,0,0
Romo Fashion Today Ltd.,Knit,5.0,800.0,450,120000.0,"T-Shirts ,Polo Shirts","Mouchak, Kaliakoir, Gazipur, Gazipur",Gazipur,Gazipur,2011,"['T-Shirts', 'Polo Shirts']",1440000.0,Very Large,14,1.7777777777777777,3200.0,2,0,0,0,0,0,0
Rong Rui Garments BD Ltd.,Sweater,1.0,383.0,674,8500000.0,Sweater,"Tepirbari, Mawna, Sreepur, Gazipur, Gazipur",Gazipur,Gazipur,2023,['Sweater'],102000000.0,Very Large,2,0.5682492581602374,151335.3115727003,1,0,0,0,0,0,1
Rongdhonu Sweater Ltd.,Sweater,5.0,425.0,478,30000.0,"Sweaters ,Cardigans ,Pullovers","North Khailkoir, Battala Road, National University, Gazipur","North Khailkoir, Battala Road, National University",Gazipur,2008,"['Sweaters', 'Cardigans', 'Pullovers']",360000.0,Large,17,0.8891213389121339,753.1380753138076,3,0,0,0,0,0,0
Ronson Knitting Ltd.,Sweater,5.0,450.0,350,60000.0,Sweaters,"45/47, Hoque Chamber, Strand Road, Chittagong, Majhirghat",Chittagong,Majhirghat,1994,['Sweaters'],720000.0,Large,31,1.2857142857142858,2057.1428571428573,1,0,0,0,0,0,0
Root Apparels Ltd.,Woven,5.0,490.0,0,11000.0,"Denim Shirts ,Denim Jackets ,DenimJeans ,Denim Pants","Razzak Tower, Dag # 901, 7/1, Uttara Khan, Dhaka, Dhaka",Dhaka,Dhaka,2007,"['Denim Shirts', 'Denim Jackets', 'DenimJeans', 'Denim Pants']",132000.0,Large,18,0.0,0.0,4,0,0,0,0,0,0
Roots Fashions Ltd.,Sweater,5.0,292.0,272,48000.0,Sweaters,"Mazar Co-Operative Market (2Nd Floor), 1, Darussakam Road, Sec # 1, Dhaka, Mirpur",Dhaka,Mirpur,1994,['Sweaters'],576000.0,Large,31,1.0735294117647058,2117.6470588235293,1,0,0,0,0,0,0
Rose & Sons Fashion Ltd.,Sweater,1.0,120.0,50,75000.0,"Cardigan ,Pullover ,V-Neck ,Kids Sweater","Word # 14, Block # A, Holding # 214/1, Adepasha, National University, Gazipur, Gazipur",Gazipur,Gazipur,2019,"['Cardigan', 'Pullover', 'V-Neck', 'Kids Sweater']",900000.0,Large,6,2.4,18000.0,4,0,0,0,0,0,0
Rose Bally Toy Industries Limited,Woven,1.0,4.0,113,50000.0,"Shirt ,Pant ,T-Shirt ,Polo Shirt","Road # 04, Plot # 16, Chittagong Epz, Chittagong, Chittagong",Chittagong,Chittagong,2022,"['Shirt', 'Pant', 'T-Shirt', 'Polo Shirt']",600000.0,Large,3,0.035398230088495575,5309.734513274337,4,1,1,0,0,1,0
Rose Fashion Ltd.,Woven,5.0,4600.0,1333,200000.0,"Jackets ,Pants ,Overalls","Vogra, Gazipur, Joydevpur",Gazipur,Joydevpur,1997,"['Jackets', 'Pants', 'Overalls']",2400000.0,Very Large,28,3.4508627156789196,1800.450112528132,3,0,0,1,0,0,0
Rose Garden Apparels Ltd.,Knit,5.0,230.0,200,120000.0,"T-Shirts ,Polo Shirts","Nayamati Road, Kutubpur, (Opposite Osman Ali Stadium), Narayanganj, Fatullah",Narayanganj,Fatullah,2014,"['T-Shirts', 'Polo Shirts']",1440000.0,Very Large,11,1.15,7200.0,2,0,0,0,0,0,0
Rose Intimates Ltd.,Knit,1.0,0.0,0,0.0,Unknown,"Baroipara, Ashulia, Savar, Dhaka, Dhaka, Dhaka",Dhaka,Dhaka,2016,[],0.0,,9,0.0,0.0,0,0,0,0,0,0,0
Rose Sweater Ltd.,Sweater,5.0,1500.0,900,160000.0,"Pullovers ,Sweaters","Bejoy Sarak, Moghar Khal, Gazipur, Joydevpur",Gazipur,Joydevpur,2002,"['Pullovers', 'Sweaters']",1920000.0,Very Large,23,1.6666666666666667,2133.3333333333335,2,0,0,0,0,0,0
Rose Sweaters Ltd. (U-2),Sweater,5.0,480.0,250,120000.0,Sweaters,"Vogra, Bypass Bishan Road, Gazipur, Joydevpur",Gazipur,Joydevpur,2009,['Sweaters'],1440000.0,Very Large,16,1.92,5760.0,1,0,0,0,0,0,0
Rose Valley Fashion Ltd.,Knit,1.0,129.0,57,300000.0,"T-shirt ,Jogger ,Jacket ,Dress","Monipur, Bhabanipur, Gazipur Sadar, Gazipur, Gazipur",Gazipur,Gazipur,2021,"['T-shirt', 'Jogger', 'Jacket', 'Dress']",3600000.0,Very Large,4,2.263157894736842,63157.89473684211,4,0,0,0,1,0,0
Rowa Fashions Ltd.,Knit,5.0,750.0,250,250000.0,"Shirts ,T-Shirts ,Polo Shirts","Chowdhury Bari, Gazipur, Vogra",Gazipur,Vogra,2011,"['Shirts', 'T-Shirts', 'Polo Shirts']",3000000.0,Very Large,14,3.0,12000.0,3,0,0,0,0,0,0
Rownak Textile Mills Limited,Woven,1.0,222.0,259,200000.0,"Shirt ,Pant ,T-Shirt ,polo Shirt","Barpa P.O : Rupshi, Rupganj, Narayangonj, Narayangonj",Narayangonj,Narayangonj,2022,"['Shirt', 'Pant', 'T-Shirt', 'polo Shirt']",2400000.0,Very Large,3,0.8571428571428571,9266.409266409266,4,1,1,0,0,0,0
Rowshan Apparels Ltd.,Woven,5.0,698.0,497,108000.0,"Jackets ,Pants ,Skirts","5773, Dakhin Khan, Chairman Bari, Dhaka, Uttara",Dhaka,Uttara,2006,"['Jackets', 'Pants', 'Skirts']",1296000.0,Very Large,19,1.404426559356137,2607.645875251509,3,0,0,1,0,0,0
Royal Fashions Limited,Sweater,5.0,205.0,220,36000.0,Sweaters,"241/74, Faidabad Cowrasta, Dhaka, Dakkhinkhan",Dhaka,Dakkhinkhan,2012,['Sweaters'],432000.0,Large,13,0.9318181818181818,1963.6363636363637,1,0,0,0,0,0,0
Rozi Fashion Ltd.,Woven,1.0,300.0,250,150000.0,"Shirt ,Pant ,Jacket","Block # C/9/1, Autpara, Chandana, Banarupa Road, Bason, Gazipur, Gazipur",Gazipur,Gazipur,2022,"['Shirt', 'Pant', 'Jacket']",1800000.0,Very Large,3,1.2,7200.0,3,0,1,0,1,0,0
RP Creations & Apparels Ltd.,Woven,1.0,3.0,106,0.0,"Shirt ,Pant ,T-Shirt ,Jacket","Jamgora, Yearpur, Holding # 1/10/1, Road # 04, Block # B, Zirabo, Ashulia, Dhaka, Dhaka, Dhaka",Dhaka,Dhaka,2021,"['Shirt', 'Pant', 'T-Shirt', 'Jacket']",0.0,,4,0.02830188679245283,0.0,4,1,1,0,1,0,0
RPM Garments Ltd.,Knit,5.0,250.0,115,200000.0,"T-Shirts ,Polo Shirts","Mosharaf Tower (3Rd Floor), Rajbari Road, Gazipur, Joydevpur",Gazipur,Joydevpur,2010,"['T-Shirts', 'Polo Shirts']",2400000.0,Very Large,15,2.1739130434782608,20869.565217391304,2,0,0,0,0,0,0
RR Apparels,Knit,1.0,140.0,100,350000.0,"T-Shirt ,Polo Shirt ,Jacket ,Payjama","Mouchak, Kaliakair, Gazipur, Dhaka",Gazipur,Dhaka,2022,"['T-Shirt', 'Polo Shirt', 'Jacket', 'Payjama']",4200000.0,Very Large,3,1.4,42000.0,4,1,0,0,1,1,0
Rudmila Knitwear Ltd.,Knit,5.0,650.0,260,650000.0,"T-Shirts ,Polo Shirts ,Pants ,Trousers","Kabirpur, Dhaka, Savar",Dhaka,Savar,2010,"['T-Shirts', 'Polo Shirts', 'Pants', 'Trousers']",7800000.0,Very Large,15,2.5,30000.0,4,0,0,1,0,0,0
Ruhila Garments,Woven,5.0,450.0,215,100000.0,"Overalls ,Jackets ,Pants","A/1, Block # C, Mazar Road, Gabtoli, Dhaka, Mirpur",Dhaka,Mirpur,1989,"['Overalls', 'Jackets', 'Pants']",1200000.0,Very Large,36,2.0930232558139537,5581.395348837209,3,0,0,1,0,0,0
Ruhul Garments Ltd.,Woven,5.0,250.0,130,40000.0,"Shirts ,Pants","Habib Khan Tower, 326 Sontak Road, South Kajla, Dhaka, Jatrabari",Dhaka,Jatrabari,2015,"['Shirts', 'Pants']",480000.0,Large,10,1.9230769230769231,3692.3076923076924,2,0,0,1,0,0,0
Ruma Garments Wear Ltd.,Woven,5.0,450.0,250,15000.0,"Shirts ,Shorts ,Jogging Suits","26, Simanta Plaza, Road # 3, Section # 11, Dhaka, Mirpur",Dhaka,Mirpur,1999,"['Shirts', 'Shorts', 'Jogging Suits']",180000.0,Large,26,1.8,720.0,3,0,0,0,0,0,0
Rumana Fashion Ltd.,Woven,5.0,836.0,212,30000.0,"Jackets ,Trousers ,Suits ,Shorts","Choydana, Gazipur, Gazipur",Gazipur,Gazipur,1997,"['Jackets', 'Trousers', 'Suits', 'Shorts']",360000.0,Large,28,3.943396226415094,1698.1132075471698,4,0,0,0,0,0,0
Running Fashion Ltd. (Unit-2),Sweater,5.0,450.0,265,60000.0,Sweaters,"C-124-125, Bscic I/A, Gazipur, Tongi",Gazipur,Tongi,2009,['Sweaters'],720000.0,Large,16,1.6981132075471699,2716.9811320754716,1,0,0,0,0,0,0
Running Fashion Wear Ltd.,Woven,5.0,325.0,130,36000.0,"Skirts ,Jogging Suits","686, Cda R/A, Road # 20, Chittagong, Agrabad",Chittagong,Agrabad,1992,"['Skirts', 'Jogging Suits']",432000.0,Large,33,2.5,3323.076923076923,2,0,0,0,0,0,0
Rupa Apparels Ltd.,Knit,5.0,515.0,465,70000.0,Sweaters,"380/1-3, Tv Avenue, East Rampura, Dhaka, Rampura",Dhaka,Rampura,1998,['Sweaters'],840000.0,Large,27,1.10752688172043,1806.4516129032259,1,0,0,0,0,0,0
Rupa Fabrics Ltd.,Knit,5.0,664.0,325,500000.0,"T-Shirts ,Polo Shirts ,Trousers ,Jersey","Kunia, Gazipur, Board Bazar",Gazipur,Board Bazar,2007,"['T-Shirts', 'Polo Shirts', 'Trousers', 'Jersey']",6000000.0,Very Large,18,2.043076923076923,18461.53846153846,4,0,0,0,0,0,0
Rupa Knitwear (Pvt) Ltd.,Sweater,5.0,1615.0,1530,200000.0,Sweaters,"Kunia, Gazipur, Board Bazar",Gazipur,Board Bazar,2000,['Sweaters'],2400000.0,Very Large,25,1.0555555555555556,1568.6274509803923,1,0,0,0,0,0,0
Rupa Sweater (Pvt.) Ltd.,Sweater,5.0,1182.0,995,150000.0,Sweaters,"380/1-2 East Rampura, Dhaka, Rampura",Dhaka,Rampura,1992,['Sweaters'],1800000.0,Very Large,33,1.1879396984924624,1809.0452261306532,1,0,0,0,0,0,0
Rupa Woolwear Ltd.,Sweater,5.0,550.0,350,0.0,"Sweaters ,Pullovers ,Jumpers","380/1-2, East Rampura, Dhaka, Rampura",Dhaka,Rampura,2005,"['Sweaters', 'Pullovers', 'Jumpers']",0.0,,20,1.5714285714285714,0.0,3,0,0,0,0,0,0
Rupali Garments,Woven,5.0,120.0,110,25000.0,"Jackets ,Jogging suits ,Dresses","75, Agrabadh Ba/A Chittagong, Chittagong, Double Mooring",Chittagong,Double Mooring,1988,"['Jackets', 'Jogging suits', 'Dresses']",300000.0,Large,37,1.0909090909090908,2727.2727272727275,3,0,0,0,0,0,0
Rupashi Fabrics Complex (Pvt) Ltd.,Knit,5.0,1400.0,415,120000.0,"T-Shirts ,Polo Shirts ,Sweat Shirts ,Tank Top","Lamapara, Kutubpur, Narayanganj, Fatullah",Narayanganj,Fatullah,1995,"['T-Shirts', 'Polo Shirts', 'Sweat Shirts', 'Tank Top']",1440000.0,Very Large,30,3.3734939759036147,3469.879518072289,4,0,0,0,0,0,0
Rupashi Knit Wears Ltd.,Knit,5.0,1400.0,415,1200000.0,"T-Shirts ,Polo Shirts ,Tank Tops","Lamapara, Kutubpur, Narayanganj, Fatullah",Narayanganj,Fatullah,1996,"['T-Shirts', 'Polo Shirts', 'Tank Tops']",14400000.0,Very Large,29,3.3734939759036147,34698.79518072289,3,0,0,0,0,0,0
Rupkatha Apparels Ltd.,Woven,1.0,300.0,186,100000.0,"Shirt ,Pant ,Jacket ,Trouser","Raj Place Singair Road, Padma Moor (Rishipara), Hemayetpur, Savar, Dhaka, Dhaka",Dhaka,Dhaka,2022,"['Shirt', 'Pant', 'Jacket', 'Trouser']",1200000.0,Very Large,3,1.6129032258064515,6451.612903225807,4,0,1,0,1,0,0
Russel Apparels,Woven,5.0,1250.0,814,416000.0,"Shirts ,Pants ,Jackets","Kathali, Mymensing, Bhaluka",Mymensing,Bhaluka,2012,"['Shirts', 'Pants', 'Jackets']",4992000.0,Very Large,13,1.5356265356265357,6132.678132678133,3,0,0,1,0,0,0
Russel Garments,Woven,5.0,3000.0,4668,833000.0,"Shirts ,Trousers ,Scooer ,Shorts","56/1, S.M. Melah Road, Narayanganj, Tanbazar",Narayanganj,Tanbazar,1985,"['Shirts', 'Trousers', 'Scooer', 'Shorts']",9996000.0,Very Large,40,0.6426735218508998,2141.388174807198,4,0,0,0,0,0,0
Ryan Knit Ltd.,Sweater,5.0,350.0,200,50000.0,"Sweaters ,Cardigans ,Pullovers","1677, Air Port Road, South Halisahar, Chittagong, Bandar",Chittagong,Bandar,2003,"['Sweaters', 'Cardigans', 'Pullovers']",600000.0,Large,22,1.75,3000.0,3,0,0,0,0,0,0
S & S Swimwear Ltd.,Woven,5.0,300.0,150,42000.0,"Ski Pants ,Swimwears ,Short Pants ,Jackets","1293, D.T. Road (3Rd & 4Th Floor), Chittagong, Dhanialapara",Chittagong,Dhanialapara,2007,"['Ski Pants', 'Swimwears', 'Short Pants', 'Jackets']",504000.0,Large,18,2.0,3360.0,4,0,0,0,0,0,0
S M Sourcing,Knit,1.0,1.0,120,5000000.0,"T-Shirt ,Polo Shirt","Bailmail, Konabari, Gazipur Sadar, Gazipur, Gazipur",Gazipur,Gazipur,2022,"['T-Shirt', 'Polo Shirt']",60000000.0,Very Large,3,0.008333333333333333,500000.0,2,1,0,0,0,1,0
S Plus Composite Ltd.,Knit,5.0,10.0,94,125000.0,"Shirts ,Pants ,T-Shirts","South Panishail, Kashimpur, Gazipur","South Panishail, Kashimpur",Gazipur,2013,"['Shirts', 'Pants', 'T-Shirts']",1500000.0,Very Large,12,0.10638297872340426,15957.446808510638,3,0,0,1,0,0,0
S-21 Apparels Ltd.,Woven,5.0,715.0,572,240000.0,"Shirts ,Jackets ,Pants","Holding # 85 & 98, A To Z Building, Zirabo, Dhaka, Savar",Dhaka,Savar,2005,"['Shirts', 'Jackets', 'Pants']",2880000.0,Very Large,20,1.25,5034.965034965035,3,0,0,1,0,0,0
S-Six Fashions (Pvt) Ltd.,Woven,5.0,550.0,192,80000.0,"Shirts ,Pants ,Jackets ,Ladies Dress","River View Complex (6Th Floor), 55/1, S.M. Maleh, Narayanganj, Tanbazar",Narayanganj,Tanbazar,2002,"['Shirts', 'Pants', 'Jackets', 'Ladies Dress']",960000.0,Large,23,2.8645833333333335,5000.0,4,0,0,1,0,0,0
S. Alam Knitting,Knit,5.0,150.0,327,40000.0,"T-Shirts ,Polo Shirts","Jatrapur, Kurigram, Kulgaon",Kurigram,Kulgaon,2012,"['T-Shirts', 'Polo Shirts']",480000.0,Large,13,0.45871559633027525,1467.8899082568807,2,0,0,0,0,0,0
S. Nahar Garments & Textile Mills Ltd.,Woven,5.0,700.0,400,150000.0,"Shirts ,Blouses","34, Kazi Nazrul Islam Avenue, Dhaka, Kawran Bazar",Dhaka,Kawran Bazar,1988,"['Shirts', 'Blouses']",1800000.0,Very Large,37,1.75,4500.0,2,0,0,0,0,0,0
S. Suhi Ind. Park Knit Composite Ltd.,Knit,5.0,715.0,153,2000000.0,"T-Shirts ,Polo Shirts","Khalik Bhaban (4Th & 5Th Fl), 3B-4B, Darussalam Road, Section # 1, Dhaka, Mirpur",Dhaka,Mirpur,2008,"['T-Shirts', 'Polo Shirts']",24000000.0,Very Large,17,4.673202614379085,156862.74509803922,2,0,0,0,0,0,0
S. Suhi Industrial Park Ltd.,Sweater,5.0,1100.0,450,100000.0,"Sweaters ,Pullovers ,Cardigans ,Jackets","Zamgara, Zirabo, Ashulia, Dhaka, Savar",Dhaka,Savar,2002,"['Sweaters', 'Pullovers', 'Cardigans', 'Jackets']",1200000.0,Very Large,23,2.4444444444444446,2666.6666666666665,4,0,0,0,0,0,0
S.A. Apparel Ltd.,Woven,5.0,216.0,115,50000.0,"Shirts ,Jackets ,Pants","Golden Star Building, 176, Dewanhat, Chittagong","Golden Star Building, 176, Dewanhat",Chittagong,1999,"['Shirts', 'Jackets', 'Pants']",600000.0,Large,26,1.8782608695652174,5217.391304347826,3,0,0,1,0,0,0
S.A. Rahman Sweater Factory Ltd.,Sweater,5.0,820.0,400,75000.0,"Sweaters ,Pullovers ,Cardigans ,Vests","Gouripur, Ashulia, Dhaka, Savar",Dhaka,Savar,2002,"['Sweaters', 'Pullovers', 'Cardigans', 'Vests']",900000.0,Large,23,2.05,2250.0,4,0,0,0,0,0,0
S.B. Designs Ltd.,Knit,5.0,180.0,100,50000.0,"T-Shirts ,Jackets","1/F, Folder Street, Dhaka, Wari",Dhaka,Wari,1999,"['T-Shirts', 'Jackets']",600000.0,Large,26,1.8,6000.0,2,0,0,0,0,0,0
S.B. Fashion Garments Ltd.,Woven,5.0,300.0,125,30000.0,"Shirts ,Jackets ,Jogging Sets","1/F, Folder Street, Dhaka, Wari",Dhaka,Wari,1992,"['Shirts', 'Jackets', 'Jogging Sets']",360000.0,Large,33,2.4,2880.0,3,0,0,0,0,0,0
S.B. Fashions Garments,Woven,5.0,110.0,82,0.0,"Jackets ,Shirts","1/F, Folder Street, Dhaka, Wari",Dhaka,Wari,1998,"['Jackets', 'Shirts']",0.0,,27,1.3414634146341464,0.0,2,0,0,0,0,0,0
S.F. Apparels Ltd.,Woven,5.0,1150.0,560,200000.0,"Shorts ,Trousers ,Bermuda ,Skirts","Nayabari (2Nd & 3Rd Floor), Kanchpur, Narayanganj, Sonargaon",Narayanganj,Sonargaon,1992,"['Shorts', 'Trousers', 'Bermuda', 'Skirts']",2400000.0,Very Large,33,2.0535714285714284,4285.714285714285,4,0,0,0,0,0,0
S.F. Denim Apparels Ltd.,Woven,5.0,2250.0,1300,400000.0,"Trousers ,Shorts ,Skirts ,Bermuda","430/431/B, Tejgaon I/A, Dhaka, Tejgaon",Dhaka,Tejgaon,1998,"['Trousers', 'Shorts', 'Skirts', 'Bermuda']",4800000.0,Very Large,27,1.7307692307692308,3692.3076923076924,4,0,0,0,0,0,0
S.F. Fashion Wears Ltd.,Woven,5.0,1150.0,570,20000000.0,"Trousers ,Shorts ,Skirts ,Bermuda","Nayabari (2Nd & 3Rd Floor), Kanchpur, Narayanganj, Sonargaon",Narayanganj,Sonargaon,2003,"['Trousers', 'Shorts', 'Skirts', 'Bermuda']",240000000.0,Very Large,22,2.017543859649123,421052.63157894736,4,0,0,0,0,0,0
S.F. Jeans Ltd.,Woven,5.0,1300.0,560,225000.0,"Shirts ,Pants","Karol Shurichala, Mouchak, Gazipur, Kaliakoir",Gazipur,Kaliakoir,2014,"['Shirts', 'Pants']",2700000.0,Very Large,11,2.3214285714285716,4821.428571428572,2,0,0,1,0,0,0
S.I. Knitting Ltd.,Knit,5.0,250.0,98,0.0,"T-Shirts ,Polo Shirts ,Tank Tops","Plot # 26/1, Shataish Road, Gazipura I/A, Gazipur, Tongi",Gazipur,Tongi,2008,"['T-Shirts', 'Polo Shirts', 'Tank Tops']",0.0,,17,2.5510204081632653,0.0,3,0,0,0,0,0,0
S.K.R. Attire Ltd.,Woven,5.0,240.0,120,60000.0,"Shirts ,Pants ,Jackets ,Trousers","1608/A, Rajakhali Road, Chaktai, Chittagong, Bakalia",Chittagong,Bakalia,2007,"['Shirts', 'Pants', 'Jackets', 'Trousers']",720000.0,Large,18,2.0,6000.0,4,0,0,1,0,0,0
S.M.I. Productions (Pvt) Ltd.,Woven,5.0,250.0,162,40000.0,"Shirts ,Dresses ,Pants ,Trousers","Plot # 4-6, Road # 2, Section # 7, Dhaka, Mirpur",Dhaka,Mirpur,1998,"['Shirts', 'Dresses', 'Pants', 'Trousers']",480000.0,Large,27,1.5432098765432098,2962.962962962963,4,0,0,1,0,0,0
S.N. Sports Wear Ltd.,Woven,5.0,450.0,261,140000.0,"Shirts ,Boy's Shirts ,Girl's Shirts ,Polo Shirts","River City, 1676/G/1, Shah Amanat Connecting Road, Chittagong, Bakalia",Chittagong,Bakalia,2010,"['Shirts', 'Boys Shirts', 'Girls Shirts', 'Polo Shirts']",1680000.0,Very Large,15,1.7241379310344827,6436.781609195402,4,0,0,0,0,0,0
S.R.S. Fashions (Pvt.) Ltd.,Woven,5.0,400.0,210,36000.0,"Dresses ,Jackets ,Pants","Sarulia (West Tengra), Dhaka, Demra",Dhaka,Demra,1994,"['Dresses', 'Jackets', 'Pants']",432000.0,Large,31,1.9047619047619047,2057.1428571428573,3,0,0,1,0,0,0
S.S. Cotton Fabrics Ltd.,Knit,5.0,320.0,120,300000.0,"T-Shirts ,Polo Shirts","191, Chowdhury Complex, Narayanganj, Masdair",Narayanganj,Masdair,1997,"['T-Shirts', 'Polo Shirts']",3600000.0,Very Large,28,2.6666666666666665,30000.0,2,0,0,0,0,0,0
S.S. International (BD),Knit,5.0,100.0,125,200000.0,"T-Shirts ,Polo Shirts","191/1, South Bishil, Shomsher Super Market, Sec-1, Dhaka, Mirpur",Dhaka,Mirpur,2010,"['T-Shirts', 'Polo Shirts']",2400000.0,Very Large,15,0.8,19200.0,2,0,0,0,0,0,0
S.S. Sweater Ltd.,Sweater,5.0,570.0,450,75000.0,"Pullovers ,Cardigans ,Sweaters","124, Darail, Sataish, Gazipur, Tongi",Gazipur,Tongi,2004,"['Pullovers', 'Cardigans', 'Sweaters']",900000.0,Large,21,1.2666666666666666,2000.0,3,0,0,0,0,0,0
S2L Fshions (Pvt.) Ltd.,Knit,5.0,450.0,339,204000.0,"Shirts ,Jackets ,T-Shirts","Sharifpur, Maleker Bari, Gazipur, Gazipur Sadar",Gazipur,Gazipur Sadar,2012,"['Shirts', 'Jackets', 'T-Shirts']",2448000.0,Very Large,13,1.3274336283185841,7221.238938053098,3,0,0,0,0,0,0
SA Moon Fashions (Pvt) Ltd.,Woven,1.0,320.0,236,120000.0,"Shirt ,Pant ,T-Shirt ,Polo Shirt","04 No. Ani Member Road, 46, Jamtola, Eidgha Road, Pagar, Tongi, Gazipur, Gazipur",Gazipur,Gazipur,2022,"['Shirt', 'Pant', 'T-Shirt', 'Polo Shirt']",1440000.0,Very Large,3,1.3559322033898304,6101.6949152542375,4,1,1,0,0,1,0
Saad Exim International Ltd.,Woven,1.0,2.0,223,150000.0,"Shirt ,Pant ,T-Shirt ,Polo Shirt","317,Choydana, Gacha, National University, Gazipur, Gazipur",Gazipur,Gazipur,2023,"['Shirt', 'Pant', 'T-Shirt', 'Polo Shirt']",1800000.0,Very Large,2,0.008968609865470852,8071.748878923767,4,1,1,0,0,1,0
Saad Musa Fabrics Ltd. (U-3),Woven,5.0,1600.0,800,350000.0,"Shirts ,Shorts ,Long Pants","Khaja Road, Kulgaon, Chittagong, Jalalabad",Chittagong,Jalalabad,2001,"['Shirts', 'Shorts', 'Long Pants']",4200000.0,Very Large,24,2.0,5250.0,3,0,0,0,0,0,0
Saad Musa Fabrics Ltd. U-2 (Home Tex),Woven,5.0,250.0,196,0.0,"Bed Sheet ,Home Textile","Khaja Road, Kulgaon, Chittagong, Jalalabad",Chittagong,Jalalabad,2012,"['Bed Sheet', 'Home Textile']",0.0,,13,1.2755102040816326,0.0,2,0,0,0,0,0,0
Saad Musa Hometex & Clothing Ltd.,Knit,5.0,900.0,650,850000.0,"Bed Sheet ,Pillow Case ,Pillow Cover","Khaja Road, Kulgaon, Chittagong, Jalalabad",Chittagong,Jalalabad,2006,"['Bed Sheet', 'Pillow Case', 'Pillow Cover']",10200000.0,Very Large,19,1.3846153846153846,15692.307692307691,3,0,0,0,0,0,0
Saad Saan Apparels Ltd.,Knit,5.0,5190.0,3025,46616000.0,"Shirts ,Pants ,T-Shirts ,Polo Shirts","Jamirdia, Habir Bari, Mymensingh, Valuka",Mymensingh,Valuka,2010,"['Shirts', 'Pants', 'T-Shirts', 'Polo Shirts']",559392000.0,Very Large,15,1.715702479338843,184922.97520661156,4,0,0,1,0,0,0
Saad Sewing Ltd.,Knit,5.0,220.0,52,20000.0,"T-Shirts ,Polo Shirts ,Tank Tops","Dharmaganj, Narayanganj, Fatullah",Narayanganj,Fatullah,1993,"['T-Shirts', 'Polo Shirts', 'Tank Tops']",240000.0,Large,32,4.230769230769231,4615.384615384615,3,0,0,0,0,0,0
Saadatia Sweaters Ltd.,Sweater,5.0,1000.0,720,100000.0,Sweaters,"Samir Plaza, Ashulia Tongi Road, Jamgora, Dhaka, Savar",Dhaka,Savar,2005,['Sweaters'],1200000.0,Very Large,20,1.3888888888888888,1666.6666666666667,1,0,0,0,0,0,0
Saasco Garments Ltd.,Woven,5.0,400.0,250,130000.0,"Pants ,Trousers ,Shorts","Plot # M-4/4, Road # 7, Section # 7, Pallabi, Dhaka, Mirpur",Dhaka,Mirpur,1998,"['Pants', 'Trousers', 'Shorts']",1560000.0,Very Large,27,1.6,6240.0,3,0,0,1,0,0,0
Saascotex (BD) Ltd.,Woven,5.0,550.0,340,130000.0,"Blouses ,Shirts ,T-Shirts ,Polo Shirts","Plot # 27, Holding # 1/A, Milk Vita Road, Section # 7, Dhaka, Mirpur",Dhaka,Mirpur,1999,"['Blouses', 'Shirts', 'T-Shirts', 'Polo Shirts']",1560000.0,Very Large,26,1.6176470588235294,4588.235294117647,4,0,0,0,0,0,0
Sababa Apparels,Woven,5.0,1550.0,650,250000.0,"Jackets ,Pants ,Shorts ,Vests","Mulaid, Gazipur, Sreepur",Gazipur,Sreepur,2000,"['Jackets', 'Pants', 'Shorts', 'Vests']",3000000.0,Very Large,25,2.3846153846153846,4615.384615384615,4,0,0,1,0,0,0
Sabarang Fashions Ltd.,Woven,5.0,530.0,228,62500.0,"Ladies Blouses ,Skirts ,Maxi ,Trousers","Plot # 85-88, Block - K, Rupnagar, Section # 2, Dhaka, Mirpur",Dhaka,Mirpur,2001,"['Ladies Blouses', 'Skirts', 'Maxi', 'Trousers']",750000.0,Large,24,2.324561403508772,3289.4736842105262,4,0,0,0,0,0,0
Sabit Sports Wear Ltd.,Woven,5.0,350.0,208,35000.0,"Pading Jackets ,Coveralls ,Swimming Shorts","Plot # 33/A/13/1, Satish Sarker Road, Gandaria, Dhaka, Sutrapur",Dhaka,Sutrapur,1998,"['Pading Jackets', 'Coveralls', 'Swimming Shorts']",420000.0,Large,27,1.6826923076923077,2019.2307692307693,3,0,0,0,0,0,0
Sadaf Fashions Ltd.,Woven,5.0,472.0,250,1000000.0,"Jackets ,Trousers ,Dresses ,Skirts","768, Askarabad, D.T. Road, Chittagong, North Agrabad",Chittagong,North Agrabad,1997,"['Jackets', 'Trousers', 'Dresses', 'Skirts']",12000000.0,Very Large,28,1.888,48000.0,4,0,0,0,0,0,0
Sadia Apparels Ltd.,Knit,5.0,172.0,75,30000.0,"Shirts ,Blouses ,Trousers","House # 79, Block - C, Bir Uttam Ziaur Rahman Sarak, Dhaka, Banani",Dhaka,Banani,1993,"['Shirts', 'Blouses', 'Trousers']",360000.0,Large,32,2.2933333333333334,4800.0,3,0,0,0,0,0,0
Sadia Fashion Wears Ltd.,Woven,1.0,3.0,182,83000.0,"Shirt ,Pant ,Jacket ,T-Shirt","Talla Road, Khapur, Fatullah, Narayangonj, Narayangonj",Narayangonj,Narayangonj,2022,"['Shirt', 'Pant', 'Jacket', 'T-Shirt']",996000.0,Large,3,0.016483516483516484,5472.527472527472,4,1,1,0,1,0,0
Sadia Garments Ltd.,Unknown,,0.0,0,30000.0,"Shirts ,Ladies Blouses ,Fashion Wears ,Dress Shirts","390/3/C, West Rampura, Dhaka-1219., Dhaka, Dhaka",Dhaka,Dhaka,2020,"['Shirts', 'Ladies Blouses', 'Fashion Wears', 'Dress Shirts']",360000.0,Large,5,0.0,0.0,4,0,0,0,0,0,0
Sadma Fashion Wear Ltd.,Knit,5.0,850.0,363,400000.0,"T-Shirts ,Polo Shirts ,Jackets ,Tank Top","Mouchak, Gazipur, Kaliakoir",Gazipur,Kaliakoir,2002,"['T-Shirts', 'Polo Shirts', 'Jackets', 'Tank Top']",4800000.0,Very Large,23,2.3415977961432506,13223.140495867769,4,0,0,0,0,0,0
Sadman Fashion Ltd.,Knit,1.0,175.0,112,150000.0,"T-Shirt ,Polo Shirt","Plot # 12, Road # 1, Section # 7(I/A), Pallabi, Mirpur, Dhaka, Dhaka",Dhaka,Dhaka,2022,"['T-Shirt', 'Polo Shirt']",1800000.0,Very Large,3,1.5625,16071.42857142857,2,1,0,0,0,1,0
Safa Knit Wear Ltd.,Woven,5.0,700.0,300,300000.0,"Shirts ,Pants ,T-Shirts ,Polo Shirts","M.S. Tower-03, Siddirganj Pool, Narayanganj, B. Baria",Narayanganj,B. Baria,2014,"['Shirts', 'Pants', 'T-Shirts', 'Polo Shirts']",3600000.0,Very Large,11,2.3333333333333335,12000.0,4,0,0,1,0,0,0
Safaa Sweaters Ltd.,Sweater,5.0,742.0,510,100000.0,"Sweaters ,Cardigans","Jamgora (4Th - 7Th Floor), Gachirchat, Dhaka, Savar",Dhaka,Savar,2007,"['Sweaters', 'Cardigans']",1200000.0,Very Large,18,1.4549019607843137,2352.9411764705883,2,0,0,0,0,0,0
Safwan Fashions Ltd.,Sweater,5.0,100.0,127,0.0,Sweater,"Shilmandi, Narsingdi, Narsingdi Sadar",Narsingdi,Narsingdi Sadar,2016,['Sweater'],0.0,,9,0.7874015748031497,0.0,1,0,0,0,0,0,1
Safwan Garments Ltd.,Woven,5.0,307.0,143,70000.0,"Shirts ,Pants ,Shorts","541, Para Doger, Shahjalal Road, Dhaka, Demra",Dhaka,Demra,2009,"['Shirts', 'Pants', 'Shorts']",840000.0,Large,16,2.1468531468531467,5874.125874125874,3,0,0,1,0,0,0
Sag Fashion Ltd.,Woven,1.0,800.0,421,166666.0,"T-Shirts ,Polo Shirts ,Hoodie ,Shirt","637/929, Boro Deora, Gazipur, Gazipur",Gazipur,Gazipur,2006,"['T-Shirts', 'Polo Shirts', 'Hoodie', 'Shirt']",1999992.0,Very Large,19,1.9002375296912113,4750.5748218527315,4,0,1,0,0,0,0
Sagacious Fashions Ltd.,Knit,5.0,350.0,100,72020000.0,"Shirts ,Pants ,T-Shirts ,Polo Shirts","74/1, Deger Chala, Gazipur, National University",Gazipur,National University,2016,"['Shirts', 'Pants', 'T-Shirts', 'Polo Shirts']",864240000.0,Very Large,9,3.5,8642400.0,4,0,0,1,0,0,0
Sahaba Yarn Ltd.,Sweater,5.0,120.0,200,8333.0,Sweater,"5, Bishuya Kuribari, Mirzapur Union, Gazipur, Gazipur Sadar",Gazipur,Gazipur Sadar,2014,['Sweater'],99996.0,Medium,11,0.6,499.98,1,0,0,0,0,0,1
Saiham Knit Composite Ltd.,Woven,1.0,11000.0,8500,180000.0,"All kind of knitted & Woven Tops ,Mens Wear ,Ladies Wear","Saiham Nagar, Hobiganj, Hobigonj",Hobiganj,Hobigonj,2012,"['All kind of knitted  Woven Tops', 'Mens Wear', 'Ladies Wear']",2160000.0,Very Large,13,1.2941176470588236,254.11764705882354,3,0,0,0,0,0,0
Sailor Moon Sweater Ltd.,Sweater,5.0,600.0,606,50000.0,Sweaters,"Vogra, Gazipur Sadar, Gazipur, Gazipur Sadar",Gazipur,Gazipur Sadar,2012,['Sweaters'],600000.0,Large,13,0.9900990099009901,990.0990099009902,1,0,0,0,0,0,0
Sainik Knit Composite Ltd.,Knit,5.0,150.0,150,22000.0,"T-Shirts ,Polo Shirts","Rajabari, Bimail, Gazipur, Konabari",Gazipur,Konabari,2011,"['T-Shirts', 'Polo Shirts']",264000.0,Large,14,1.0,1760.0,2,0,0,0,0,0,0
Saint Garments Ltd.,Woven,5.0,300.0,120,49400.0,"Shirts ,Pants ,Shorts ,Jackets","Jaks Shopping Complex, 316, Sk. Mojib Road, Chittagong, Agrabad",Chittagong,Agrabad,1986,"['Shirts', 'Pants', 'Shorts', 'Jackets']",592800.0,Large,39,2.5,4940.0,4,0,0,1,0,0,0
Saj Knit Designs Ltd.,Woven,1.0,4.0,186,600000.0,"Shirt ,Pant ,T-Shirt ,Polo Shirt","1670/2091, West Sholoshohor Aturer Dipu, Baizid, Chattogram, Chittagong",Chittagong,Chittagong,2022,"['Shirt', 'Pant', 'T-Shirt', 'Polo Shirt']",7200000.0,Very Large,3,0.021505376344086023,38709.67741935484,4,1,1,0,0,1,0
Sajib Fashion Wear Ltd.,Woven,5.0,350.0,205,20000.0,"Paded Jackets ,Coveralls ,Swimming Shorts","Plot # 33/A/13/1, Satish Sarker Road, Gandaria, Dhaka, Sutrapur",Dhaka,Sutrapur,2003,"['Paded Jackets', 'Coveralls', 'Swimming Shorts']",240000.0,Large,22,1.7073170731707317,1170.7317073170732,3,0,0,0,0,0,0
Sajib Knitwear & Garments Ltd.,Knit,5.0,935.0,528,468000.0,"T-Shirts ,Sweaters","Tatki, Tarabo, Narayanganj, Rupganj",Narayanganj,Rupganj,1993,"['T-Shirts', 'Sweaters']",5616000.0,Very Large,32,1.7708333333333333,10636.363636363636,2,0,0,0,0,0,0
Sajukin Apparels Ltd.,Woven,5.0,500.0,100,150000.0,"Shirts ,Trousers ,Pants ,Shorts","144, Mirash Para, Arichpur, Bscic, Gazipur, Tongi",Gazipur,Tongi,2011,"['Shirts', 'Trousers', 'Pants', 'Shorts']",1800000.0,Very Large,14,5.0,18000.0,4,0,0,1,0,0,0
Sakib Garments Ltd.,Woven,5.0,700.0,270,5000000.0,"Pants ,Trousers ,Shorts","Plot # 25 & 26, Road # 1, Block - Kha, Section # 10, Dhaka, Mirpur",Dhaka,Mirpur,2010,"['Pants', 'Trousers', 'Shorts']",60000000.0,Very Large,15,2.5925925925925926,222222.22222222222,3,0,0,1,0,0,0
Sakoatex Ltd.,Sweater,5.0,100.0,1063,221000.0,Sweater,"Plot # A-280-290, B-275-277, Bscic I/E, Rajshahi, Boalia",Rajshahi,Boalia,2015,['Sweater'],2652000.0,Very Large,10,0.09407337723424271,2494.8259642521166,1,0,0,0,0,0,1
Salam Apparels Ltd.,Woven,5.0,495.0,279,50000.0,"Pants ,Swim Wears ,Jackets ,Trousers","A/3 Bscic I/A, Sagarica Road, Chittagong, Pahartali",Chittagong,Pahartali,2000,"['Pants', 'Swim Wears', 'Jackets', 'Trousers']",600000.0,Large,25,1.7741935483870968,2150.537634408602,4,0,0,1,0,0,0
Saleheen Apparels Ltd.,Knit,5.0,200.0,152,184000.0,"Shirts ,Pants ,T-Shirts ,Polo Shirts","Palli Biddut Moor, Molied, Mawna, Gazipur, Sreepur",Gazipur,Sreepur,2016,"['Shirts', 'Pants', 'T-Shirts', 'Polo Shirts']",2208000.0,Very Large,9,1.3157894736842106,14526.315789473685,4,0,0,1,0,0,0
Salek Textile Ltd.,Woven,5.0,800.0,330,250000.0,"Shirts ,Pants","Kunia, Targas, Gazipur, B. Baria",Gazipur,B. Baria,2014,"['Shirts', 'Pants']",3000000.0,Very Large,11,2.4242424242424243,9090.90909090909,2,0,0,1,0,0,0
Salim & Brothers Ltd.,Woven,5.0,1020.0,600,105500.0,"Jackets ,Pants ,Swim Wears ,Trousers","A/3 Bscic I/A, Sagarica Road, Chittagong, Pahartali",Chittagong,Pahartali,1987,"['Jackets', 'Pants', 'Swim Wears', 'Trousers']",1266000.0,Very Large,38,1.7,2110.0,4,0,0,1,0,0,0
Salim & Brothers Ltd. (U-2),Knit,5.0,1500.0,852,480000.0,"Shirts ,Pants ,T-Shirts ,Polo Shirts","C/8, 9, 10 Bscic I/E, Sagarika Road, Chittagong","C/8, 9, 10 Bscic I/E, Sagarika Road",Chittagong,2008,"['Shirts', 'Pants', 'T-Shirts', 'Polo Shirts']",5760000.0,Very Large,17,1.7605633802816902,6760.56338028169,4,0,0,1,0,0,0
Salma Fashion Wear Ltd.,Knit,5.0,219.0,175,50000.0,"Shirts ,Pants ,Jackets ,Trousers","96, Darus Salam Road, Dhaka, Mirpur",Dhaka,Mirpur,2000,"['Shirts', 'Pants', 'Jackets', 'Trousers']",600000.0,Large,25,1.2514285714285713,3428.5714285714284,4,0,0,1,0,0,0
Salman Adnan (Pvt.) Ltd.,Woven,5.0,580.0,216,60000.0,"Jackets ,Trousers ,Shorts","35 B-1, Indira Road, Dhaka, B. Baria",Dhaka,B. Baria,1992,"['Jackets', 'Trousers', 'Shorts']",720000.0,Large,33,2.685185185185185,3333.3333333333335,3,0,0,0,0,0,0
SAM Sweaters Ltd.,Sweater,5.0,766.0,580,105000.0,"Sweaters ,Pullovers ,Cardigans ,Vests","1/11, Khortoil, Sataish Road, Gazipur, Tongi",Gazipur,Tongi,2004,"['Sweaters', 'Pullovers', 'Cardigans', 'Vests']",1260000.0,Very Large,21,1.3206896551724139,2172.4137931034484,4,0,0,0,0,0,0
Samad Sweaters Ltd.,Sweater,5.0,850.0,700,70000.0,"Sweaters ,Cardigans ,Pullovers","Kalmeshwar (Battala Road), Board Bazar, National University, Gazipur","Kalmeshwar (Battala Road), Board Bazar, National University",Gazipur,2009,"['Sweaters', 'Cardigans', 'Pullovers']",840000.0,Large,16,1.2142857142857142,1200.0,3,0,0,0,0,0,0
Samar Fashion Tex Ltd.,Woven,5.0,520.0,232,100000.0,"Shirts ,Pants ,Trousers ,Skirts","Ja-88, Middle Badda, Dhaka, Badda",Dhaka,Badda,2004,"['Shirts', 'Pants', 'Trousers', 'Skirts']",1200000.0,Very Large,21,2.2413793103448274,5172.413793103448,4,0,0,1,0,0,0
Samia Garments (Pvt) Ltd.,Woven,5.0,178.0,120,0.0,"Shirts ,Jackets ,Pants ,Shorts","Rs # 39-40, East Sadarpur, Ashulia, Dhaka, Savar",Dhaka,Savar,2007,"['Shirts', 'Jackets', 'Pants', 'Shorts']",0.0,,18,1.4833333333333334,0.0,4,0,0,1,0,0,0
Samim Fashion Ltd.,Knit,1.0,170.0,180,60000.0,"T-shirts ,Pants ,Joker Pant ,Girls Top","Bfdc Road, Moizzar Teck, Charlakkya, Chittagong, Chittagong",Chittagong,Chittagong,2014,"['T-shirts', 'Pants', 'Joker Pant', 'Girls Top']",720000.0,Large,11,0.9444444444444444,4000.0,4,0,0,1,0,0,0
Samin Wintermate Ltd.,Sweater,5.0,800.0,400,100000.0,"Sweaters ,Pullovers ,Mafters ,Cardigans","Plot # 356, Sharifpur, National University, Gazipur","Plot # 356, Sharifpur, National University",Gazipur,2003,"['Sweaters', 'Pullovers', 'Mafters', 'Cardigans']",1200000.0,Very Large,22,2.0,3000.0,4,0,0,0,0,0,0
Sammart Fashion (BD) Limited,Knit,1.0,2.0,150,0.0,Unknown,"Kylghan, Jalalabad, Hathazari Road, Chattogram, Kylghan, Jalalabad, Hathazari Road, Chattogram, Chittagong","Kylghan, Jalalabad, Hathazari Road, Chattogram",Chittagong,2021,[],0.0,,4,0.013333333333333334,0.0,0,0,0,0,0,0,0
Sample Collection Composite,Woven,1.0,1.0,89,5000.0,"Shirt ,Pant ,Trouser ,T-Shirt","Plot # A-57, Bscic, Shasongoon, Enayetnagar, Fatullah, Narayanganj, Narayangonj",Narayanganj,Narayangonj,2022,"['Shirt', 'Pant', 'Trouser', 'T-Shirt']",60000.0,Medium,3,0.011235955056179775,674.1573033707865,4,1,1,0,0,0,0
Samrana Enterprise Ltd.,Woven,5.0,198.0,99,100000.0,"Children Wears ,Fleece Jackets ,Trousers","127, Motijheel C/A(3Rd Floor), Dhaka, Motijheel",Dhaka,Motijheel,1992,"['Children Wears', 'Fleece Jackets', 'Trousers']",1200000.0,Very Large,33,2.0,12121.212121212122,3,0,0,0,0,0,0
Sams Attire Ltd.,Woven,5.0,1974.0,1116,400000.0,"Ladies Pants ,Shortalls ,Skirts","Bhuiyan Tower, Plot # 10, Jamgora, Ashulia Road, Dhaka, Dhaka",Dhaka,Dhaka,2004,"['Ladies Pants', 'Shortalls', 'Skirts']",4800000.0,Very Large,21,1.7688172043010753,4301.075268817204,3,0,0,0,0,0,0
Sams Dresses Ltd.,Woven,5.0,433.0,223,75000.0,"Shirts ,Pants ,Jackets","75, Agrabadh C/A, Hossain Court (3Rd Floor), Chittagong","75, Agrabadh C/A, Hossain Court (3Rd Floor)",Chittagong,1992,"['Shirts', 'Pants', 'Jackets']",900000.0,Large,33,1.9417040358744395,4035.8744394618834,3,0,0,1,0,0,0
Samsons Sweaters Ltd.,Sweater,5.0,1200.0,500,100000.0,Sweaters,"Tarabo, Narayanganj, Rupganj",Narayanganj,Rupganj,1993,['Sweaters'],1200000.0,Very Large,32,2.4,2400.0,1,0,0,0,0,0,0
Samytex Industries Ltd.,Sweater,5.0,650.0,300,162500.0,Sweater,"Taper Bari, Telihati, Gazipur, Gazipur",Gazipur,Gazipur,2016,['Sweater'],1950000.0,Very Large,9,2.1666666666666665,6500.0,1,0,0,0,0,0,1
San Apparels Ltd.,Knit,5.0,2000.0,720,300000.0,"Shirts ,Pants ,T-Shirts ,Polo Shirts","Amtoil, Millennium Castle, Magura, Sreepur",Magura,Sreepur,2014,"['Shirts', 'Pants', 'T-Shirts', 'Polo Shirts']",3600000.0,Very Large,11,2.7777777777777777,5000.0,4,0,0,1,0,0,0
Sandwip Fashions Ltd.,Sweater,5.0,600.0,250,0.0,"Shirts ,Jackets ,Jumpers","271, Tejgaon I/A, Dhaka, Tejgaon",Dhaka,Tejgaon,1994,"['Shirts', 'Jackets', 'Jumpers']",0.0,,31,2.4,0.0,3,0,0,0,0,0,0
Sanguine Apparels Ltd.,Woven,5.0,0.0,450,39700.0,"Panty ,Bra ,T-Shirts ,Jacket","1676/A, Rajakhali, Karnaphuli Bridge Link Road, Chittagong, Chittagong",Chittagong,Chittagong,2007,"['Panty', 'Bra', 'T-Shirts', 'Jacket']",476400.0,Large,18,0.0,1058.6666666666667,4,0,0,0,1,0,0
Sans Textile Ltd.,Woven,1.0,0.0,305,6912000.0,Unknown,"213, 214 Kathuriachala, Vannara, Mouchak, Kaliakoir, Gazipur, Gazipur, Gazipur",Gazipur,Gazipur,2021,[],82944000.0,Very Large,4,0.0,271947.54098360654,0,0,0,0,0,0,0
Santex Knitwears Ltd.,Knit,5.0,850.0,491,200000.0,"Jackets ,Cargo Pants ,Polo Shirts ,Shirts","A.K. Tower (1St - 3Rd Floor), 6/A, Cda Marekt, Chittagong, Pahartoli",Chittagong,Pahartoli,2007,"['Jackets', 'Cargo Pants', 'Polo Shirts', 'Shirts']",2400000.0,Very Large,18,1.7311608961303462,4887.983706720977,4,0,0,0,0,0,0
"Santic (Bangladesh) Co., Ltd.",Woven,1.0,2.0,1557,1000000.0,"Shirt ,Pant ,T-Shirt ,Polo Shirt","Aukpara, Ashulia, Savar, Dhaka, Dhaka",Dhaka,Dhaka,2023,"['Shirt', 'Pant', 'T-Shirt', 'Polo Shirt']",12000000.0,Very Large,2,0.0012845215157353885,7707.129094412331,4,1,1,0,0,1,0
Sany Industry & Business Ltd.,Woven,5.0,300.0,125,40000.0,"Shorts ,Jogging Suits","Raj Fulbaria, Dhaka, Savar",Dhaka,Savar,1996,"['Shorts', 'Jogging Suits']",480000.0,Large,29,2.4,3840.0,2,0,0,0,0,0,0
SAR International Clothing,Woven,5.0,723.0,466,300000.0,"Shirts ,Pants ,Trousers ,Jacket","South Gazirchat, Alia Madrasha, Ashulia, Dhaka, Dhaka",Dhaka,Dhaka,2012,"['Shirts', 'Pants', 'Trousers', 'Jacket']",3600000.0,Very Large,13,1.5515021459227467,7725.321888412017,4,0,0,1,1,0,0
Sara Fashion Wear Ltd.,Knit,5.0,350.0,276,60000.0,"T-Shirts ,Polo Shirts","Ambag West Para, Gazipur, Konabari",Gazipur,Konabari,2014,"['T-Shirts', 'Polo Shirts']",720000.0,Large,11,1.2681159420289856,2608.695652173913,2,0,0,0,0,0,0
Sarada Knit Wear Ltd.,Knit,5.0,350.0,112,375000.0,"T-Shirts ,Polo Shirts","56, S.M. Maleh Road, Narayanganj, Tanbazar",Narayanganj,Tanbazar,2014,"['T-Shirts', 'Polo Shirts']",4500000.0,Very Large,11,3.125,40178.57142857143,2,0,0,0,0,0,0
Sarah Knit Wear,Knit,5.0,220.0,75,150000.0,"T-Shirts ,Polo Shirts ,Tank Top","32, Rajar Duri, Dhaka","32, Rajar Duri,",Dhaka,2010,"['T-Shirts', 'Polo Shirts', 'Tank Top']",1800000.0,Very Large,15,2.933333333333333,24000.0,3,0,0,0,0,0,0
Sark Knitwear Ltd.,Knit,5.0,650.0,257,3200000.0,"T-Shirts ,Polo Shirts ,Sweat Shirts ,Pants","Samair, Birolia, Dhaka, Savar",Dhaka,Savar,1998,"['T-Shirts', 'Polo Shirts', 'Sweat Shirts', 'Pants']",38400000.0,Very Large,27,2.529182879377432,149416.34241245137,4,0,0,1,0,0,0
Sarker Knitwear Ltd.,Knit,5.0,65.0,65,195000.0,"T-Shirts ,Polo Shirts","Mouza-Shahpur, Tangail, Ghatail",Tangail,Ghatail,2015,"['T-Shirts', 'Polo Shirts']",2340000.0,Very Large,10,1.0,36000.0,2,0,0,0,0,0,0
SAS Fashion Wear Ltd.,Woven,5.0,820.0,352,210000.0,"Shirts ,Pants","1, Dit Market Building (2Nd Floor), Dhaka, Kawran Bazar",Dhaka,Kawran Bazar,2000,"['Shirts', 'Pants']",2520000.0,Very Large,25,2.3295454545454546,7159.090909090909,2,0,0,1,0,0,0
Satabdi Garments Ltd.,Woven,5.0,308.0,158,30000.0,"Jackets ,Pants ,Jogging Suits","70, Muradpur, Chittagong","70, Muradpur,,",Chittagong,1985,"['Jackets', 'Pants', 'Jogging Suits']",360000.0,Large,40,1.9493670886075949,2278.481012658228,3,0,0,1,0,0,0
Sattar Textile Mills Ltd.,Woven,5.0,208.0,60,0.0,Fabrics,"Chandora, Shafipur, Gazipur, Kaliakoir",Gazipur,Kaliakoir,2004,['Fabrics'],0.0,,21,3.466666666666667,0.0,1,0,0,0,0,0,0
Saturn Textiles Ltd.,Woven,5.0,27772.0,2110,770000.0,"T-Shirts ,Polo Shirts ,Trousers ,Shorts","13/1, Abdus Sattar Road, West Gazipura, Gazipur, B. Baria",Gazipur,B. Baria,2007,"['T-Shirts', 'Polo Shirts', 'Trousers', 'Shorts']",9240000.0,Very Large,18,13.162085308056872,4379.1469194312795,4,0,0,0,0,0,0
Savannah Apparels Ltd.,Knit,5.0,230.0,100,100000.0,"Denim ,Shorts ,Polar Fleece","1170/B, Shah Amanat Shetu Road, East Sholashahar, Chittagong, Bahadderhat",Chittagong,Bahadderhat,2001,"['Denim', 'Shorts', 'Polar Fleece']",1200000.0,Very Large,24,2.3,12000.0,3,0,0,0,0,0,0
Savannah Fashion Ltd.,Knit,5.0,450.0,200,20000.0,"Denim ,Shorts ,Polo Shirts","1170/B, Shah Amanat Shetu Road, East Sholashahar, Chittagong, Bahadderhat",Chittagong,Bahadderhat,2008,"['Denim', 'Shorts', 'Polo Shirts']",240000.0,Large,17,2.25,1200.0,3,0,0,0,0,0,0
Savar Shirts Ltd.,Woven,5.0,767.0,347,150000.0,"Shirts ,Pants ,Jackets ,T-Shirts","89, Berulia Road (5Th Floor), Tati, Dhaka, Savar",Dhaka,Savar,2006,"['Shirts', 'Pants', 'Jackets', 'T-Shirts']",1800000.0,Very Large,19,2.2103746397694524,5187.319884726225,4,0,0,1,0,0,0
Savar Sportswear Co. Ltd.,Woven,5.0,771.0,748,7500.0,"Jackets ,Pants ,Ski wears","1-4, 8-16 Depz, Dhaka, Savar",Dhaka,Savar,1997,"['Jackets', 'Pants', 'Ski wears']",90000.0,Medium,28,1.0307486631016043,120.32085561497327,3,0,0,1,0,0,0
Savar Sweaters Ltd.,Sweater,5.0,1448.0,1106,25000.0,Sweaters,"Fidc Road, 10-P Kalurghat I/A, Chittagong, Chittagong",Chittagong,Chittagong,2006,['Sweaters'],300000.0,Large,19,1.3092224231464737,271.24773960217,1,0,0,0,0,0,0
Savar Textiles Ltd.,Knit,5.0,350.0,275,366102.0,Socks MLC,"Aicha Noadda, Dhaka, Savar",Dhaka,Savar,1995,['Socks MLC'],4393224.0,Very Large,30,1.2727272727272727,15975.36,1,0,0,0,0,0,0
Saville Row Ltd.,Woven,5.0,494.0,584,75000.0,"Pants ,Trousers ,Skirts ,Jackets","Deowalia Bari, Gazipur, Konabari",Gazipur,Konabari,2002,"['Pants', 'Trousers', 'Skirts', 'Jackets']",900000.0,Large,23,0.8458904109589042,1541.0958904109589,4,0,0,1,0,0,0
Sawda Fashion,Knit,1.0,301.0,97,1250000.0,"T-Shirt ,Polo Shirt","Plot # M-01, Road # Lake View Eastern Housing, Rupnagar, Mirpur-12, Dhaka, Dhaka",Dhaka,Dhaka,2022,"['T-Shirt', 'Polo Shirt']",15000000.0,Very Large,3,3.1030927835051547,154639.17525773196,2,1,0,0,0,1,0
Sawftex Limited,Knit,5.0,480.0,200,800000.0,"T-Shirts ,Polo Shirts","Bhangahati, Gazipur, Sreepur",Gazipur,Sreepur,2012,"['T-Shirts', 'Polo Shirts']",9600000.0,Very Large,13,2.4,48000.0,2,0,0,0,0,0,0
Sayam Knit Fab,Knit,5.0,200.0,100,600000.0,"T-Shirts ,Polo Shirts","A/88, Bscic I/A, Narayanganj, Fatullah",Narayanganj,Fatullah,2014,"['T-Shirts', 'Polo Shirts']",7200000.0,Very Large,11,2.0,72000.0,2,0,0,0,0,0,0
Saybolt Tex Ltd.,Knit,5.0,480.0,350,350000.0,"T-Shirts ,Polo Shirts ,Denim Pants","Saybolt Building, Epz Road, Ashulia, Dhaka, Savar",Dhaka,Savar,2009,"['T-Shirts', 'Polo Shirts', 'Denim Pants']",4200000.0,Very Large,16,1.3714285714285714,12000.0,3,0,0,0,0,0,0
Sayem Fashions Ltd.,Sweater,5.0,1100.0,791,145850.0,"Pullovers ,Cardigans ,Scarf ,Tops","Kamarjuri, National University, Gazipur, Board Bazar",Gazipur,Board Bazar,2003,"['Pullovers', 'Cardigans', 'Scarf', 'Tops']",1750200.0,Very Large,22,1.390644753476612,2212.6422250316054,4,0,0,0,0,0,0
Saz Fashion Limited,Woven,5.0,350.0,112,30000.0,"Shirts ,Jackets ,Shorts ,Pants","Hossain Complex (3Rd Floor), 1956/A, Airport Road, Chittagong, Chittagong",Chittagong,Chittagong,1998,"['Shirts', 'Jackets', 'Shorts', 'Pants']",360000.0,Large,27,3.125,3214.285714285714,4,0,0,1,0,0,0
Sazu Sweaters Ltd.,Sweater,5.0,800.0,500,533400.0,Sweater,"Jarun, Gazipur, Konabari",Gazipur,Konabari,2013,['Sweater'],6400800.0,Very Large,12,1.6,12801.6,1,0,0,0,0,0,1
SB Knitex Ltd.,Knit,5.0,250.0,150,80000.0,"T-Shirts ,Polo Shirts","13/16, Pallabi, Pallabi Shopping Center (5Th Fl), Dhaka, Mirpur",Dhaka,Mirpur,2012,"['T-Shirts', 'Polo Shirts']",960000.0,Large,13,1.6666666666666667,6400.0,2,0,0,0,0,0,0
Scandex (BD) Ltd.,Sweater,5.0,800.0,1000,100000.0,"Sweaters ,Cardigans ,Pullovers","87, Beron, Zirabo, Dhaka, Savar",Dhaka,Savar,2002,"['Sweaters', 'Cardigans', 'Pullovers']",1200000.0,Very Large,23,0.8,1200.0,3,0,0,0,0,0,0
Scandex Knitwear Ltd.,Knit,5.0,1700.0,800,910000.0,"Shirt ,Pants ,Jacket","87, Beron, Zirabo, Dhaka, Dhaka",Dhaka,Dhaka,2004,"['Shirt', 'Pants', 'Jacket']",10920000.0,Very Large,21,2.125,13650.0,3,0,1,1,1,0,0
Scandex Knitwear Ltd. (U-2),Woven,1.0,2000.0,1200,1137500.0,"T-Shirts ,Jacket ,Sweater ,Pant","Plot # 45-48, Aepz, Adamjee Nagar, Narayanganj, Narayangonj",Narayanganj,Narayangonj,2009,"['T-Shirts', 'Jacket', 'Sweater', 'Pant']",13650000.0,Very Large,16,1.6666666666666667,11375.0,4,0,0,0,1,0,1
Scarlet Knitwears Ltd.,Knit,5.0,600.0,190,3000000.0,"T-Shirts ,Polo Shirts ,Tank Tops","Plot # B-160-163, Bscic I/E, Narayanganj, Fatullah",Narayanganj,Fatullah,2007,"['T-Shirts', 'Polo Shirts', 'Tank Tops']",36000000.0,Very Large,18,3.1578947368421053,189473.68421052632,3,0,0,0,0,0,0
Sea Bird Apparels Ltd.,Woven,5.0,175.0,70,36000.0,"Jackets ,Jugging Suits ,Trousers","16 (110/4) Atish Dipankor Road, Central Bashaboo, Dhaka, Bashaboo",Dhaka,Bashaboo,1992,"['Jackets', 'Jugging Suits', 'Trousers']",432000.0,Large,33,2.5,6171.428571428572,3,0,0,0,0,0,0
Sea Blue Textile Ltd.,Knit,5.0,950.0,350,100000.0,"T-Shirts ,Polo Shirts","Plot # 10, 11, Sector # 6, Chittagong, Cepz",Chittagong,Cepz,2007,"['T-Shirts', 'Polo Shirts']",1200000.0,Very Large,18,2.7142857142857144,3428.5714285714284,2,0,0,0,0,0,0
Sea Blue Textile Ltd. (Garments Division),Knit,5.0,750.0,210,1190738.0,"T-Shirts ,Pants","Plot # 10-11, Sector # 06, Chittagong, Cepz",Chittagong,Cepz,2013,"['T-Shirts', 'Pants']",14288856.0,Very Large,12,3.5714285714285716,68042.17142857143,2,0,0,1,0,0,0
Sea Level Textile Ltd.,Woven,1.0,167.0,107,130000.0,"Shirt ,Pant ,T-Shirt ,Polo Shirt","248-B/264-A, New Chaktai, Amanat Siddique Tower, Shah Amanat Road, Chaktai, Chittagong, Chittagong",Chittagong,Chittagong,2023,"['Shirt', 'Pant', 'T-Shirt', 'Polo Shirt']",1560000.0,Very Large,2,1.560747663551402,14579.43925233645,4,1,1,0,0,1,0
Sea Moss Knitwear Ltd.,Knit,5.0,160.0,88,150000.0,"Polar Fleece Jackets ,Basic T-Shirts ,Polo Shirts ,Tank Tops","241, Rokeya Sarani, West Shewrapara, Dhaka, Mirpur",Dhaka,Mirpur,2001,"['Polar Fleece Jackets', 'Basic T-Shirts', 'Polo Shirts', 'Tank Tops']",1800000.0,Very Large,24,1.8181818181818181,20454.545454545456,4,0,0,0,0,0,0
Sea Shore Apparels Ltd.,Knit,5.0,453.0,200,84000.0,"Shirts ,Pants ,Knit Items","687, Cda R/A, Road # 20, Chittagong, Agrabad",Chittagong,Agrabad,1995,"['Shirts', 'Pants', 'Knit Items']",1008000.0,Very Large,30,2.265,5040.0,3,0,0,1,0,0,0
Sea Tex Limited,Knit,5.0,1850.0,720,25000.0,Knit Garments,"Plot # 8 & 9, Section # 6, Chittagong, Cepz",Chittagong,Cepz,1995,['Knit Garments'],300000.0,Large,30,2.5694444444444446,416.6666666666667,1,0,0,0,0,0,0
Sea View Knit Composite Ltd.,Knit,5.0,400.0,140,150000.0,"T-Shirts ,Polo Shirts ,Rugby ,Tank Tops","Kunia, K.B. Bazar (Baro Bari), Gazipur, Gazipur Sadar",Gazipur,Gazipur Sadar,2008,"['T-Shirts', 'Polo Shirts', 'Rugby', 'Tank Tops']",1800000.0,Very Large,17,2.857142857142857,12857.142857142857,4,0,0,0,0,0,0
Seacotex Fabrics Ltd.,Knit,5.0,1400.0,700,60000.0,Knit Garments,"Sanarpar,Siddirganj, Narayanganj, Narayangonj",Narayanganj,Narayangonj,1997,['Knit Garments'],720000.0,Large,28,2.0,1028.5714285714287,1,0,0,0,0,0,0
Seagull Fashion Ltd.,Sweater,5.0,300.0,150,40000.0,Sweater,"Wahab Munshi Complex, Joy Bangla Road, South Kaliakoir, Gazipur, National University",Gazipur,National University,2013,['Sweater'],480000.0,Large,12,2.0,3200.0,1,0,0,0,0,0,1
Searock Apparels Limited,Woven,5.0,360.0,155,76000.0,"Shirts ,Skirts ,Jackets","Plot # 98, Chaydona, Gazipur, Gazipur",Gazipur,Gazipur,1992,"['Shirts', 'Skirts', 'Jackets']",912000.0,Large,33,2.3225806451612905,5883.870967741936,3,0,0,0,0,0,0
Seasons 6 Ltd.,Knit,5.0,350.0,186,156000.0,"Shirts ,Pants ,T-Shirts","House # 2250/B/1, Uttarkhan Primary School Rd., Dhaka, Uttarkhan",Dhaka,Uttarkhan,2012,"['Shirts', 'Pants', 'T-Shirts']",1872000.0,Very Large,13,1.881720430107527,10064.516129032258,3,0,0,1,0,0,0
Seasons Creations Ltd.,Woven,5.0,488.0,310,90000.0,"Shirts ,Jackets ,Pants ,Skirts","612/559, Nazir Saleh Complex, Chittagong, Pahartoli",Chittagong,Pahartoli,2003,"['Shirts', 'Jackets', 'Pants', 'Skirts']",1080000.0,Very Large,22,1.5741935483870968,3483.8709677419356,4,0,0,1,0,0,0
Seasons Dresses Ltd.,Woven,5.0,1637.0,913,310000.0,"Denim Pants ,Cargo Trousers","Dag # 932, Mouza-111, Kha Para Road, Sataish, Gazipur, Tongi",Gazipur,Tongi,2008,"['Denim Pants', 'Cargo Trousers']",3720000.0,Very Large,17,1.7929901423877328,4074.4797371303393,2,0,0,0,0,0,0
Seasons Sweaters Ltd.,Sweater,5.0,880.0,500,120000.0,Sweaters,"Baipail, Dhaka, Savar",Dhaka,Savar,2004,['Sweaters'],1440000.0,Very Large,21,1.76,2880.0,1,0,0,0,0,0,0
Secotex Limited.,Woven,5.0,400.0,200,40000.0,"Jackets ,Pants ,Jogging Suits","Hazi Habibullah Super Market, East Jurain, Dhaka, Jatrabari",Dhaka,Jatrabari,1997,"['Jackets', 'Pants', 'Jogging Suits']",480000.0,Large,28,2.0,2400.0,3,0,0,1,0,0,0
Section Seven Apparels Ltd.,Woven,5.0,3120.0,2350,700000.0,"Shirts ,Pants ,Ladies Wears","Plot # 1 & 2, Sector # 6/A, Chittagong, Cepz",Chittagong,Cepz,2010,"['Shirts', 'Pants', 'Ladies Wears']",8400000.0,Very Large,15,1.327659574468085,3574.468085106383,3,0,0,1,0,0,0
Section Seven International Ltd.,Woven,5.0,293.0,208,136000.0,"Sharts ,Pants","Plot # 1-14, Sector # 2 & Sfb-2, (3Rd Floor), Block # A, Nilphamari, Uttara Epz",Nilphamari,Uttara Epz,2013,"['Sharts', 'Pants']",1632000.0,Very Large,12,1.4086538461538463,7846.153846153846,2,0,0,1,0,0,0
Section Seven Ltd.,Woven,5.0,4200.0,2360,780000.0,"Shirts ,Fashionwears ,Pants","Plot # 21-26 (Part), Road # 4, Sector # 3, Chittagong, Cepz",Chittagong,Cepz,2006,"['Shirts', 'Fashionwears', 'Pants']",9360000.0,Very Large,19,1.7796610169491525,3966.101694915254,3,0,0,1,0,0,0
Seema Garments Ltd.,Woven,5.0,368.0,134,5000.0,"Shirts ,Dresses ,Shorts ,Trousers","201/A, M.N. Plaza, Rampur, Eidgah, Dt Road, Chittagong","201/A, M.N. Plaza, Rampur, Eidgah, Dt Road",Chittagong,1986,"['Shirts', 'Dresses', 'Shorts', 'Trousers']",60000.0,Medium,39,2.746268656716418,447.76119402985074,4,0,0,0,0,0,0
Seema Knit Composite Industries Ltd.,Knit,1.0,0.0,0,390000.0,Unknown,"Road # 101, House # 16, Gulshan-2, Dhaka, Dhaka",Dhaka,Dhaka,2021,[],4680000.0,Very Large,4,0.0,0.0,0,0,0,0,0,0,0
Seha Apparels Int'l Ltd.,Woven,5.0,550.0,235,124800.0,"Shirts ,Blouses ,Trousers","H-79, Block # C, Int'L Airport Road, Dhaka, Banani",Dhaka,Banani,1994,"['Shirts', 'Blouses', 'Trousers']",1497600.0,Very Large,31,2.3404255319148937,6372.765957446809,3,0,0,0,0,0,0
Seha Design (BD) Ltd.,Woven,5.0,335.0,117,80000.0,"Ladies Shirts ,Jackets ,Trousers","Plot # 4, Road # 1, Section # 11, Dhaka, Mirpur",Dhaka,Mirpur,1999,"['Ladies Shirts', 'Jackets', 'Trousers']",960000.0,Large,26,2.8632478632478633,8205.128205128205,3,0,0,0,0,0,0
Seha Fashion (BD) Ltd.,Woven,5.0,350.0,195,41600.0,"Jackets ,Overalls ,Trousers","Choydana, Gazipur, Joydevpur",Gazipur,Joydevpur,2001,"['Jackets', 'Overalls', 'Trousers']",499200.0,Large,24,1.794871794871795,2560.0,3,0,0,0,0,0,0
Seha International Bangladesh Ltd.,Woven,5.0,509.0,228,100000.0,"Shirts ,Trousers","Plot # 9, Block - C, Tongi I/A, Himardighi, Gazipur, Tongi",Gazipur,Tongi,1992,"['Shirts', 'Trousers']",1200000.0,Very Large,33,2.232456140350877,5263.1578947368425,2,0,0,0,0,0,0
Seibu Fashions Ltd.,Knit,5.0,420.0,140,613000.0,"T-Shirts ,Polo Shirts ,Tank Top","Kasorghar, Mymensingh, Valuka",Mymensingh,Valuka,1997,"['T-Shirts', 'Polo Shirts', 'Tank Top']",7356000.0,Very Large,28,3.0,52542.857142857145,3,0,0,0,0,0,0
Selection Fashion Wear Ltd.,Knit,5.0,475.0,215,750000.0,"T-Shirts ,Polo Shirts ,Panties ,Bra","1060, S.K. Market, Shah Amanat Bridge Connection Rd., Chittagong, Bahaddarhat",Chittagong,Bahaddarhat,2008,"['T-Shirts', 'Polo Shirts', 'Panties', 'Bra']",9000000.0,Very Large,17,2.2093023255813953,41860.46511627907,4,0,0,0,0,0,0
Self Innovative Fashion Ltd.,Woven,5.0,70.0,425,1000000.0,"Shirts ,Pants ,T-Shirts","Plot # 3, Degerchala, Near National University, Gazipur","Plot # 3, Degerchala, Near National University",Gazipur,2012,"['Shirts', 'Pants', 'T-Shirts']",12000000.0,Very Large,13,0.16470588235294117,28235.29411764706,3,0,0,1,0,0,0
Selina Apparels Ltd.,Woven,5.0,950.0,400,240000.0,"Dress Pants ,Dress Tops ,Bottoms","Selina Tower, Islambag, Holan Road, Dhakhin Khan, Dhaka, Uttara",Dhaka,Uttara,2007,"['Dress Pants', 'Dress Tops', 'Bottoms']",2880000.0,Very Large,18,2.375,7200.0,3,0,0,0,0,0,0
Selina Trims Ltd.,Knit,1.0,2.0,162,350000.0,"Elastic ,Draw Strin ,Belt ,Twill Tape","Dag No # 33, Dhakhin Khan, Uttara, Dhaka, Dhaka",Dhaka,Dhaka,2023,"['Elastic', 'Draw Strin', 'Belt', 'Twill Tape']",4200000.0,Very Large,2,0.012345679012345678,25925.925925925927,4,0,0,0,0,0,0
Sensible Fashion (PVT) Ltd.,Knit,5.0,451.0,205,312000.0,"T-Shirts ,Pants","North Masdair, Malanchanagar, Narayanganj, Fatullah",Narayanganj,Fatullah,2013,"['T-Shirts', 'Pants']",3744000.0,Very Large,12,2.2,18263.414634146342,2,0,0,1,0,0,0
Seo Wan Bangladesh Ltd.,Sweater,5.0,1050.0,764,108000.0,"Sweaters ,Pullovers ,Jumpers ,Cardigans","Plot # 12, Street # 2, Block - E, Dhaka, Mirpur",Dhaka,Mirpur,1994,"['Sweaters', 'Pullovers', 'Jumpers', 'Cardigans']",1296000.0,Very Large,31,1.37434554973822,1696.3350785340315,4,0,0,0,0,0,0
Sepal Garments Ltd.,Woven,5.0,1135.0,895,15000000.0,"Jackets ,Pants ,Shorts ,Skirts","Chhaydana, Dagerchala Road, National University, Gazipur, Gazipur Sadar",Gazipur,Gazipur Sadar,1986,"['Jackets', 'Pants', 'Shorts', 'Skirts']",180000000.0,Very Large,39,1.2681564245810055,201117.3184357542,4,0,0,1,0,0,0
Serajsons Garments Ltd.,Knit,5.0,461.0,359,420000.0,"T-Shirts ,Underwears ,Ladeis Swimwears ,Ladeis Athleticwears","2326/D, S & S Inds. Bldg., Bahadur Shah Colony, Chittagong, Halishahar",Chittagong,Halishahar,1992,"['T-Shirts', 'Underwears', 'Ladeis Swimwears', 'Ladeis Athleticwears']",5040000.0,Very Large,33,1.2841225626740946,14038.99721448468,4,0,0,0,0,0,0
Seven Dream Apparels,Woven,1.0,7.0,109,360000.0,"Shirt ,Pant ,T-Shirt ,Polo Shirt","Karnafully Center (3Rd Floor), Kamal Bazar, Mohora,Chandgaon, Chittagong, Chittagong",Chittagong,Chittagong,2023,"['Shirt', 'Pant', 'T-Shirt', 'Polo Shirt']",4320000.0,Very Large,2,0.06422018348623854,39633.02752293578,4,1,1,0,0,1,0
Seven Links Apparels Ltd.,Woven,1.0,280.0,180,6000.0,"Boys Long Pant ,Girls Long Pant ,Ladies Long Pant","47/1, Bepari Bari, Helal Market, Uttarkhan, Dhaka-1230, Dhaka, Dhaka",Dhaka,Dhaka,2019,"['Boys Long Pant', 'Girls Long Pant', 'Ladies Long Pant']",72000.0,Medium,6,1.5555555555555556,400.0,3,0,0,0,0,0,0
Seven Seas Garments Ltd.,Woven,5.0,300.0,152,100000.0,"Shirts ,Trousers","91, Sher-E-Bangla Road, Rayer Bazar, Dhaka, Dhanmondi",Dhaka,Dhanmondi,1985,"['Shirts', 'Trousers']",1200000.0,Very Large,40,1.9736842105263157,7894.736842105263,2,0,0,0,0,0,0
Seven Star Sweater (Pvt) Ltd.,Sweater,5.0,250.0,178,30000.0,Sweaters,"38/D, Dit I/A, Postagola, Dhaka, Shampur",Dhaka,Shampur,2004,['Sweaters'],360000.0,Large,21,1.404494382022472,2022.4719101123596,1,0,0,0,0,0,0
Sewing Point BD Ltd.,Woven,1.0,2.0,192,10000.0,"Shirt ,Pant ,T-Shirt ,Polo Shirt","175, Kazi Market, Mymensingh Road, Tongi, Gazipur, Gazipur",Gazipur,Gazipur,2023,"['Shirt', 'Pant', 'T-Shirt', 'Polo Shirt']",120000.0,Large,2,0.010416666666666666,625.0,4,1,1,0,0,1,0
SF Fashion,Woven,1.0,1.0,140,200000.0,"All Bottom ,Tops And Bottom","48, 79, 193, Nayanichala, Nichatnagor, Turag, Dhaka, Dhaka",Dhaka,Dhaka,2021,"['All Bottom', 'Tops And Bottom']",2400000.0,Very Large,4,0.007142857142857143,17142.85714285714,2,0,0,0,0,0,0
SF Sweaters Ltd.,Sweater,5.0,350.0,148,36000.0,Sweaters,"South Salna, Gazipur, Salna",Gazipur,Salna,2003,['Sweaters'],432000.0,Large,22,2.364864864864865,2918.9189189189187,1,0,0,0,0,0,0
SFS Sweater,Sweater,5.0,300.0,200,1000000.0,Sweater,"Nazim Nagar, Singair Road, Hemayetpur, Dhaka, Savar",Dhaka,Savar,2015,['Sweater'],12000000.0,Very Large,10,1.5,60000.0,1,0,0,0,0,0,1
SFU Fashion,Woven,1.0,1.0,74,730000.0,"Shirt ,Pant ,T-Shirt ,Polo Shirt","380/3, (Ground & 2Nd Floor), Banasree Road, East Rampura, Dhaka, Dhaka",Dhaka,Dhaka,2023,"['Shirt', 'Pant', 'T-Shirt', 'Polo Shirt']",8760000.0,Very Large,2,0.013513513513513514,118378.37837837837,4,1,1,0,0,1,0
Sgwicus (BD) Limited,Woven,5.0,1501.0,3173,100000.0,"Suits ,Blazers ,Coats","Dhaka Export Processing Zone, Plot # 73-76, Ganakbari, Dhaka, Savar",Dhaka,Savar,1995,"['Suits', 'Blazers', 'Coats']",1200000.0,Very Large,30,0.47305389221556887,378.1909864481563,3,0,0,0,0,0,0
Shaarat Fashion Wear Ltd.,Woven,5.0,480.0,240,55000.0,"Pants ,Shorts ,Skirts","Plot # I/2, Road # 6, Section # 7, Dhaka, Mirpur",Dhaka,Mirpur,1985,"['Pants', 'Shorts', 'Skirts']",660000.0,Large,40,2.0,2750.0,3,0,0,1,0,0,0
Shabab Fabrics Ltd.,Knit,1.0,0.0,0,250000.0,"T-Shirts ,Polo Shirts","Bashil, Hazir Bazar, Mymensingh, Mymensingh",Mymensingh,Mymensingh,2020,"['T-Shirts', 'Polo Shirts']",3000000.0,Very Large,5,0.0,0.0,2,0,0,0,0,0,0
Shad Fashion Ltd.,Knit,5.0,150.0,323,70000.0,"T-Shirts ,Polo Shirts","Gorat, Zirabo, Ashulia, Dhaka, Dhaka",Dhaka,Dhaka,2014,"['T-Shirts', 'Polo Shirts']",840000.0,Large,11,0.46439628482972134,2600.6191950464395,2,0,0,0,0,0,0
Shade Fashions Int`l Ltd.,Woven,5.0,950.0,500,200000.0,"Shirts ,Shorts ,Pants","Riom Complex, 157, Berun (Jamghara), Dhaka, Savar",Dhaka,Savar,2002,"['Shirts', 'Shorts', 'Pants']",2400000.0,Very Large,23,1.9,4800.0,3,0,0,1,0,0,0
Shade Fashions Ltd.,Woven,5.0,400.0,224,120000.0,"Shirts ,Shorts ,Jackets ,Pants","Riom Complex, 157, Berun (Jamghara), Dhaka, Savar",Dhaka,Savar,2001,"['Shirts', 'Shorts', 'Jackets', 'Pants']",1440000.0,Very Large,24,1.7857142857142858,6428.571428571428,4,0,0,1,0,0,0
Shadhin Garments (Pvt.) Ltd.,Knit,5.0,550.0,450,540000.0,"Polo Shirts ,T-Shirts ,Jackets","Palli Biddut Road, Jarun, Gazipur, Konabari",Gazipur,Konabari,2007,"['Polo Shirts', 'T-Shirts', 'Jackets']",6480000.0,Very Large,18,1.2222222222222223,14400.0,3,0,0,0,0,0,0
Shafi Knit Ltd.,Woven,1.0,600.0,350,522000.0,"T-Shirts ,Polo Shirts ,Jacket ,Trouser","Natun Para, Baipail (Beside Depz-2), Ashulia, Dhaka, Dhaka",Dhaka,Dhaka,2016,"['T-Shirts', 'Polo Shirts', 'Jacket', 'Trouser']",6264000.0,Very Large,9,1.7142857142857142,17897.14285714286,4,0,0,0,1,0,0
Shafi Processing Inds. Ltd.,Knit,5.0,720.0,451,362500.0,"T-Shirts ,Polo Shirts ,Pajama Sets","Shahid Rowshan Sarak, Chandana, Gazipur, Joydevpur",Gazipur,Joydevpur,1996,"['T-Shirts', 'Polo Shirts', 'Pajama Sets']",4350000.0,Very Large,29,1.5964523281596452,9645.232815964524,3,0,0,0,0,0,0
Shagore Garments Ltd.,Woven,5.0,1500.0,819,200000.0,"Ladies Dresses ,Trousers ,Jogging Suits ,Jackets","Amir Complex (8Th & 9Th Floor), Plot # 43, Sector # 3, Dhaka, Uttara",Dhaka,Uttara,1985,"['Ladies Dresses', 'Trousers', 'Jogging Suits', 'Jackets']",2400000.0,Very Large,40,1.8315018315018314,2930.4029304029305,4,0,0,0,0,0,0
Shah Ali Knitwears,Knit,5.0,280.0,160,490000.0,"Jackets ,Pants ,T-Shirts ,Trousers","26/1, Second Colony, Mazar Road, Section # 1, Dhaka, Mirpur",Dhaka,Mirpur,2006,"['Jackets', 'Pants', 'T-Shirts', 'Trousers']",5880000.0,Very Large,19,1.75,36750.0,4,0,0,1,0,0,0
Shah Keramat Garments Ltd.,Woven,5.0,250.0,210,30000.0,"Jackets ,Pants","Vill: Khartoil, P.O: Sataish, Gazipur, Tongi",Gazipur,Tongi,1996,"['Jackets', 'Pants']",360000.0,Large,29,1.1904761904761905,1714.2857142857142,2,0,0,1,0,0,0
Shah Makhdum Garments Ltd.,Woven,5.0,350.0,264,60000.0,"Basic Shirts ,Shortalls ,Overalls ,Pants","Sharifpur, Choydana, Gazipur, National University",Gazipur,National University,1987,"['Basic Shirts', 'Shortalls', 'Overalls', 'Pants']",720000.0,Large,38,1.3257575757575757,2727.2727272727275,4,0,0,1,0,0,0
Shah Mohsen Apparels Ltd.,Knit,5.0,190.0,120,75000.0,"Jackets ,Jogging Suits ,Knit Items ,Swim Trunks","376, Dt Road, Chittagong, Kadamtali",Chittagong,Kadamtali,1998,"['Jackets', 'Jogging Suits', 'Knit Items', 'Swim Trunks']",900000.0,Large,27,1.5833333333333333,7500.0,4,0,0,0,0,0,0
Shah-Azam Textiles (Pvt.) Ltd.,Woven,5.0,250.0,200,36000.0,"Jackets ,Cargo Shorts ,Pants ,Hunting Apparels","86, Dewanhat, Chittagong","86, Dewanhat,",Chittagong,1997,"['Jackets', 'Cargo Shorts', 'Pants', 'Hunting Apparels']",432000.0,Large,28,1.25,2160.0,4,0,0,1,0,0,0
Shahchand Garments Ltd.,Knit,5.0,863.0,320,750000.0,"T-Shirts ,Polar Suits ,Under Wears","107/112, Nazrul Market, Chawk Bazar, Chittagong","107/112, Nazrul Market, Chawk Bazar",Chittagong,2005,"['T-Shirts', 'Polar Suits', 'Under Wears']",9000000.0,Very Large,20,2.696875,28125.0,3,0,0,0,0,0,0
Shahed Tex Fashion Apparels,Knit,5.0,140.0,45,60000.0,"Shirts ,Knit Garments","North Mashdair, Narayanganj, Gabtoli",Narayanganj,Gabtoli,1998,"['Shirts', 'Knit Garments']",720000.0,Large,27,3.111111111111111,16000.0,2,0,0,0,0,0,0
Sham's Knitting & Sweater Ind. Ltd.,Sweater,5.0,400.0,200,60000.0,"Sweaters ,Cardigans ,Pullovers","1677, Air Port Road, South Halisahar, Chittagong, Bandar",Chittagong,Bandar,1998,"['Sweaters', 'Cardigans', 'Pullovers']",720000.0,Large,27,2.0,3600.0,3,0,0,0,0,0,0
Shamoli Garments Ltd.,Knit,5.0,1835.0,674,350000.0,"T-Shirts ,Polo Shirts ,Tank Tops","13/1, Ring Road, Dhaka, Shamoli",Dhaka,Shamoli,1986,"['T-Shirts', 'Polo Shirts', 'Tank Tops']",4200000.0,Very Large,39,2.722551928783383,6231.454005934718,3,0,0,0,0,0,0
Shampa Garments Ltd.,Woven,5.0,400.0,190,50000.0,"Shirts ,Jackets ,Pants ,Trousers","B-193, Bscic I/E, Gazipur, Tongi",Gazipur,Tongi,2008,"['Shirts', 'Jackets', 'Pants', 'Trousers']",600000.0,Large,17,2.1052631578947367,3157.8947368421054,4,0,0,1,0,0,0
Shamrin Tex Ltd.,Woven,5.0,828.0,484,124800.0,"Trousers ,Shorts ,Pants","62, Kathgora, Bishmail, Zirabo Road, Ashulia, Dhaka, Savar",Dhaka,Savar,2006,"['Trousers', 'Shorts', 'Pants']",1497600.0,Very Large,19,1.7107438016528926,3094.214876033058,3,0,0,1,0,0,0
Shamroz Garments (Pvt.) Ltd,Knit,5.0,436.0,282,444000.0,"Shirts ,Ladies Shirts ,Trousers ,Jackets","Plot # 41-42 & 56-57, Road # 1, Bscic I/A, Chittagong, Kalurghat",Chittagong,Kalurghat,1993,"['Shirts', 'Ladies Shirts', 'Trousers', 'Jackets']",5328000.0,Very Large,32,1.5460992907801419,18893.617021276597,4,0,0,0,0,0,0
Shams Designs Ltd.,Woven,1.0,940.0,515,300000.0,"Blazer ,Pant ,Jacket ,Overall","E-13, Lutfun Tower, Middle Badda, Badda, Dhaka, Dhaka",Dhaka,Dhaka,2016,"['Blazer', 'Pant', 'Jacket', 'Overall']",3600000.0,Very Large,9,1.825242718446602,6990.291262135922,4,0,0,0,1,0,0
Shams Jacquard Ltd.,Sweater,5.0,2.0,10,1500000.0,Sweater,"House # 13, Road # 03, Ward # 01, Khaertack, Kamarpara, Dhaka, Turag",Dhaka,Turag,2015,['Sweater'],18000000.0,Very Large,10,0.2,1800000.0,1,0,0,0,0,0,1
Shams Styling Wears Ltd.,Woven,5.0,3748.0,500,100000.0,"Jackets ,Shorts ,Pants ,Trouser","South Shyampur, Baghbari, Hemayetpur, Dhaka, Dhaka",Dhaka,Dhaka,2006,"['Jackets', 'Shorts', 'Pants', 'Trouser']",1200000.0,Very Large,19,7.496,2400.0,4,0,0,1,0,0,0
Shamser Knit Fashions Ltd.,Knit,5.0,600.0,350,300000.0,"T-Shirts ,Polo Shirts ,Tank Tops","Sreepur Stand, Ganakbari, Ashulia, Dhaka, Savar",Dhaka,Savar,2010,"['T-Shirts', 'Polo Shirts', 'Tank Tops']",3600000.0,Very Large,15,1.7142857142857142,10285.714285714286,3,0,0,0,0,0,0
Shamsher Apparels Ltd.,Knit,5.0,588.0,234,93000.0,"Ladies Blouses ,Payjama ,Ladies Shorts ,Gown","14, South C/A (5Th Floor), Dhaka, Gulshan-1",Dhaka,Gulshan-1,1999,"['Ladies Blouses', 'Payjama', 'Ladies Shorts', 'Gown']",1116000.0,Very Large,26,2.5128205128205128,4769.2307692307695,4,0,0,0,0,0,0
Shamsher Rezia Fashions Ltd.,Knit,5.0,412.0,166,72000.0,"Ladies Blouses ,Pajama Sets ,Gown ,Ladies Pants","Cha-72/1/C, Progati Swarani, North Badda, Dhaka, Badda",Dhaka,Badda,2006,"['Ladies Blouses', 'Pajama Sets', 'Gown', 'Ladies Pants']",864000.0,Large,19,2.4819277108433737,5204.819277108434,4,0,0,0,0,0,0
Shanghai Apparel Ltd.,Woven,5.0,240.0,180,140000.0,"Shirts ,Skirts ,Pants ,Trousers","191/1 South Bishil, Shamser Super Market, (3Rd Floor), Section # 1, Dhaka, Mirpur",Dhaka,Mirpur,1993,"['Shirts', 'Skirts', 'Pants', 'Trousers']",1680000.0,Very Large,32,1.3333333333333333,9333.333333333334,4,0,0,1,0,0,0
Shanghai Fashion Ltd.,Woven,5.0,240.0,180,140000.0,"Shirts ,Skirts ,Pants","Shamser Super Market (4Th Floor), 191/1, South Bishil, Sec # 1, Dhaka, Mirpur",Dhaka,Mirpur,1995,"['Shirts', 'Skirts', 'Pants']",1680000.0,Very Large,30,1.3333333333333333,9333.333333333334,3,0,0,1,0,0,0
Shangu Tex Ltd.,Woven,5.0,704.0,256,10000000.0,"Shirts ,Blouses ,Pants","East Side 3Rd & 4Th Floor, Dushaid, Ashulia, Savar, Dhaka, Dhaka, Dhaka",Dhaka,Dhaka,2001,"['Shirts', 'Blouses', 'Pants']",120000000.0,Very Large,24,2.75,468750.0,3,0,0,1,0,0,0
Shangu Tex Ltd.-2,Woven,5.0,1833.0,900,345000.0,"Shirts ,Blouses","Dushaid, Ashulia, Dhaka, Savar",Dhaka,Savar,2008,"['Shirts', 'Blouses']",4140000.0,Very Large,17,2.0366666666666666,4600.0,2,0,0,0,0,0,0
Shanila Fashion Ltd.,Woven,5.0,762.0,309,150000.0,Pants,"Lutfon Tower (2Nd & 3Rd Fl), E-13, Middle Badda, Dhaka, Badda",Dhaka,Badda,2012,['Pants'],1800000.0,Very Large,13,2.466019417475728,5825.242718446602,1,0,0,1,0,0,0
Shanon Sweaters Ltd.,Sweater,5.0,800.0,510,60000.0,"Sweaters ,Pullovers ,Cardigans","Holding # 92,, Nawzor, Codda Bazar, Gazipur, Joydevpur",Gazipur,Joydevpur,2004,"['Sweaters', 'Pullovers', 'Cardigans']",720000.0,Large,21,1.5686274509803921,1411.764705882353,3,0,0,0,0,0,0
Shanta Apparel Ltd.,Woven,5.0,502.0,309,60000.0,"Shortalls ,Pants ,Shorts","31, Gulshan Avenue, Circle # 1, Dhaka, Gulshan",Dhaka,Gulshan,1994,"['Shortalls', 'Pants', 'Shorts']",720000.0,Large,31,1.6245954692556634,2330.097087378641,3,0,0,1,0,0,0
Shanta Denims Ltd.,Woven,5.0,500.0,366,0.0,"Shirts ,Pants ,Dresses ,Overalls","Plot # 156 & 177, Depz, Ganakbari, Savar, Dhaka, Dhaka",Dhaka,Dhaka,2006,"['Shirts', 'Pants', 'Dresses', 'Overalls']",0.0,,19,1.366120218579235,0.0,4,0,0,1,0,0,0
Shanta Expressions Ltd.,Knit,5.0,1612.0,712,14400000.0,"T-Shirts ,Polo Shirts","Kakil Shataish, Mudafa, Badam Road, Gazipur, Tongi",Gazipur,Tongi,2014,"['T-Shirts', 'Polo Shirts']",172800000.0,Very Large,11,2.264044943820225,242696.62921348316,2,0,0,0,0,0,0
Shanta Garments Ltd.,Woven,5.0,1222.0,744,300000.0,"Shortalls ,Pants ,Shorts","43, Shahkabir Mazar Road, Chalabon, Dhakin Khan, Dhaka, Uttara",Dhaka,Uttara,1985,"['Shortalls', 'Pants', 'Shorts']",3600000.0,Very Large,40,1.64247311827957,4838.709677419355,3,0,0,1,0,0,0
Shanta Industries Ltd.,Woven,5.0,1530.0,735,390000.0,"Shirts ,Pants ,Shortalls","Plot # 198-201/220-223, Depz, Ganakbari, Savar, Dhaka, Dhaka",Dhaka,Dhaka,1998,"['Shirts', 'Pants', 'Shortalls']",4680000.0,Very Large,27,2.0816326530612246,6367.34693877551,3,0,0,1,0,0,0
Shanto-Mariam Fashions Ltd.,Sweater,5.0,1300.0,750,175000.0,Sweaters,"Plot # 135, 167/176 Kalma, Dhaka, Savar",Dhaka,Savar,2004,['Sweaters'],2100000.0,Very Large,21,1.7333333333333334,2800.0,1,0,0,0,0,0,0
Sharaf Apparels Ltd.,Woven,5.0,1200.0,1000,25000.0,"Sharts ,Pants","Narashinghapur, Ashulia, Dhaka, Savar",Dhaka,Savar,2013,"['Sharts', 'Pants']",300000.0,Large,12,1.2,300.0,2,0,0,1,0,0,0
Sharaka Industries Ltd.,Woven,5.0,426.0,200,75000.0,"Shirts ,Blouses ,Pants","16, Senpara Parabata, Anower Mansion, Dhaka, Mirpur",Dhaka,Mirpur,1985,"['Shirts', 'Blouses', 'Pants']",900000.0,Large,40,2.13,4500.0,3,0,0,1,0,0,0
Sharif Fabrics Ltd.,Knit,5.0,275.0,110,40000.0,"T-Shirts ,Fleece Jackets ,Trousers","Plot # 64/65, Bscic I/A, Chittagong, Kalurghat",Chittagong,Kalurghat,1996,"['T-Shirts', 'Fleece Jackets', 'Trousers']",480000.0,Large,29,2.5,4363.636363636364,3,0,0,0,0,0,0
Sharmin Apparels Ltd.,Woven,5.0,750.0,550,130000.0,"Shortalls ,Jackets ,Trousers ,Skirts","Narashinghapur, Dhaka, Savar",Dhaka,Savar,2003,"['Shortalls', 'Jackets', 'Trousers', 'Skirts']",1560000.0,Very Large,22,1.3636363636363635,2836.3636363636365,4,0,0,0,0,0,0
Sharmin Fashions Ltd.,Woven,5.0,1812.0,647,400000.0,"Jackets ,Trousers ,Overalls ,Skirts","Narashinghapur, Dhaka, Savar",Dhaka,Savar,2006,"['Jackets', 'Trousers', 'Overalls', 'Skirts']",4800000.0,Very Large,19,2.8006182380216385,7418.8562596599695,4,0,0,0,0,0,0
Sharoj Garments Ltd.,Woven,5.0,595.0,308,200000.0,"Shirts ,Shorts ,Trousers ,Dress","Sharoj Tower, Plot # M-4/2, Section # 14, Dhaka, B. Baria",Dhaka,B. Baria,1999,"['Shirts', 'Shorts', 'Trousers', 'Dress']",2400000.0,Very Large,26,1.9318181818181819,7792.207792207792,4,0,0,0,0,0,0
Sharon Chou Apparels Ltd.,Knit,5.0,140.0,82,120000.0,"T-Shirts ,Polo Shirts ,Panties","1248/1348, Rajakhali, Bakalia, Chittagong","1248/1348, Rajakhali, Bakalia",Chittagong,2007,"['T-Shirts', 'Polo Shirts', 'Panties']",1440000.0,Very Large,18,1.7073170731707317,17560.975609756097,3,0,0,0,0,0,0
Sharpe Knitting & Dyeing Ltd.,Woven,5.0,0.0,246,0.0,"Woven ,Knit","123, Pagar, Gazipur, Tongi",Gazipur,Tongi,1998,"['Woven', 'Knit']",0.0,,27,0.0,0.0,2,0,0,0,0,0,0
Shasha Garments Ltd.,Woven,5.0,500.0,215,140000.0,Shirts,"Hashem Plaza (4Th Floor), Ganak Bari, Dhaka, Savar",Dhaka,Savar,1992,['Shirts'],1680000.0,Very Large,33,2.3255813953488373,7813.953488372093,1,0,0,0,0,0,0
Shawn Associate Ltd.,Woven,5.0,300.0,150,20000.0,"Jackets ,Trousers ,Sports Wears","103, Dhaka Mymenshing Road, Section # 7, Dhaka, Uttara",Dhaka,Uttara,1993,"['Jackets', 'Trousers', 'Sports Wears']",240000.0,Large,32,2.0,1600.0,3,0,0,0,0,0,0
Shawon Fashion Ltd.,Knit,5.0,250.0,67,1500000.0,"T-Shirts ,Polo Shirts","124, Darail, Sataish, Gazipur, Tongi",Gazipur,Tongi,2014,"['T-Shirts', 'Polo Shirts']",18000000.0,Very Large,11,3.7313432835820897,268656.7164179105,2,0,0,0,0,0,0
Shaya Apparels Ltd.,Knit,5.0,420.0,172,150000.0,"T-Shirts ,Polo Shirts ,Legging","Hatem Ali Complex, Hemayetpur (Singair Road), Dhaka, Savar",Dhaka,Savar,2008,"['T-Shirts', 'Polo Shirts', 'Legging']",1800000.0,Very Large,17,2.441860465116279,10465.116279069767,3,0,0,0,0,0,0
SHB Garments Ltd.,Knit,5.0,250.0,450,80000.0,"Shirts ,Pants","406/B, Khilgaon Chowdhury Para, Dhaka, Malibagh",Dhaka,Malibagh,2001,"['Shirts', 'Pants']",960000.0,Large,24,0.5555555555555556,2133.3333333333335,2,0,0,1,0,0,0
She And He Apparels Ltd.,Woven,5.0,300.0,160,30000.0,"Shirts ,Jackets ,Trousers","22, Sekandar Market, Dhaka, Uttara",Dhaka,Uttara,1994,"['Shirts', 'Jackets', 'Trousers']",360000.0,Large,31,1.875,2250.0,3,0,0,0,0,0,0
Sheema Fashion,Woven,1.0,0.0,500,0.0,Unknown,"C-178, 179 & 180, (228/7, Sarkar Market), Digir Chala, Eata Hata, Word # 16, Joydebpur, Gazipur, Bangladesh, Gazipur, Gazipur",Gazipur,Gazipur,2018,[],0.0,,7,0.0,0.0,0,0,0,0,0,0,0
Sheffield Ltd.,Woven,5.0,219.0,205,40000.0,"Shirts ,Pants","7 & 8, A.C. Roy Road, Armanitola, Dhaka, Old Dhaka",Dhaka,Old Dhaka,1992,"['Shirts', 'Pants']",480000.0,Large,33,1.0682926829268293,2341.4634146341464,2,0,0,1,0,0,0
Sheikh Knittex Sweater,Sweater,5.0,40.0,65,12000.0,Sweater,"Kadir Tower, Holding # 19/1, Ward # 17, Mogorkhal, Gazipur, Gazipur",Gazipur,Gazipur,2015,['Sweater'],144000.0,Large,10,0.6153846153846154,2215.3846153846152,1,0,0,0,0,0,1
Shelter Garments (Pvt) Ltd.,Woven,5.0,382.0,195,150000.0,"Shirts ,Pants","House # 14, Road # 04, Block # B, Chand Uddan, Dhaka, Mohammadpur",Dhaka,Mohammadpur,2014,"['Shirts', 'Pants']",1800000.0,Very Large,11,1.958974358974359,9230.76923076923,2,0,0,1,0,0,0
Shet Land Fabrics Ltd.,Knit,5.0,150.0,86,240000.0,"T-Shirts ,Briefs ,Panties","656, Nesaria Madrasha Road, Abdul Ali Nagar, Chittagong, North Pahartoli",Chittagong,North Pahartoli,2000,"['T-Shirts', 'Briefs', 'Panties']",2880000.0,Very Large,25,1.744186046511628,33488.37209302326,3,0,0,0,0,0,0
Shezads Designwear Ltd.,Sweater,5.0,986.0,800,100000.0,"Sweaters ,Pullovers ,Cardigans","Telirchala, Mouchak, Gazipur, Kaliakoir",Gazipur,Kaliakoir,2007,"['Sweaters', 'Pullovers', 'Cardigans']",1200000.0,Very Large,18,1.2325,1500.0,3,0,0,0,0,0,0
Shezads Limited (Unit-II),Sweater,5.0,498.0,328,50000.0,"Sweaters ,Pullovers ,Cardigans","Telirchala, Mouchak, Gazipur, Kaliakoir",Gazipur,Kaliakoir,1998,"['Sweaters', 'Pullovers', 'Cardigans']",600000.0,Large,27,1.5182926829268293,1829.2682926829268,3,0,0,0,0,0,0
Shezads Ltd.,Sweater,5.0,491.0,375,50000.0,"Sweaters ,Pullovers ,Cardigans","Telirchala, Mouchak, Gazipur, Kaliakoir",Gazipur,Kaliakoir,1994,"['Sweaters', 'Pullovers', 'Cardigans']",600000.0,Large,31,1.3093333333333332,1600.0,3,0,0,0,0,0,0
Shifa Apparels (Pvt.) Ltd.,Woven,5.0,260.0,153,45000.0,"Pants ,Shortalls ,Jackets ,Overalls","Misco Super Market, 4, Darussalam Road, Section -1, Dhaka, Mirpur",Dhaka,Mirpur,1992,"['Pants', 'Shortalls', 'Jackets', 'Overalls']",540000.0,Large,33,1.6993464052287581,3529.4117647058824,4,0,0,1,0,0,0
Shin Shin Apparels Ltd.,Woven,5.0,1450.0,912,520000.0,"Long Pants ,Trousers ,Ladies Pants ,School Uniform","Dag # R.S. - 228, J.L.# 73, Gorat, East Norshinghpur, Zirabo, Dhaka, Savar",Dhaka,Savar,2006,"['Long Pants', 'Trousers', 'Ladies Pants', 'School Uniform']",6240000.0,Very Large,19,1.5899122807017543,6842.105263157895,4,0,0,0,0,0,0
Shikha Garments Ltd.,Woven,5.0,185.0,115,20000.0,"Jackets ,Jogging Suits ,Pants","Fatema Complex, Ford Nagar, Singair, Manikganj, Singair",Manikganj,Singair,1992,"['Jackets', 'Jogging Suits', 'Pants']",240000.0,Large,33,1.608695652173913,2086.9565217391305,3,0,0,1,0,0,0
Shin Shin Apparels Ltd.,Woven,5.0,1450.0,912,520000.0,"Long Pants ,Trousers ,Ladies Pants ,School Uniform","Dag # R.S. - 228, J.L.# 73, Gorat, East Norshinghpur, Zirabo, Dhaka, Savar",Dhaka,Savar,2006,"['Long Pants', 'Trousers', 'Ladies Pants', 'School Uniform']",6240000.0,Very Large,19,1.5899122807017543,6842.105263157895,4,0,0,0,0,0,0
Shinepukur Garments Ltd.,Unknown,,100.0,357,0.0,"Shirt ,Pants ,T-Shirt ,Polo Shirt","Sarabo, Kashimpur, Gazipur, Gazipur",Gazipur,Gazipur,1,"['Shirt', 'Pants', 'T-Shirt', 'Polo Shirt']",0.0,,2024,0.2801120448179272,0.0,4,1,1,1,0,1,0
Shinest Apparels Ltd.,Woven,5.0,500.0,300,260000.0,"Shirts ,Jackets ,Pants","217/1, Beribadh, Dhaka, Mohammadpur",Dhaka,Mohammadpur,2000,"['Shirts', 'Jackets', 'Pants']",3120000.0,Very Large,25,1.6666666666666667,10400.0,3,0,0,1,0,0,0
Shipra Fashion Ltd.,Woven,1.0,560.0,335,90000.0,"Shirt ,Pant ,T-shirt ,Polo Shirt","Shailat, Nizmawna, Sreepur, Gazipur, Gazipur",Gazipur,Gazipur,2022,"['Shirt', 'Pant', 'T-shirt', 'Polo Shirt']",1080000.0,Very Large,3,1.671641791044776,3223.8805970149256,4,0,1,0,0,1,0
Shireen Apparels Ltd.,Woven,5.0,170.0,110,36000.0,"Jackets ,Dresses ,Pants","Sarulia, Dhaka, Demra",Dhaka,Demra,1999,"['Jackets', 'Dresses', 'Pants']",432000.0,Large,26,1.5454545454545454,3927.2727272727275,3,0,0,1,0,0,0
Shirin Apparels Ltd.,Woven,5.0,200.0,100,60000.0,"Shirts ,Blouses ,Trousers ,Pajama Sets","1/1, Ring Road, Dhaka, Shamoli",Dhaka,Shamoli,1999,"['Shirts', 'Blouses', 'Trousers', 'Pajama Sets']",720000.0,Large,26,2.0,7200.0,4,0,0,0,0,0,0
Shirt & Jacket Zone Ltd.,Woven,1.0,1512.0,0,0.0,"shirt ,Pant ,Jacket ,Trouser","Gobindapur, Ujampur, Uttarkhan, Dhaka, Dhaka",Dhaka,Dhaka,2021,"['shirt', 'Pant', 'Jacket', 'Trouser']",0.0,,4,0.0,0.0,4,0,0,0,1,0,0
Shirt Makers Ltd.,Woven,5.0,940.0,684,150000.0,"Shirts ,Pants ,Sweaters","Kaptai Raster Matha, Kalurghat I/A, Chittagong, Chandgaon",Chittagong,Chandgaon,1992,"['Shirts', 'Pants', 'Sweaters']",1800000.0,Very Large,33,1.3742690058479532,2631.5789473684213,3,0,0,1,0,0,0
Shishir Knitting & Dyeing Ltd.,Knit,5.0,153.0,150,6250000.0,"Shirts ,Pants ,T-Shirts ,Polo Shirts","196, Kazi Jashim Uddin Road, Pagar, Gazipur, Tongi",Gazipur,Tongi,2015,"['Shirts', 'Pants', 'T-Shirts', 'Polo Shirts']",75000000.0,Very Large,10,1.02,500000.0,4,0,0,1,0,0,0
Shore To Shore Textiles Ltd.,Knit,5.0,119.0,240,3000000.0,"T-Shirts ,Polo Shirts","Plot # 224-233, Adamjee Epz, Narayanganj, Siddirgonj",Narayanganj,Siddirgonj,2012,"['T-Shirts', 'Polo Shirts']",36000000.0,Very Large,13,0.49583333333333335,150000.0,2,0,0,0,0,0,0
Shovon Knitwear Ltd.,Knit,5.0,850.0,816,1000000.0,"T-Shirts ,Pants","West Masdair, Narayanganj, Fatullah",Narayanganj,Fatullah,2013,"['T-Shirts', 'Pants']",12000000.0,Very Large,12,1.0416666666666667,14705.882352941177,2,0,0,1,0,0,0
Shovon Silk & Knitting Mills (Pvt) Ltd.,Knit,5.0,1000.0,300,500000.0,"T-Shirts ,Polo Shirts ,Trousers ,Pants","West Masdair, Narayanganj, Fatullah",Narayanganj,Fatullah,1992,"['T-Shirts', 'Polo Shirts', 'Trousers', 'Pants']",6000000.0,Very Large,33,3.3333333333333335,20000.0,4,0,0,1,0,0,0
Shrabony Knitwear Ltd.,Unknown,,100.0,500,700000.0,"T-Shirts ,Polo Shirts ,Jacket ,Trouser","Kathgora, Zirabo, Ashulia, Dhaka-1341, Dhaka, Dhaka",Dhaka,Dhaka,2008,"['T-Shirts', 'Polo Shirts', 'Jacket', 'Trouser']",8400000.0,Very Large,17,0.2,16800.0,4,0,0,0,1,0,0
Shristy Fashion Ltd.,Knit,5.0,240.0,97,140000.0,"T-Shirts ,Polo Shirts","Hariharpara (Gafur Super Complex), Enayetnagar, Narayanganj, Fatullah",Narayanganj,Fatullah,2014,"['T-Shirts', 'Polo Shirts']",1680000.0,Very Large,11,2.4742268041237114,17319.58762886598,2,0,0,0,0,0,0
Shyms Fashions Ltd.,Woven,5.0,800.0,550,72000.0,"Jackets ,Pants ,Jogging Suits ,Trousers","83, Nasirabad I/A, Baizid Bostami Road, Chittagong, Panchlaish",Chittagong,Panchlaish,1992,"['Jackets', 'Pants', 'Jogging Suits', 'Trousers']",864000.0,Large,33,1.4545454545454546,1570.909090909091,4,0,0,1,0,0,0
Siam's Superior Ltd.,Woven,5.0,3555.0,1500,700000.0,"Jackets ,Trousers ,Shorts","Plot # 6 - 8, Sector # 1, Chittagong, Cepz",Chittagong,Cepz,1984,"['Jackets', 'Trousers', 'Shorts']",8400000.0,Very Large,41,2.37,5600.0,3,0,0,0,0,0,0
Sicily Garments Ltd.,Woven,5.0,2500.0,1100,195000.0,"Jackets ,Pants ,Skirts ,Shorts","54/8, West Madartek, Dhaka, Jatrabari",Dhaka,Jatrabari,1998,"['Jackets', 'Pants', 'Skirts', 'Shorts']",2340000.0,Very Large,27,2.272727272727273,2127.2727272727275,4,0,0,1,0,0,0
Sidko Apparels Ltd.,Woven,5.0,170.0,82,36000.0,Shirts,"Plot # 36, Road # 46, Gulshan North C/A, Dhaka, Gulshan",Dhaka,Gulshan,1997,['Shirts'],432000.0,Large,28,2.073170731707317,5268.292682926829,1,0,0,0,0,0,0
Sidko Ltd. (Garments Division),Woven,5.0,455.0,186,72000.0,"Shirts ,Ladies Blouses ,Trousers, Shorts","Plot # 36, Road # 46, Gulshan North C/A, Dhaka, Gulshan",Dhaka,Gulshan,1985,"['Shirts', 'Ladies Blouses', 'Trousers', 'Shorts']",864000.0,Large,40,2.446236559139785,4645.1612903225805,4,0,0,0,0,0,0
Sidma Fashion (Pvt) Ltd.,Woven,5.0,324.0,142,50000.0,"Shirts ,Blouses ,Jackets","Jan Super Market (3Rd Floor), 524, D.T. Road, Chittagong, Kotawali",Chittagong,Kotawali,1997,"['Shirts', 'Blouses', 'Jackets']",600000.0,Large,28,2.2816901408450705,4225.352112676056,3,0,0,0,0,0,0
Sienkee Apparels Ltd.,Knit,5.0,500.0,185,293000.0,"Sweat Shirts ,Trousers ,Jackets ,Bermuda","Barial, Chandona Chowrasta, Gazipur, Joydevpur",Gazipur,Joydevpur,2009,"['Sweat Shirts', 'Trousers', 'Jackets', 'Bermuda']",3516000.0,Very Large,16,2.7027027027027026,19005.405405405407,4,0,0,0,0,0,0
Sienkee Garments Ltd.,Knit,5.0,1200.0,470,356000.0,"Shirts ,Pants ,T-Shirts ,Polo Shirts","House # 31 (4Th Floor), Road # 29, Sector # 7, Dhaka, Uttara",Dhaka,Uttara,2011,"['Shirts', 'Pants', 'T-Shirts', 'Polo Shirts']",4272000.0,Very Large,14,2.5531914893617023,9089.36170212766,4,0,0,1,0,0,0
Sigma Fashions Ltd.,Woven,5.0,920.0,500,280800.0,"Trousers ,Pants ,Cargo","Dhonaid, Tajpur Road, Norsinghopur, Ashulia, Dhaka, Savar",Dhaka,Savar,2009,"['Trousers', 'Pants', 'Cargo']",3369600.0,Very Large,16,1.84,6739.2,3,0,0,1,0,0,0
Sigma Garments Industries Ltd.,Woven,5.0,225.0,150,50000.0,"Shirts ,Boxer Shorts ,Night Wears","40, Agrabad C/A, (3Rd Floor), Chittagong","40, Agrabad C/A, (3Rd Floor)",Chittagong,1992,"['Shirts', 'Boxer Shorts', 'Night Wears']",600000.0,Large,33,1.5,4000.0,3,0,0,0,0,0,0
Siji Garments Co. Ltd.,Woven,5.0,1615.0,690,216750.0,"Shirts ,Pants","S.A Plot # 47, Teknog Para, Chodhona, Dhaka, Sreepur",Dhaka,Sreepur,2014,"['Shirts', 'Pants']",2601000.0,Very Large,11,2.3405797101449277,3769.5652173913045,2,0,0,1,0,0,0
Sikder Apparel Hosiery Ltd.,Knit,5.0,600.0,432,300000.0,"T-Shirts ,Polo Shirts ,Kids Item","342/343, Khadun, Tarabo, Narayanganj, Rupganj",Narayanganj,Rupganj,1993,"['T-Shirts', 'Polo Shirts', 'Kids Item']",3600000.0,Very Large,32,1.3888888888888888,8333.333333333334,3,0,0,0,0,0,0
Sikder Classic Dyeing & Knitting (Pvt.) Ltd.,Knit,5.0,997.0,550,500000.0,"T-Shirts ,Polo Shirts","342/343, Khadun, Tarabo, Narayanganj, Rupganj",Narayanganj,Rupganj,2010,"['T-Shirts', 'Polo Shirts']",6000000.0,Very Large,15,1.8127272727272727,10909.09090909091,2,0,0,0,0,0,0
Silk Way Fashions Ltd.,Woven,5.0,130.0,90,50000.0,"Shirts ,Ladies Dresses ,Shorts","14, Boxirhat (Musa Brothes), Hajee S. Ullah Showdagari, Chittagong","14, Boxirhat (Musa Brothes), Hajee S. Ullah Showdagari",Chittagong,1997,"['Shirts', 'Ladies Dresses', 'Shorts']",600000.0,Large,28,1.4444444444444444,6666.666666666667,3,0,0,0,0,0,0
Silken Sewing Ltd.,Knit,5.0,501.0,161,312000.0,"T-Shirts ,Polo Shirts","Baniar Chala, Gazipur, Vabanipur",Gazipur,Vabanipur,2010,"['T-Shirts', 'Polo Shirts']",3744000.0,Very Large,15,3.111801242236025,23254.658385093167,2,0,0,0,0,0,0
Silver Apparels Ltd.,Unknown,,0.0,0,140000.0,"T-Shirts ,Polo Shirts","Zirabo, Ashulia, Dhaka, Dhaka",Dhaka,Dhaka,2017,"['T-Shirts', 'Polo Shirts']",1680000.0,Very Large,8,0.0,0.0,2,0,0,0,0,0,0
Silver Composits Textile Mills Ltd.,Woven,5.0,300.0,830,1350000.0,"Shirts ,Pants","B.K Bari, Taltoly, Monipur, Mirzapur Bazar, Gazipur, Gazipur Sadar",Gazipur,Gazipur Sadar,2013,"['Shirts', 'Pants']",16200000.0,Very Large,12,0.3614457831325301,19518.072289156626,2,0,0,1,0,0,0
SILVER GALLERY LTD.,Unknown,,0.0,471,0.0,"Polo shirts ,T-shirts ,Jackets ,Trousers","Plot #-105, Gazirchat (North), Alia Madrasha Road, Ashulia, Dhaka., Dhaka, Dhaka",Dhaka,Dhaka,2019,"['Polo shirts', 'T-shirts', 'Jackets', 'Trousers']",0.0,,6,0.0,0.0,4,0,0,0,0,0,0
Silverene Apparels Ltd.,Knit,5.0,250.0,160,260000.0,"Pants ,T-Shirts ,Polo Shirts","1372, D.T. Road, Chittagong, Dhaniala Para",Chittagong,Dhaniala Para,1995,"['Pants', 'T-Shirts', 'Polo Shirts']",3120000.0,Very Large,30,1.5625,19500.0,3,0,0,1,0,0,0
Silverline Apparels Ltd.,Woven,1.0,150.0,145,600000.0,"Shirt ,Pant ,Jacket ,T-Shirt","A-1019, Raribari, Bhatpara Road, Kathalbagan, Savar, Dhaka, Dhaka",Dhaka,Dhaka,2021,"['Shirt', 'Pant', 'Jacket', 'T-Shirt']",7200000.0,Very Large,4,1.0344827586206897,49655.1724137931,4,1,1,0,1,0,0
SIM Apparels Ltd.,Woven,5.0,550.0,350,80000.0,"Shirts ,Pants ,Jackets ,Trousers","Takurbari, Masudabad, Vulta, Narayanganj, Rupganj",Narayanganj,Rupganj,2011,"['Shirts', 'Pants', 'Jackets', 'Trousers']",960000.0,Large,14,1.5714285714285714,2742.8571428571427,4,0,0,1,0,0,0
Simba Fashions Ltd.,Woven,5.0,990.0,627,250000.0,Bottom Items,"Plot # Ssfb-3, Narayanganj, Adamjee Epz",Narayanganj,Adamjee Epz,2011,['Bottom Items'],3000000.0,Very Large,14,1.5789473684210527,4784.688995215311,1,0,0,0,0,0,0
Simco Dresses Ltd.,Woven,5.0,825.0,425,144000.0,"Payjama Sets ,Shorts ,Robe ,Pants","43, Cholabon, Azimpur, Dhaka, Uttara",Dhaka,Uttara,1999,"['Payjama Sets', 'Shorts', 'Robe', 'Pants']",1728000.0,Very Large,26,1.9411764705882353,4065.8823529411766,4,0,0,1,0,0,0
Simco Fashions Ltd.,Woven,5.0,450.0,230,84000.0,"Fashionwear ,Jackets ,Trousers","24/Ka, Shahid Minar Road (1St & 2Nd Fl), Kallyanpur, Dhaka, Mirpur",Dhaka,Mirpur,1992,"['Fashionwear', 'Jackets', 'Trousers']",1008000.0,Very Large,33,1.9565217391304348,4382.608695652174,3,0,0,0,0,0,0
Simftex Apparel & Washing Ltd.,Woven,5.0,800.0,710,320000.0,"Shirts ,Pants","Bhabanipur, Gazipur, Gazipur Sadar",Gazipur,Gazipur Sadar,2014,"['Shirts', 'Pants']",3840000.0,Very Large,11,1.1267605633802817,5408.450704225352,2,0,0,1,0,0,0
Simple Design Ltd.,Knit,5.0,302.0,207,40000000.0,"Shirts ,Pants ,T-shirts ,Polo Shirts","M.M. Plaza, Zirani Bazar, Bksp, Ashulia, Dhaka, Savar",Dhaka,Savar,2016,"['Shirts', 'Pants', 'T-shirts', 'Polo Shirts']",480000000.0,Very Large,9,1.458937198067633,2318840.579710145,4,0,0,1,0,0,0
Sincere Garments Ltd.,Knit,5.0,295.0,245,36000.0,"Men's Shirts ,Ladies Shirts ,Pants","62, Siddeshwari Circular Road, Dhaka, Mogbazar",Dhaka,Mogbazar,1985,"['Mens Shirts', 'Ladies Shirts', 'Pants']",432000.0,Large,40,1.2040816326530612,1763.265306122449,3,0,0,1,0,0,0
Sincere Knit Garments Ltd.,Knit,5.0,150.0,240,120000.0,"T-Shirts ,Polo Shirts","East Isdair, Chandmari, Narayanganj, Fatullah",Narayanganj,Fatullah,2012,"['T-Shirts', 'Polo Shirts']",1440000.0,Very Large,13,0.625,6000.0,2,0,0,0,0,0,0
Sinha Denimwear Ltd.,Woven,5.0,2000.0,2916,400000.0,"Shirts ,Blouses ,Jackets ,Trousers","Kanchpur, Naraynaganj, Sonargaon",Naraynaganj,Sonargaon,2007,"['Shirts', 'Blouses', 'Jackets', 'Trousers']",4800000.0,Very Large,18,0.6858710562414266,1646.0905349794239,4,0,0,0,0,0,0
Sinha Designers Ltd.,Woven,5.0,960.0,330,200000.0,"Blouse ,Jackets ,Trousers ,Skirts","Kanchpur, Narayanganj, Sonargoan",Narayanganj,Sonargoan,2006,"['Blouse', 'Jackets', 'Trousers', 'Skirts']",2400000.0,Very Large,19,2.909090909090909,7272.727272727273,4,0,0,0,0,0,0
Sinha Fabrics Ltd.,Sweater,5.0,559.0,778,138700.0,Cardigans,"96/1/D, Pragati Sarani, Joarshahara, Kuril, Dhaka","96/1/D, Pragati Sarani, Joarshahara, Kuril",Dhaka,1997,['Cardigans'],1664400.0,Very Large,28,0.718508997429306,2139.331619537275,1,0,0,0,0,0,0
Sinha Fashions Ltd.,Knit,5.0,1315.0,470,220000.0,"Shirts ,Uniforms ,Trousers ,Dresses","Norsinghapur, Yarpur Union, Ashulia, Dhaka, Savar",Dhaka,Savar,1993,"['Shirts', 'Uniforms', 'Trousers', 'Dresses']",2640000.0,Very Large,32,2.797872340425532,5617.021276595745,4,0,0,0,0,0,0
Sinha Inds. Ltd.,Woven,5.0,350.0,213,200000.0,"Blouses ,Dresses ,Rompers","Na, Dhaka","Na,",Dhaka,2000,"['Blouses', 'Dresses', 'Rompers']",2400000.0,Very Large,25,1.6431924882629108,11267.605633802817,3,0,0,0,0,0,0
Sinha Knit and Denims Ltd.,Woven,5.0,370.0,260,633333.0,"Shirts ,Pants","Plot # 102, Tanguri, Bksp, Ashulia, Dhaka, Dhaka",Dhaka,Dhaka,2016,"['Shirts', 'Pants']",7599996.0,Very Large,9,1.4230769230769231,29230.753846153846,2,0,0,1,0,0,0
Sinha Knit Inds. Ltd.,Sweater,5.0,800.0,853,74000.0,"Sweaters ,Pullovers ,Cardigans","Chamur Khan, Uttar Khan, Dhaka, Dhaka",Dhaka,Dhaka,2010,"['Sweaters', 'Pullovers', 'Cardigans']",888000.0,Large,15,0.9378663540445487,1041.031652989449,3,0,0,0,0,0,0
Sinha Knitting Ltd.,Knit,5.0,400.0,149,0.0,Unknown,"Tarabo, Narayanganj, Rupganj",Narayanganj,Rupganj,2000,[],0.0,,25,2.684563758389262,0.0,0,0,0,0,0,0,0
Sinha Stylewears Ltd.,Woven,5.0,1000.0,868,200000.0,"Blouses ,Trousers ,Jackets","Inds. Plot # I/1 & I/2, Block - C, Section # 7, Dhaka, Mirpur",Dhaka,Mirpur,2004,"['Blouses', 'Trousers', 'Jackets']",2400000.0,Very Large,21,1.152073732718894,2764.9769585253457,3,0,0,0,0,0,0
Sinha Wool Wears Ltd.,Sweater,5.0,370.0,314,36300.0,Cardigans,"96/1/D, Pragati Sarani, Joarshahara, Kuril, Dhaka","96/1/D, Pragati Sarani, Joarshahara, Kuril",Dhaka,1997,['Cardigans'],435600.0,Large,28,1.178343949044586,1387.2611464968154,1,0,0,0,0,0,0
Sir Denim Ltd.,Knit,5.0,240.0,139,400000.0,"Shirts ,Pants ,T-Shirts ,Polo Shirts","202, Afnan Plaza, Mollartek, Dakhin Khan, Dhaka, Uttara",Dhaka,Uttara,2008,"['Shirts', 'Pants', 'T-Shirts', 'Polo Shirts']",4800000.0,Very Large,17,1.7266187050359711,34532.374100719426,4,0,0,1,0,0,0
Sirajgonj Fashions Ltd.,Knit,5.0,570.0,315,167000.0,"T-Shirts ,Polo Shirts","101/1/A, Barobagh, Section # 2, Dhaka, Mirpur",Dhaka,Mirpur,2011,"['T-Shirts', 'Polo Shirts']",2004000.0,Very Large,14,1.8095238095238095,6361.9047619047615,2,0,0,0,0,0,0
Sirina Garments & Textiles Ltd.,Woven,5.0,1787.0,1348,288000.0,"Shirts ,Jackets ,Pants","Baluchara Complex, Chittagong, Kulgaon",Chittagong,Kulgaon,2004,"['Shirts', 'Jackets', 'Pants']",3456000.0,Very Large,21,1.32566765578635,2563.79821958457,3,0,0,1,0,0,0
Sisal Composite Ltd.,Knit,5.0,212.0,77,75000.0,"T-Shirts ,Polo Shirts","Natun Para (1St Floor), Hemayetpur, Dhaka, Savar",Dhaka,Savar,2012,"['T-Shirts', 'Polo Shirts']",900000.0,Large,13,2.7532467532467533,11688.311688311689,2,0,0,0,0,0,0
Sister Knitwear Ltd.,Knit,5.0,300.0,125,128000.0,"T-Shirts ,Polo Shirts","4, Sujat Mansion (2Nd Fl), Pallabi, Dhaka, Mirpur",Dhaka,Mirpur,2012,"['T-Shirts', 'Polo Shirts']",1536000.0,Very Large,13,2.4,12288.0,2,0,0,0,0,0,0
Sisters Apparel Ltd.,Woven,5.0,450.0,160,80000.0,Shirts,"B.K. Bari, Mirzapur, Gazipur, Gazipur Sadar",Gazipur,Gazipur Sadar,1994,['Shirts'],960000.0,Large,31,2.8125,6000.0,1,0,0,0,0,0,0
Skamp Garments Inds. Ltd.,Knit,5.0,600.0,170,300000.0,"Ladies Items ,Shorts ,T-Shirts ,Polo Shirts","974-976 & 980 Zhajar Road, Uttar Kaliakoir, Gazipur, Board Bazar",Gazipur,Board Bazar,2008,"['Ladies Items', 'Shorts', 'T-Shirts', 'Polo Shirts']",3600000.0,Very Large,17,3.5294117647058822,21176.470588235294,4,0,0,0,0,0,0
SK Sweaters Ltd.,Sweater,5.0,400.0,292,45000.0,Sweaters,"Beraider Chola, Gazipur, Sreepur",Gazipur,Sreepur,1998,['Sweaters'],540000.0,Large,27,1.36986301369863,1849.3150684931506,1,0,0,0,0,0,0
Skamp Garments Inds. Ltd.,Knit,5.0,600.0,170,300000.0,"Ladies Items ,Shorts ,T-Shirts ,Polo Shirts","974-976 & 980 Zhajar Road, Uttar Kaliakoir, Gazipur, Board Bazar",Gazipur,Board Bazar,2008,"['Ladies Items', 'Shorts', 'T-Shirts', 'Polo Shirts']",3600000.0,Very Large,17,3.5294117647058822,21176.470588235294,4,0,0,0,0,0,0
SKJ Knitwear Ltd.,Sweater,5.0,300.0,175,40000.0,"Sweaters ,Pullovers ,Cardigans","Hassan Market, Kashimpur Road, Gazipur, Konabari",Gazipur,Konabari,2012,"['Sweaters', 'Pullovers', 'Cardigans']",480000.0,Large,13,1.7142857142857142,2742.8571428571427,3,0,0,0,0,0,0
SKRMS Fashions Ltd.,Woven,1.0,350.0,0,1536000.0,Unknown,"Rimon Tower, Ganakbari, Ashulia, Savar, Dhaka, Dhaka, Dhaka",Dhaka,Dhaka,2018,[],18432000.0,Very Large,7,0.0,0.0,0,0,0,0,0,0,0
Sky Apparels Ltd.,Woven,5.0,1000.0,100,208333.0,"Shirts ,Pants","Mouza-Tatki, Narayangan, Rupganj",Narayangan,Rupganj,2013,"['Shirts', 'Pants']",2499996.0,Very Large,12,10.0,24999.96,2,0,0,1,0,0,0
Sky Diver Fashions Ltd.,Woven,5.0,250.0,130,180000.0,"Jackets ,Children Wears ,Swimming Trunks","133/2, Gazi Shah Lane, Chatteswary Road, Chittagong","133/2, Gazi Shah Lane, Chatteswary Road",Chittagong,1999,"['Jackets', 'Children Wears', 'Swimming Trunks']",2160000.0,Very Large,26,1.9230769230769231,16615.384615384617,3,0,0,0,0,0,0
Skylark Knit Composite Ltd.,Knit,5.0,380.0,161,50000.0,"T-Shirts ,Polo Shirts ,Bottoms ,Tops","182, Bhorari, Rajfulbaria, Dhaka, Dhaka",Dhaka,Dhaka,2009,"['T-Shirts', 'Polo Shirts', 'Bottoms', 'Tops']",600000.0,Large,16,2.360248447204969,3726.7080745341614,4,0,0,0,0,0,0
Skyline Apparels Ltd.,Woven,5.0,750.0,412,140000.0,"Shirts ,Ladies Shirts ,Boy's Shirts","Palashban, Ashulia, Dhaka, Savar",Dhaka,Savar,2001,"['Shirts', 'Ladies Shirts', 'Boys Shirts']",1680000.0,Very Large,24,1.8203883495145632,4077.669902912621,3,0,0,0,0,0,0
Skyline Casual Apparels Ltd.,Woven,5.0,300.0,150,50000.0,"Shirts ,Blouses ,Boy's Shirts","Palashbari, Ashulia, Dhaka, Savar",Dhaka,Savar,1998,"['Shirts', 'Blouses', 'Boys Shirts']",600000.0,Large,27,2.0,4000.0,3,0,0,0,0,0,0
Skyline Garments Ltd.,Woven,5.0,1060.0,496,180000.0,Shirts,"Palashban, Ashulia, Dhaka, Savar",Dhaka,Savar,1992,['Shirts'],2160000.0,Very Large,33,2.1370967741935485,4354.8387096774195,1,0,0,0,0,0,0
Skylink Fashion Ltd.,Woven,5.0,200.0,132,10000.0,"Shirts ,Pants","8/319, Hossain Plaza, Zirabo, Ashulia, Dhaka, Savar",Dhaka,Savar,2015,"['Shirts', 'Pants']",120000.0,Large,10,1.5151515151515151,909.0909090909091,2,0,0,1,0,0,0
Skylux Apparels Ltd.,Sweater,5.0,70.0,70,35000.0,Sweater,"Niribili, Mirzanagar, Ashulia, Dhaka, Savar",Dhaka,Savar,2016,['Sweater'],420000.0,Large,9,1.0,6000.0,1,0,0,0,0,0,1
Skynet Apparels Ltd.,Woven,1.0,615.0,171,0.0,"Shirt ,Pant ,T-Shirt ,Polo Shirt","Holding # 315, Sarabo, Kashimpur, Gazipur, Gazipur",Gazipur,Gazipur,2022,"['Shirt', 'Pant', 'T-Shirt', 'Polo Shirt']",0.0,,3,3.5964912280701755,0.0,4,1,1,0,0,1,0
SL-Knit Wear Ltd.,Knit,5.0,350.0,110,60000.0,"T-Shirts ,Polo Shirts ,Night Wears","Plot # 4/1, Road # 7, Section # 7, Dhaka, Mirpur",Dhaka,Mirpur,2001,"['T-Shirts', 'Polo Shirts', 'Night Wears']",720000.0,Large,24,3.1818181818181817,6545.454545454545,3,0,0,0,0,0,0
Sleek Knit Garments Ltd.,Knit,5.0,200.0,74,0.0,Knit Items,"Vulta, Narayanganj, Rupganj",Narayanganj,Rupganj,2001,['Knit Items'],0.0,,24,2.7027027027027026,0.0,1,0,0,0,0,0,0
SM Euro Fashion Ltd.,Knit,5.0,439.0,200,200000.0,"T-Shirts ,Polo Shirts ,Tank Tops ,Jackets","Gazirchat, Baipail, Dhaka, Savar",Dhaka,Savar,2005,"['T-Shirts', 'Polo Shirts', 'Tank Tops', 'Jackets']",2400000.0,Very Large,20,2.195,12000.0,4,0,0,0,0,0,0
SM Knitwears Ltd.,Knit,5.0,3900.0,1210,1260000.0,"T-Shirts ,Polo Shirts ,Fleece Jackets ,Knit Pants","Shirirchala, Gazipur, Gazipur",Gazipur,Gazipur,2002,"['T-Shirts', 'Polo Shirts', 'Fleece Jackets', 'Knit Pants']",15120000.0,Very Large,23,3.2231404958677685,12495.86776859504,4,0,0,0,0,0,0
SMA Bags Limited,Woven,5.0,510.0,400,125000.0,"Children Wears ,Pants ,Bags","37, Hemayetpur, Dhaka, Savar",Dhaka,Savar,1996,"['Children Wears', 'Pants', 'Bags']",1500000.0,Very Large,29,1.275,3750.0,3,0,0,1,0,0,0
Smart Fashionwear Ltd.,Woven,1.0,210.0,193,100000.0,"Shirt ,Pant ,T-Shirt ,Polo Shirt","Jamgora, Zirabo, Ashulia, Dhaka, Dhaka",Dhaka,Dhaka,2022,"['Shirt', 'Pant', 'T-Shirt', 'Polo Shirt']",1200000.0,Very Large,3,1.0880829015544042,6217.616580310881,4,1,1,0,0,1,0
Smart Jeans Ltd.,Woven,5.0,885.0,320,235000.0,"Jackets ,Trousers","9/10, Khalughat Heavy I/A, Chittagong","9/10, Khalughat Heavy I/A,",Chittagong,2007,"['Jackets', 'Trousers']",2820000.0,Very Large,18,2.765625,8812.5,2,0,0,0,0,0,0
Smart Knit Inds. Ltd.,Knit,5.0,325.0,165,500000.0,"T-Shirts ,Polo Shirts ,Tank Top","Aitola, Bhulta, Narayanganj, Rupganj",Narayanganj,Rupganj,2011,"['T-Shirts', 'Polo Shirts', 'Tank Top']",6000000.0,Very Large,14,1.9696969696969697,36363.63636363636,3,0,0,0,0,0,0
Smee Apparels Ltd.,Woven,5.0,550.0,345,12750.0,"Bottom ,Jacket ,Shirt ,Pant","Plot -17-18,Road-04,Section-07, Pallabi Mirpur Dhaka-1216, Dhaka, Dhaka",Dhaka,Dhaka,1999,"['Bottom', 'Jacket', 'Shirt', 'Pant']",153000.0,Large,26,1.5942028985507246,443.4782608695652,4,0,1,0,1,0,0
SMH New Generation Apparels Ltd.,Sweater,5.0,1027.0,600,97500.0,Sweaters,"Dune Tower, 92 Kodda Bazar, Tangail Road, Gazipur, Gazipur Sadar",Gazipur,Gazipur Sadar,2007,['Sweaters'],1170000.0,Very Large,18,1.7116666666666667,1950.0,1,0,0,0,0,0,0
Smile Apparels Ltd.,Knit,5.0,170.0,100,100000.0,"T-Shirts ,Polo Shirts ,Fleece","Dag # 2288, Baunia, Uttarpara, Dhaka, Turag",Dhaka,Turag,2007,"['T-Shirts', 'Polo Shirts', 'Fleece']",1200000.0,Very Large,18,1.7,12000.0,3,0,0,0,0,0,0
Smug Sweater Ltd.,Sweater,5.0,4000.0,1500,205000.0,"Sweaters ,Pullovers ,Cardigans","Talepara, Gazipur, Chandona",Gazipur,Chandona,2007,"['Sweaters', 'Pullovers', 'Cardigans']",2460000.0,Very Large,18,2.6666666666666665,1640.0,3,0,0,0,0,0,0
Snow White Apparels Ltd.,Knit,5.0,191.0,146,50000.0,"T-Shirts ,Polo Shirts","Akran, Birulia, Dhaka, Savar",Dhaka,Savar,2015,"['T-Shirts', 'Polo Shirts']",600000.0,Large,10,1.3082191780821917,4109.58904109589,2,0,0,0,0,0,0
Snowtex Apparels Ltd.,Woven,5.0,2.0,523,91690.0,"Jackets ,Bib Overall ,Vest ,Coverall","Plot # 9, Main Road # 3, Section # 7, Mirpur, Dhaka, Dhaka",Dhaka,Dhaka,2006,"['Jackets', 'Bib Overall', 'Vest', 'Coverall']",1100280.0,Very Large,19,0.0038240917782026767,2103.785850860421,4,0,0,0,0,0,0
Snowtex Outerwear Ltd.,Woven,5.0,2.0,5048,1095710.0,"Shirts ,Pants ,Jacket ,Skirt","B-65/3, Lakuriahpara, Dhulivita, Dhamrai, Dhaka, Dhaka",Dhaka,Dhaka,2014,"['Shirts', 'Pants', 'Jacket', 'Skirt']",13148520.0,Very Large,11,0.0003961965134706815,2604.6988906497622,4,0,0,1,1,0,0
Snowtex Sportswear Ltd.,Woven,1.0,2.0,5554,1295890.0,"Shorts ,Trousers ,Skirts ,Pants","B-65/4, Lakuriapara, Dhulivita, Dhamrai, Dhaka, Dhaka",Dhaka,Dhaka,2018,"['Shorts', 'Trousers', 'Skirts', 'Pants']",15550680.0,Very Large,7,0.00036010082823190496,2799.9063737846595,4,0,0,1,0,0,0
SNS Apparels Ltd.,Woven,1.0,2.0,192,90000.0,"Shirt ,Pant ,Jacket ,Trouser","34 Dag # 05, Kamarpara, Turag, Dhaka, Dhaka",Dhaka,Dhaka,2022,"['Shirt', 'Pant', 'Jacket', 'Trouser']",1080000.0,Very Large,3,0.010416666666666666,5625.0,4,0,1,0,1,0,0
So Nice Garments (Pvt) Ltd.,Woven,5.0,600.0,280,1000000.0,"Long Pants ,Bermuda ,Skirts ,Sleep Wears","House # 20 (1St & 2Nd Fl), Block-B, Gouripur, Ward-5, Shahid Minnat Ali Sarak, Ashula, Dhaka, Savar",Dhaka,Savar,2001,"['Long Pants', 'Bermuda', 'Skirts', 'Sleep Wears']",12000000.0,Very Large,24,2.142857142857143,42857.142857142855,4,0,0,0,0,0,0
Sob Apparels Ltd.,Woven,5.0,125.0,45,30000.0,"Shirts ,Blouses ,Skirts ,Jackets","Dakkhin Panishail, N.K. Link Road, Gazipur, Kashimpur",Gazipur,Kashimpur,1994,"['Shirts', 'Blouses', 'Skirts', 'Jackets']",360000.0,Large,31,2.7777777777777777,8000.0,4,0,0,0,0,0,0
Softex Cotton (Pvt.) Ltd. (U-1),Sweater,5.0,1550.0,800,67000.0,Sweaters,"1, Harunabad, Section # 12, Pallabi, Dhaka, Mirpur",Dhaka,Mirpur,1994,['Sweaters'],804000.0,Large,31,1.9375,1005.0,1,0,0,0,0,0,0
Softex Sweater Inds. (Pvt) Ltd.,Sweater,5.0,1818.0,600,140000.0,Sweaters,"Plot # 164-166, Depz (Extention Area) Ganakbari, Dhaka, Savar",Dhaka,Savar,2003,['Sweaters'],1680000.0,Very Large,22,3.03,2800.0,1,0,0,0,0,0,0
Solar Garments (Pvt) Ltd.,Woven,5.0,200.0,150,20800.0,"Jackets ,Pants ,Swim Trunks ,Shorts Pants","66, Hazipara, D.I.T Road, Dhaka, Khilgaon",Dhaka,Khilgaon,1985,"['Jackets', 'Pants', 'Swim Trunks', 'Shorts Pants']",249600.0,Large,40,1.3333333333333333,1664.0,4,0,0,1,0,0,0
Sonali Fabrics & Textiles Mills (Pvt.) Ltd. Sweater Unit,Sweater,5.0,700.0,150,150000.0,Sweater,"Choto Godairchar, Narsingdi, Madhabdi",Narsingdi,Madhabdi,2015,['Sweater'],1800000.0,Very Large,10,4.666666666666667,12000.0,1,0,0,0,0,0,1
Sonar Manufacturing Ltd.,Woven,1.0,0.0,1627,0.0,Jacket,"Fssfb-01, (Old Zone) Depz, Ganakbari, Ashulia, Dhaka, Dhaka",Dhaka,Dhaka,2021,['Jacket'],0.0,,4,0.0,0.0,1,0,0,0,1,0,0
Sonia & Sweaters Ltd.,Sweater,5.0,2550.0,1300,60000.0,"Sweaters ,Cardigans ,Pullovers","604, Kundolbagh, Ashulia Road, Dhaka, Savar",Dhaka,Savar,2003,"['Sweaters', 'Cardigans', 'Pullovers']",720000.0,Large,22,1.9615384615384615,553.8461538461538,3,0,0,0,0,0,0
Sonia Fine Knit Ltd.,Sweater,5.0,785.0,555,75000.0,"Sweaters ,Cardigans ,Pullovers","South Shilmandi, Pachdona, Narsingdi, Bangladesh, Narsingdi, B. Baria",Narsingdi,B. Baria,2006,"['Sweaters', 'Cardigans', 'Pullovers']",900000.0,Large,19,1.4144144144144144,1621.6216216216217,3,0,0,0,0,0,0
Sonnet Fashions Ltd.,Knit,5.0,410.0,120,60000000.0,"T-Shirta ,Polo Shirts","Mazid Tower, 807/859, Barik Mia High School Lane, Goshaildanga, Chittagong, Bandar",Chittagong,Bandar,2015,"['T-Shirta', 'Polo Shirts']",720000000.0,Very Large,10,3.4166666666666665,6000000.0,2,0,0,0,0,0,0
Sonnet Textile Industries Ltd.,Knit,5.0,375.0,105,20000.0,"T-Shirts ,Polo Shirts","Mazid Tower, 807/859, Barik Mia High School Lane, Goshaildanga, Chittagong, Bandar",Chittagong,Bandar,2015,"['T-Shirts', 'Polo Shirts']",240000.0,Large,10,3.5714285714285716,2285.714285714286,2,0,0,0,0,0,0
Soorty Textiles (BD) Ltd.,Woven,5.0,0.0,0,2500000.0,"Denim Pant ,Jacket ,Barmuda ,Overall","Plot # 220-227, Cumilla Epz, Cumilla, Comilla",Cumilla,Comilla,2018,"['Denim Pant', 'Jacket', 'Barmuda', 'Overall']",30000000.0,Very Large,7,0.0,0.0,4,0,0,0,1,0,0
Soultex Apparels Limited,Sweater,1.0,2.0,100,78340.0,Sweater,"Toyebpur, Zirabo, Ashulia, Savar, Dhaka, Dhaka",Dhaka,Dhaka,2022,['Sweater'],940080.0,Large,3,0.02,9400.8,1,0,0,0,0,0,1
Soultex Fashion Ltd.,Sweater,1.0,400.0,180,12500.0,"Sweater ,Ladies Cardigan","Toyebpur, Zirabo, Ashulia, Savar, Dhaka, Dhaka",Dhaka,Dhaka,2019,"['Sweater', 'Ladies Cardigan']",150000.0,Large,6,2.2222222222222223,833.3333333333334,2,0,0,0,0,0,1
South Bengal Apparels & Bartick Boutique Ltd.,Knit,5.0,122.0,97,120000.0,"T-Shirts ,Polo Shirts ,Tank Top","Sadapur (Puranbari), Nogorkundo, Dhaka, Savar",Dhaka,Savar,2011,"['T-Shirts', 'Polo Shirts', 'Tank Top']",1440000.0,Very Large,14,1.2577319587628866,14845.360824742267,3,0,0,0,0,0,0
South East Textiles (Pvt.) Ltd.,Knit,5.0,3450.0,1633,125000.0,"T-Shirts ,Polo Shirts ,Shorts","Gorai, Tangail, Mirzapur",Tangail,Mirzapur,2014,"['T-Shirts', 'Polo Shirts', 'Shorts']",1500000.0,Very Large,11,2.112676056338028,918.5548071034905,3,0,0,0,0,0,0
South End Sweater Co. Ltd.,Sweater,5.0,900.0,450,100000.0,"Sweaters ,Pullovers ,Cardigans","Dhaur Beriband, Ashutia, Turag, Dhaka, Uttara",Dhaka,Uttara,2003,"['Sweaters', 'Pullovers', 'Cardigans']",1200000.0,Very Large,22,2.0,2666.6666666666665,3,0,0,0,0,0,0
South West Composite Ltd.,Knit,5.0,700.0,216,320000.0,"T-Shirts ,Polo Shirts","Horinachala (Parizat), Gazipur, Konabari",Gazipur,Konabari,2007,"['T-Shirts', 'Polo Shirts']",3840000.0,Very Large,18,3.240740740740741,17777.777777777777,2,0,0,0,0,0,0
Southeast Sweaters Ltd.,Sweater,5.0,1000.0,800,1200000.0,"Pullovers ,Sweaters ,Cardigans","2893-94, Dakhin Khan, Chairmanbari, Dhaka, Uttara",Dhaka,Uttara,2002,"['Pullovers', 'Sweaters', 'Cardigans']",14400000.0,Very Large,23,1.25,18000.0,3,0,0,0,0,0,0
Southern Clothings Ltd.,Sweater,5.0,1444.0,1143,290000.0,"Sweaters ,Pullovers ,Cardigans","Zirabo, Ashulia, Dhaka, Dhaka",Dhaka,Dhaka,2003,"['Sweaters', 'Pullovers', 'Cardigans']",3480000.0,Very Large,22,1.26334208223972,3044.6194225721783,3,0,0,0,0,0,0
Southern Cross Int'l Ltd.,Woven,5.0,350.0,210,100000.0,"Windbreakers ,Trousers","220, Mazar Road, Secend Colony, Section # 1, Dhaka, Mirpur",Dhaka,Mirpur,1993,"['Windbreakers', 'Trousers']",1200000.0,Very Large,32,1.6666666666666667,5714.285714285715,2,0,0,0,0,0,0
Southern Designers Ltd.,Knit,5.0,1125.0,500,180000.0,"Shirts ,T-Shirts ,Pants","Zirabo, Tayebpur, Ashulia, Dhaka, Savar",Dhaka,Savar,2001,"['Shirts', 'T-Shirts', 'Pants']",2160000.0,Very Large,24,2.25,4320.0,3,0,0,1,0,0,0
Southern Garments Ltd.,Knit,5.0,900.0,320,500000.0,"T-Shirts ,Polo Shirts ,Hoodie ,Jogger","Zirabo, Ashulia, Dhaka, Savar",Dhaka,Savar,1984,"['T-Shirts', 'Polo Shirts', 'Hoodie', 'Jogger']",6000000.0,Very Large,41,2.8125,18750.0,4,0,0,0,0,0,0
Southern Knitwear Ltd.,Knit,5.0,960.0,526,600000.0,"T-Shirts ,Polo Shirts","Hizalhati, Baroipara, Gazipur, Kaliakoir",Gazipur,Kaliakoir,2012,"['T-Shirts', 'Polo Shirts']",7200000.0,Very Large,13,1.8250950570342206,13688.212927756655,2,0,0,0,0,0,0
Southern Poshak Shilpa Ltd.,Sweater,5.0,600.0,400,50000.0,Sweaters,"Zirabo, Ashulia, Dhaka, Savar",Dhaka,Savar,2008,['Sweaters'],600000.0,Large,17,1.5,1500.0,1,0,0,0,0,0,0
Southern Services Ltd.,Woven,5.0,1039.0,809,200000.0,"Shirts ,Blouses ,Pants ,Ladies Dress","Plot # 6, Road # 2, Sector # 3, Dhaka, Dhaka",Dhaka,Dhaka,1994,"['Shirts', 'Blouses', 'Pants', 'Ladies Dress']",2400000.0,Very Large,31,1.284301606922126,2966.625463535229,4,0,0,1,0,0,0
SP Fashions Ltd.,Knit,5.0,750.0,210,780000.0,"T-Shirts ,Shorts ,Tank Top","Baniarchala, Member Bari, Gazipur, Gazipur Sadar",Gazipur,Gazipur Sadar,2000,"['T-Shirts', 'Shorts', 'Tank Top']",9360000.0,Very Large,25,3.5714285714285716,44571.42857142857,3,0,0,0,0,0,0
SP Garments Ltd.,Woven,5.0,53.0,180,6500000.0,"Shirts ,Pants","Shirirchala, Mahona, Vobanipur, Vawalghor, Gazipur, Gazipur Sadar",Gazipur,Gazipur Sadar,2016,"['Shirts', 'Pants']",78000000.0,Very Large,9,0.29444444444444445,433333.3333333333,2,0,0,1,0,0,0
Space Garments Industry Ltd.,Woven,5.0,215.0,119,20000.0,"Shirts ,Shorts ,Trousers","Hazi Kafiluddin Plaza, House # 6, Lane # 3, Word # 32, Dagerchala, Gazipur, National University",Gazipur,National University,1991,"['Shirts', 'Shorts', 'Trousers']",240000.0,Large,34,1.8067226890756303,2016.8067226890757,3,0,0,0,0,0,0
Space Sweater Ltd.,Sweater,5.0,1200.0,990,130000.0,Sweaters,"Kashimpur Road, Gazipur, Konabari",Gazipur,Konabari,2008,['Sweaters'],1560000.0,Very Large,17,1.2121212121212122,1575.7575757575758,1,0,0,0,0,0,0
Sparkle Knit Composite Ltd.,Knit,5.0,300.0,41,200000.0,"T-Shirts ,Polo Shirts","Kabirpur, Ashulia, Dhaka, Dhaka",Dhaka,Dhaka,2010,"['T-Shirts', 'Polo Shirts']",2400000.0,Very Large,15,7.317073170731708,58536.58536585366,2,0,0,0,0,0,0
Sparrow Apparels Ltd.,Woven,5.0,2200.0,725,200000.0,"Shirts ,Shorts, Pants","142, Senanibas Raod, Section # 12, Dhaka, Mirpur",Dhaka,Mirpur,1985,"['Shirts', 'Shorts', 'Pants']",2400000.0,Very Large,40,3.0344827586206895,3310.344827586207,3,0,0,1,0,0,0
Spartan Fashions Ltd.,Woven,5.0,120.0,85,50000.0,"Shirts ,Pants","15, Bangobandhu Road, Dhaka, Ashulia",Dhaka,Ashulia,2013,"['Shirts', 'Pants']",600000.0,Large,12,1.411764705882353,7058.823529411765,2,0,0,1,0,0,0
Spectra Sweaters Ltd.,Sweater,5.0,18.0,280,160000.0,"Sweaters ,Pullovers ,Cardigans","31/2, Himas Dighi, Gazipur, Gazipur",Gazipur,Gazipur,2008,"['Sweaters', 'Pullovers', 'Cardigans']",1920000.0,Very Large,17,0.06428571428571428,6857.142857142857,3,0,0,0,0,0,0
Speedwell Fashions Ltd.,Unknown,,0.0,200,100000.0,"Shirts ,Trousers ,Children Wears ,Blouses","94/95 (Old), 46 (New), Block # C, Tongi I/A, Tongi, Gazipur-1710, Bangladesh., Gazipur","94/95 (Old), 46 (New), Block # C, Tongi I/A, Tongi, Gazipur-1710, Bangladesh.",Gazipur,1999,"['Shirts', 'Trousers', 'Children Wears', 'Blouses']",1200000.0,Very Large,26,0.0,6000.0,4,0,0,0,0,0,0
Speedwell Ltd.,Woven,5.0,500.0,283,80000.0,"Shirts ,Blouse ,Infant Wears ,Pants","Plot # M-4/2, Road # 7, Section # 7, Dhaka, Mirpur",Dhaka,Mirpur,1986,"['Shirts', 'Blouse', 'Infant Wears', 'Pants']",960000.0,Large,39,1.7667844522968197,3392.226148409894,4,0,0,1,0,0,0
Speks Limited,Woven,5.0,470.0,400,78000.0,"Shirts ,Blouses ,Kids Items","Jahan Building # 4, 76/77, Agrabad I/A, Chittagong, Agrabad",Chittagong,Agrabad,1992,"['Shirts', 'Blouses', 'Kids Items']",936000.0,Large,33,1.175,2340.0,3,0,0,0,0,0,0
Spirax Textile-Washing & Allied Inds. Ltd.,Knit,5.0,180.0,119,400000.0,"T-Shirts ,Polo Shirts","22, Rajabari, Nishat Nagar, Dhaka, Turag",Dhaka,Turag,2010,"['T-Shirts', 'Polo Shirts']",4800000.0,Very Large,15,1.5126050420168067,40336.13445378151,2,0,0,0,0,0,0
SPM Exportwear Ltd.,Sweater,1.0,2.0,549,420000.0,Sweater,"North Kanchanpur, Goshatra, Kaliakoir, Gazipur, Gazipur",Gazipur,Gazipur,2022,['Sweater'],5040000.0,Very Large,3,0.0036429872495446266,9180.327868852459,1,0,0,0,0,0,1
Sportex & Apparels (Pvt.) Ltd.,Woven,5.0,250.0,120,25000.0,"Shorts ,Jackets ,Jogging Suits","55/1, Nawab Sallimullah Road, Khaza Supper Market, Narayanganj","55/1, Nawab Sallimullah Road, Khaza Supper Market",Narayanganj,1985,"['Shorts', 'Jackets', 'Jogging Suits']",300000.0,Large,40,2.0833333333333335,2500.0,3,0,0,0,0,0,0
Sportswear Garments Ltd.,Woven,5.0,764.0,440,150000.0,"Ladies Shirts ,Jackets ,Boy's Shirts ,Gents Shirts","755, Askarabad, Mansurabad, Chittagong, D.T. Road",Chittagong,D.T. Road,1992,"['Ladies Shirts', 'Jackets', 'Boys Shirts', 'Gents Shirts']",1800000.0,Very Large,33,1.7363636363636363,4090.909090909091,4,0,0,0,0,0,0
Sportswear Garments Ltd.(U-3),Knit,5.0,400.0,248,130000.0,"Ladies Shirts ,T-Shirts ,Polo Shirts","26/1, Shataish Road, Gazipura, Dhaka, Tongi",Dhaka,Tongi,2000,"['Ladies Shirts', 'T-Shirts', 'Polo Shirts']",1560000.0,Very Large,25,1.6129032258064515,6290.322580645161,3,0,0,0,0,0,0
Spotfame Apparels Ltd.,Woven,5.0,325.0,130,48000.0,"Blouses ,Shorts ,Pajama Sets","Chamudda, Pubail, Gazipur, Gazipur Sadar",Gazipur,Gazipur Sadar,1993,"['Blouses', 'Shorts', 'Pajama Sets']",576000.0,Large,32,2.5,4430.7692307692305,3,0,0,0,0,0,0
Spring Knitwears Ltd.,Sweater,5.0,1200.0,620,100000.0,"Cardigans ,Pullovers ,Sweaters ,Jumpers","Kewa, Gazipur, Sreepur",Gazipur,Sreepur,2003,"['Cardigans', 'Pullovers', 'Sweaters', 'Jumpers']",1200000.0,Very Large,22,1.935483870967742,1935.483870967742,4,0,0,0,0,0,0
Spring Trade Ltd.,Sweater,5.0,2000.0,1370,220000.0,Sweaters,"Plot # 42, Konapara, Tengury, Zirani Bazar, Dhaka, B. Baria",Dhaka,B. Baria,2021,['Sweaters'],2640000.0,Very Large,4,1.4598540145985401,1927.007299270073,1,0,0,0,0,0,0
Springul Apparels Ltd.,Woven,1.0,600.0,137,967000.0,"Shirt ,Pant ,T-Shirt ,Polo Shirt","Holding # 315, Sarabo, Kashimpur, Gazipur, Gazipur",Gazipur,Gazipur,2022,"['Shirt', 'Pant', 'T-Shirt', 'Polo Shirt']",11604000.0,Very Large,3,4.37956204379562,84700.7299270073,4,1,1,0,0,1,0
SQ Birichina Ltd.,Knit,5.0,1419.0,800,1400000.0,"Shirts ,Under Garments ,Bra","Jamirdia, Cs-221, 222 & 223, Mymensingh, Valuka",Mymensingh,Valuka,2008,"['Shirts', 'Under Garments', 'Bra']",16800000.0,Very Large,17,1.77375,21000.0,3,0,0,0,0,0,0
SQ Celsius Ltd.,Sweater,5.0,4984.0,2256,350000.0,"Sweaters ,Cardigans ,Pullovers","Beraiderchala, Maona, Keowa, Gazipur, Sreepur",Gazipur,Sreepur,2000,"['Sweaters', 'Cardigans', 'Pullovers']",4200000.0,Very Large,25,2.2092198581560285,1861.7021276595744,3,0,0,0,0,0,0
SQ Colblanc Ltd.,Woven,5.0,6500.0,3000,1837500.0,"Shirts ,Pants","Jamirdia, Mymensingh, Valuka",Mymensingh,Valuka,2014,"['Shirts', 'Pants']",22050000.0,Very Large,11,2.1666666666666665,7350.0,2,0,0,1,0,0,0
Square Apparels Ltd.,Woven,1.0,1069.0,1146,50000.0,"Shirts ,Pants","Mamarishpur, Mallikbari, Valuka, Mymensingh, Mymensingh, Mymensingh",Mymensingh,Mymensingh,2015,"['Shirts', 'Pants']",600000.0,Large,10,0.9328097731239092,523.5602094240837,2,0,0,1,0,0,0
Square Denims Ltd.,Woven,5.0,1450.0,634,2000000.0,"Shirts ,Pants","Olipur, Shahjibazar, Hobiganj, Hobigonj",Hobiganj,Hobigonj,2014,"['Shirts', 'Pants']",24000000.0,Very Large,11,2.2870662460567823,37854.88958990536,2,0,0,1,0,0,0
Square Denims Ltd. (Sewing Unit),Woven,5.0,2400.0,1641,42000.0,"Shirts ,Pants ,Jacket","Dubalia Para, Zamirdia, Ward # 05, Habirbari, Valuka, Mymensingh, Mymensingh",Mymensingh,Mymensingh,2016,"['Shirts', 'Pants', 'Jacket']",504000.0,Large,9,1.4625228519195612,307.1297989031079,3,0,0,1,1,0,0
Square Fashions Ltd.,Knit,5.0,14586.0,7387,185000.0,"Sweat Shirt ,T-Shirts ,Polo Shirts ,Jacket","Jamirdia, Habirbari, Mymensingh, Mymensingh",Mymensingh,Mymensingh,2002,"['Sweat Shirt', 'T-Shirts', 'Polo Shirts', 'Jacket']",2220000.0,Very Large,23,1.9745498849329903,300.52795451468796,4,0,0,0,1,0,0
SRB Fashions Ltd.,Knit,5.0,350.0,180,48000.0,"Fleece Jackets ,Pants ,T-Shirts","13448, Satarkul Bazar, Dhaka, Badda",Dhaka,Badda,2010,"['Fleece Jackets', 'Pants', 'T-Shirts']",576000.0,Large,15,1.9444444444444444,3200.0,3,0,0,1,0,0,0
SRKH Design Ltd.,Knit,5.0,255.0,108,27360.0,"Jackets ,Pants ,T-Shirts ,Polo Shirts","Nowjore (Itahata Mor), Tangail Road, Gazipur, Chandona",Gazipur,Chandona,2012,"['Jackets', 'Pants', 'T-Shirts', 'Polo Shirts']",328320.0,Large,13,2.361111111111111,3040.0,4,0,0,1,0,0,0
SRP Sweaters Ltd.,Unknown,,20.0,280,60000.0,Sweaters,"73/1, North Kha Para Road Awochpara, Tongi, Gazipur",Tongi,Gazipur,2017,['Sweaters'],720000.0,Large,8,0.07142857142857142,2571.4285714285716,1,0,0,0,0,0,0
SRT Fashions Ltd.,Woven,5.0,1025.0,393,150000.0,"Rain Wears ,Sportwears ,Trousers ,Outer Wears","Inds. Plot # M-4/4, Section # 14, Dhaka, Mirpur",Dhaka,Mirpur,2004,"['Rain Wears', 'Sportwears', 'Trousers', 'Outer Wears']",1800000.0,Very Large,21,2.608142493638677,4580.152671755725,4,0,0,0,0,0,0
Ssain Apparels Ltd.,Woven,1.0,1862.0,1749,590000.0,"Shirt ,Pant ,Trouser","96, Katghara, (Ground Floor, 3Rd & 4Th Floor), Amtola, Zirabo, Ashulia, Dhaka, Dhaka",Dhaka,Dhaka,2019,"['Shirt', 'Pant', 'Trouser']",7080000.0,Very Large,6,1.0646083476272155,4048.0274442538594,3,0,1,0,0,0,0
Stage II Knitting Apparel (Unit-1),Knit,5.0,171.0,69,100000.0,"T-Shirts ,Polo Shirts ,Tank Tops","Holding # 220, Plot # 26/1 (5Th Fl), Second Colony, Mirpur Road, Sec-1, Dhaka, Mirpur",Dhaka,Mirpur,2010,"['T-Shirts', 'Polo Shirts', 'Tank Tops']",1200000.0,Very Large,15,2.4782608695652173,17391.304347826088,3,0,0,0,0,0,0
Stage II Knitting Apparel Ltd.,Knit,5.0,100.0,60,0.0,Unknown,"Holding # 220, Plot # 26/1 (3Rd & 4Th Fl), 2Nd Colony, Mazar Road, Sec-1, Dhaka, Mirpur",Dhaka,Mirpur,1999,[],0.0,,26,1.6666666666666667,0.0,0,0,0,0,0,0,0
Stage II Limited.,Woven,5.0,1200.0,700,90900.0,"Shirts ,Pants ,Shorts ,Jackets","Rifle Club Complex, K.C. Dey Road, Nandankanan, Chittagong","Rifle Club Complex, K.C. Dey Road, Nandankanan",Chittagong,2001,"['Shirts', 'Pants', 'Shorts', 'Jackets']",1090800.0,Very Large,24,1.7142857142857142,1558.2857142857142,4,0,0,1,0,0,0
Standard Fashion,Woven,1.0,1.0,200,1800000.0,Denim,"26763, Rahmat Ali Road, Jamtola, Uttarkhan, Dhaka, Dhaka",Dhaka,Dhaka,2022,['Denim'],21600000.0,Very Large,3,0.005,108000.0,1,0,0,0,0,0,0
Standard Group Limited,Woven,5.0,6514.0,300,80000.0,"Jackets ,Pants ,Shorts ,Shirts","Plot # 10300, 2Nd & 5Th Floor (East Side), Beraiderchala, Gilaberaid, Sreepur, Gazipur, Gazipur",Gazipur,Gazipur,2004,"['Jackets', 'Pants', 'Shorts', 'Shirts']",960000.0,Large,21,21.713333333333335,3200.0,4,0,0,1,0,0,0
Standard Stitches Ltd,Woven,5.0,1661.0,300,80000.0,"Pant ,Shirts ,Jacket ,Shorts","Plot # 10/4, Karnapara, Genda, Savar, Dhaka, Dhaka, Dhaka",Dhaka,Dhaka,2011,"['Pant', 'Shirts', 'Jacket', 'Shorts']",960000.0,Large,14,5.536666666666667,3200.0,4,0,0,0,1,0,0
Standard Stitches Ltd. (G-Unit),Woven,5.0,1525.0,380,70000.0,"Shirts ,Jackets ,Pants ,Shorts","Jarun, Gazipur, Konabari",Gazipur,Konabari,1994,"['Shirts', 'Jackets', 'Pants', 'Shorts']",840000.0,Large,31,4.0131578947368425,2210.5263157894738,4,0,0,1,0,0,0
Standard Stitches Ltd. (Woven Unit),Woven,5.0,4921.0,500,100000.0,"Shirts ,Pants ,Jacket ,Shorts","Bymile, Konabari, Gazipur, Sadar, Gazipur, Gazipur",Gazipur,Gazipur,2013,"['Shirts', 'Pants', 'Jacket', 'Shorts']",1200000.0,Very Large,12,9.842,2400.0,4,0,0,1,1,0,0
Star Apparels Ltd.,Woven,5.0,435.0,207,40000.0,Shirts,"Nazim Nagar, Hemayetpur, Dhaka, Savar",Dhaka,Savar,2011,['Shirts'],480000.0,Large,14,2.101449275362319,2318.840579710145,1,0,0,0,0,0,0
Star Garments (Pvt.) Ltd.,Woven,5.0,400.0,200,30000.0,"Jackets ,Pants ,Jogging Suits","Sule Man Court 4Th Floor, 3/3-B Purana Polton, Dhaka, Paltan",Dhaka,Paltan,1985,"['Jackets', 'Pants', 'Jogging Suits']",360000.0,Large,40,2.0,1800.0,3,0,0,1,0,0,0
Star Mahin Fashion Ltd.,Knit,5.0,200.0,125,666666.0,"T-Shirts ,Polo Shirts","Mawna, Gazipur, Sreepur",Gazipur,Sreepur,2014,"['T-Shirts', 'Polo Shirts']",7999992.0,Very Large,11,1.6,63999.936,2,0,0,0,0,0,0
Stark Apparels,Woven,5.0,550.0,255,80000.0,"Shirts ,Pants","Gorai Moinnagar, Mirzapur, Tangail, Mirzapur",Tangail,Mirzapur,2013,"['Shirts', 'Pants']",960000.0,Large,12,2.156862745098039,3764.705882352941,2,0,0,1,0,0,0
Starlet Apparels Ltd.,Knit,5.0,265.0,140,365000.0,"T-Shirts ,Trousers ,Night Wears ,Pajama Sets","B-223-224 Bscic Hosiery I/E, Narayanganj, Fatullah",Narayanganj,Fatullah,2008,"['T-Shirts', 'Trousers', 'Night Wears', 'Pajama Sets']",4380000.0,Very Large,17,1.8928571428571428,31285.714285714286,4,0,0,0,0,0,0
Starlet Fashion Wear Ltd.,Woven,5.0,200.0,98,60000.0,"Shirts ,Pants ,Trousers","Plot # B12, Bscic I/E, Chittagong, Chittagong",Chittagong,Chittagong,1998,"['Shirts', 'Pants', 'Trousers']",720000.0,Large,27,2.0408163265306123,7346.938775510204,3,0,0,1,0,0,0
Starlight Knitters Ltd.,Sweater,5.0,800.0,350,130000.0,Sweaters,"Bada Kalmasher, Gazipur, K.B. Bazar",Gazipur,K.B. Bazar,2000,['Sweaters'],1560000.0,Very Large,25,2.2857142857142856,4457.142857142857,1,0,0,0,0,0,0
Starlight Knitwear Ltd. Unit-2,Woven,5.0,408.0,220,60000.0,"Shirts ,Trousers ,Pants","123, North Begunbari, Tejgaon I/A (4Th Floor), Dhaka, Tejgaon",Dhaka,Tejgaon,2000,"['Shirts', 'Trousers', 'Pants']",720000.0,Large,25,1.8545454545454545,3272.7272727272725,3,0,0,1,0,0,0
Starlight Knitwears Ltd.,Woven,5.0,712.0,542,80000.0,"Shirts ,Pants ,Trousers ,Shorts","Sultana Mansion, 3 Sujat Nagar, Pallobi, Dhaka, Mirpur-12",Dhaka,Mirpur-12,1991,"['Shirts', 'Pants', 'Trousers', 'Shorts']",960000.0,Large,34,1.3136531365313653,1771.2177121771217,4,0,0,1,0,0,0
Starlight Sweaters Ltd.,Sweater,5.0,1200.0,600,200000.0,Sweaters,"Bada Kalmasher, K.B. Bazar, Gazipur, Board Bazar",Gazipur,Board Bazar,1999,['Sweaters'],2400000.0,Very Large,26,2.0,4000.0,1,0,0,0,0,0,0
Steadfast Knit Tex Ltd.,Knit,5.0,109.0,82,175000.0,"t-shirts ,Polo shirts","United Plaza, Plot # 20/1-B, Sataish East Para, Gazipur, Tongi",Gazipur,Tongi,2015,"['t-shirts', 'Polo shirts']",2100000.0,Very Large,10,1.329268292682927,25609.756097560974,2,0,0,0,0,0,0
Step Three Apparels Ltd.,Knit,5.0,485.0,193,240000.0,"Jackets ,Pants ,Polo Shirts ,Shorts","Lutfan Tower (6Th Floor), E-13, Middle Badda, Dhaka, Badda",Dhaka,Badda,2001,"['Jackets', 'Pants', 'Polo Shirts', 'Shorts']",2880000.0,Very Large,24,2.5129533678756477,14922.279792746114,4,0,0,1,0,0,0
Step Two Apparels Ltd.,Knit,5.0,485.0,200,240000.0,"T-Shirts ,Polo Shirts ,Polar Fleece ,Shorts","Lutfan Tower (6Th Floor), E-13, Middle Badda, Dhaka, Badda",Dhaka,Badda,1992,"['T-Shirts', 'Polo Shirts', 'Polar Fleece', 'Shorts']",2880000.0,Very Large,33,2.425,14400.0,4,0,0,0,0,0,0
Sterling Apparels Ltd.,Woven,5.0,1284.0,650,200000.0,"Pants ,Trousers ,Jeans","Baron, Earpur Union, Dhaka, B. Baria",Dhaka,B. Baria,2000,"['Pants', 'Trousers', 'Jeans']",2400000.0,Very Large,25,1.9753846153846153,3692.3076923076924,3,0,0,1,0,0,0
Sterling Creations Ltd.,Woven,5.0,2980.0,1644,50000.0,"Pants ,Short ,Jacket ,Bermuda","Baron, Earpur Union, Ashulia, Dhaka, B. Baria",Dhaka,B. Baria,2006,"['Pants', 'Short', 'Jacket', 'Bermuda']",600000.0,Large,19,1.8126520681265206,364.963503649635,4,0,0,1,1,0,0
Sterling Denims Ltd.,Woven,5.0,3152.0,1200,384000.0,"Shirts ,Jackets ,Pants","Dhania, Nayarhat, Ashulia, Dhaka, B. Baria",Dhaka,B. Baria,2011,"['Shirts', 'Jackets', 'Pants']",4608000.0,Very Large,14,2.6266666666666665,3840.0,3,0,0,1,0,0,0
Sterling Designs Ltd.,Woven,5.0,3628.0,500,100000.0,"Pants ,Shorts ,Jackets ,Shirt","Ward # 7, Bishwas Para, Chandra, Gazipur, Gazipur",Gazipur,Gazipur,2006,"['Pants', 'Shorts', 'Jackets', 'Shirt']",1200000.0,Very Large,19,7.256,2400.0,4,0,1,1,0,0,0
Sterling Fashion Wear Ltd.,Woven,5.0,450.0,252,36000.0,"Pants ,Trousers ,Shorts ,Skirts","474, D.I.T Road, Dhaka, Malibagh",Dhaka,Malibagh,1993,"['Pants', 'Trousers', 'Shorts', 'Skirts']",432000.0,Large,32,1.7857142857142858,1714.2857142857142,4,0,0,1,0,0,0
Sterling Styles Ltd.,Woven,5.0,4330.0,2711,1200000.0,"Denim Pants ,Jeans ,Shorts ,Twill","Baron, Earpur Union, Ashulia, Dhaka, Savar",Dhaka,Savar,2006,"['Denim Pants', 'Jeans', 'Shorts', 'Twill']",14400000.0,Very Large,19,1.5971966064182959,5311.6931021763185,4,0,0,0,0,0,0
Stilvoll Knitwears Ltd.,Knit,5.0,500.0,380,217000.0,"T-Shirts ,Polo Shirts","498-99, Shing Bari Road, Boro Dewra, Gazipur, Tongi",Gazipur,Tongi,2008,"['T-Shirts', 'Polo Shirts']",2604000.0,Very Large,17,1.3157894736842106,6852.631578947368,2,0,0,0,0,0,0
Stitch Made Ltd.,Woven,1.0,2.0,200,25000.0,"Shirt ,Pant ,T-Shirt ,Polo Shirt","Ahsania Super Market, Baipas, Vogra, Gazipur, Gazipur",Gazipur,Gazipur,2022,"['Shirt', 'Pant', 'T-Shirt', 'Polo Shirt']",300000.0,Large,3,0.01,1500.0,4,1,1,0,0,1,0
Stitch Right Ltd.,Knit,5.0,1079.0,289,400000.0,"T-Shirts ,Polo Shirts ,Tank Top","Plot # B-5 (1St - 5Th Floor), Bscic I/E, Gazipur, Tongi",Gazipur,Tongi,2009,"['T-Shirts', 'Polo Shirts', 'Tank Top']",4800000.0,Very Large,16,3.7335640138408306,16608.996539792388,3,0,0,0,0,0,0
Stitch Tone Apparels Ltd.,Knit,5.0,750.0,371,1200000.0,"Under Wears ,Lingerie","18/19, Champa Tower, Stand Road, Chittagong, Mazirghat",Chittagong,Mazirghat,2006,"['Under Wears', 'Lingerie']",14400000.0,Very Large,19,2.0215633423180592,38814.01617250674,2,0,0,0,0,0,0
Stitchers Matrix Limited,Knit,1.0,150.0,84,30000000.0,"T-Shirt ,Polo Shirt","2078, Kunia, Targas, Nu, Gacha, Gazipur, National University, Gazipur, Gazipur",Gazipur,Gazipur,2021,"['T-Shirt', 'Polo Shirt']",360000000.0,Very Large,4,1.7857142857142858,4285714.285714285,2,1,0,0,0,1,0
Stitchwell Designs Ltd.,Knit,5.0,1494.0,570,270000.0,"Ladies Shirts ,Denim Trousers ,Polo Shirts","430/1/A, Tejgaon I/A, Dhaka, Tejgaon",Dhaka,Tejgaon,1995,"['Ladies Shirts', 'Denim Trousers', 'Polo Shirts']",3240000.0,Very Large,30,2.6210526315789475,5684.210526315789,3,0,0,0,0,0,0
Stoffa Tex Fashions Ltd.,Woven,5.0,704.0,617,312000.0,"Shirts ,Trousers ,T-Shirts ,Polo Shirts","7/3, Khartail, Sataish Road, Gazipur, Gazipur",Gazipur,Gazipur,2008,"['Shirts', 'Trousers', 'T-Shirts', 'Polo Shirts']",3744000.0,Very Large,17,1.141004862236629,6068.07131280389,4,0,0,0,0,0,0
Strees Fashion Int'l Ltd.,Knit,5.0,270.0,200,417000.0,"T-Shirts ,Polo Shirts","Depz Road, Shimultala, Jamgora, Ashulia, Dhaka, Savar",Dhaka,Savar,2010,"['T-Shirts', 'Polo Shirts']",5004000.0,Very Large,15,1.35,25020.0,2,0,0,0,0,0,0
Style Creator Ltd.,Woven,5.0,240.0,164,60000.0,"Shirts ,Pants","96-98 (3Rd Floor), Choydana, National University, Gazipur, Joydevpur",Gazipur,Joydevpur,2014,"['Shirts', 'Pants']",720000.0,Large,11,1.4634146341463414,4390.243902439024,2,0,0,1,0,0,0
Style Garden Ltd.,Woven,5.0,168.0,107,30000.0,"Shirts ,Pants","5, Sujat Nagar, Nurul Shopping Complex (6Th Floor), Dhaka, Mirpur-12",Dhaka,Mirpur-12,2014,"['Shirts', 'Pants']",360000.0,Large,11,1.5700934579439252,3364.4859813084113,2,0,0,1,0,0,0
Stylecraft Ltd.,Unknown,,0.0,0,600000.0,"Shirts ,Ladies Shirts ,Polo Shirts","1/1, East Chandana, Gazipur","1/1, East Chandana,",Gazipur,1985,"['Shirts', 'Ladies Shirts', 'Polo Shirts']",7200000.0,Very Large,40,0.0,0.0,3,0,0,0,0,0,0
Styline Knitting Inds. (Pvt.) Ltd.,Knit,1.0,174.0,100,120000.0,"T-Shirts ,Polo Shirts ,Sweat Shirts","Plot # 702 (3Rd & 4Th Floor), Jhajar, National University, Gazipur, Gazipur",Gazipur,Gazipur,1992,"['T-Shirts', 'Polo Shirts', 'Sweat Shirts']",1440000.0,Very Large,33,1.74,14400.0,3,0,0,0,0,0,0
Stylish Garments Ltd.,Woven,5.0,1200.0,1259,300000.0,"Shirts ,Pants","Holding # 306/1, Shirin Chowdhury Industrail Tower, Vogra (Chowdhury Bari), Gazipur, Vogra",Gazipur,Vogra,2015,"['Shirts', 'Pants']",3600000.0,Very Large,10,0.9531374106433678,2859.412231930103,2,0,0,1,0,0,0
Styllent Knit Ltd.,Sweater,1.0,3.0,83,666666.0,Sweater,"North Gomail, Zirabo, Ashulia, Dhaka, Dhaka",Dhaka,Dhaka,2022,['Sweater'],7999992.0,Very Large,3,0.03614457831325301,96385.44578313253,1,0,0,0,0,0,1
Stylo Fashion Garments Ltd.,Woven,5.0,1715.0,1000,360000.0,"Shirts ,Trousers ,Skirts","Nanduain, 2 No. Kaultia Union, Bhawal, Mirzapur, Gazipur, Joydevpur",Gazipur,Joydevpur,2004,"['Shirts', 'Trousers', 'Skirts']",4320000.0,Very Large,21,1.715,4320.0,3,0,0,0,0,0,0
Stylo Knitwear (Pvt.) Ltd.,Woven,5.0,557.0,350,100000.0,"Trousers ,Shorts ,Skirts","Nanduain # 2, Koultia Union, Vowel, Mirzapur, Gazipur, Joydevpur",Gazipur,Joydevpur,1994,"['Trousers', 'Shorts', 'Skirts']",1200000.0,Very Large,31,1.5914285714285714,3428.5714285714284,3,0,0,0,0,0,0
Styrax Fashions Ltd.,Knit,5.0,750.0,350,420000.0,"T-Shirts ,Boxer Shorts ,Pants ,Briefs","Plot # 194, Dhaka Depz (Extn), Ganakbari, Dhaka, Savar",Dhaka,Savar,2009,"['T-Shirts', 'Boxer Shorts', 'Pants', 'Briefs']",5040000.0,Very Large,16,2.142857142857143,14400.0,4,0,0,1,0,0,0
Suad Garments Inds Ltd.,Woven,5.0,2200.0,1628,6000000.0,"Shirts ,Pants ,Bermuda ,Jacket","Plot # 137-146, Aepz, Narayanganj, Narayangonj",Narayanganj,Narayangonj,2014,"['Shirts', 'Pants', 'Bermuda', 'Jacket']",72000000.0,Very Large,11,1.3513513513513513,44226.04422604423,4,0,0,1,1,0,0
Subarna Garments Ltd.,Knit,5.0,330.0,190,420000.0,"MB Shirts ,Blouses ,Swim Wears ,Bottom","68/V, Sagarica Road (Ground Floor), Chittagong, Pahartoli",Chittagong,Pahartoli,1985,"['MB Shirts', 'Blouses', 'Swim Wears', 'Bottom']",5040000.0,Very Large,40,1.736842105263158,26526.315789473683,4,0,0,0,0,0,0
Sublime Apparels Ltd.,Sweater,5.0,1260.0,450,1800000.0,Sweater,"Shishir Chala, Bagher Bazar, Gazipur, Bhabanipur",Gazipur,Bhabanipur,2014,['Sweater'],21600000.0,Very Large,11,2.8,48000.0,1,0,0,0,0,0,1
Sublime Greentex Ltd.,Knit,1.0,2600.0,1501,1850000.0,"T-Shirts ,Polo Shirts","Gilarchala, Sreepur, Gazipur, Gazipur, Gazipur",Gazipur,Gazipur,2018,"['T-Shirts', 'Polo Shirts']",22200000.0,Very Large,7,1.73217854763491,14790.139906728848,2,0,0,0,0,0,0
Suborno Bangladesh Ltd.,Knit,5.0,916.0,740,27000.0,"T-Shirts ,Polo Shirts","Hatimara, Kasimpur, Gazipur, Gazipur Sadar",Gazipur,Gazipur Sadar,2012,"['T-Shirts', 'Polo Shirts']",324000.0,Large,13,1.2378378378378379,437.8378378378378,2,0,0,0,0,0,0
Sufi Apparels Ltd.,Woven,5.0,750.0,350,12500.0,"Jackets ,Shorts ,T-Shirts ,Polo Shirts","Holding # 75, Plot # 2, Dt Road, Cda Market, Chittagong, Dhaka",Chittagong,Dhaka,2011,"['Jackets', 'Shorts', 'T-Shirts', 'Polo Shirts']",150000.0,Large,14,2.142857142857143,428.57142857142856,4,0,0,0,0,0,0
Sufia Garments Ltd.,Woven,1.0,5.0,181,100000.0,"Shirt ,Pant ,T-Shirt ,Polo Shirt","550, Kunia, National University, Gacha, Gazipur, Gazipur",Gazipur,Gazipur,2023,"['Shirt', 'Pant', 'T-Shirt', 'Polo Shirt']",1200000.0,Very Large,2,0.027624309392265192,6629.834254143647,4,1,1,0,0,1,0
Suhcheon Company (BD) Ltd.,Sweater,5.0,800.0,400,156000.0,Sweaters,"South Panishail (Opposite Of Bksp), Zirani Bazar, Gazipur, Joydevpur",Gazipur,Joydevpur,1999,['Sweaters'],1872000.0,Very Large,26,2.0,4680.0,1,0,0,0,0,0,0
Sujan Apparels Ltd.,Sweater,5.0,328.0,207,63000.0,Sweaters,"6, Barabi Para, National Universtity, Gazipur, Joydevpur",Gazipur,Joydevpur,2011,['Sweaters'],756000.0,Large,14,1.5845410628019323,3652.1739130434785,1,0,0,0,0,0,0
Suman Fashion Garments Ltd.,Woven,5.0,1000.0,450,140000.0,"Trousers ,Skirts ,Shorts","136, Elephant Road, Ananta Plaza (2Nd Floor), Dhaka, Elephant Road",Dhaka,Elephant Road,1985,"['Trousers', 'Skirts', 'Shorts']",1680000.0,Very Large,40,2.2222222222222223,3733.3333333333335,3,0,0,0,0,0,0
Sumi Apparels (Pvt) Ltd.,Woven,5.0,510.0,170,150000.0,"Shirts ,Pants ,Trousers","A-112 & 113 (West Part), Bscic I/E, Gazipur, B. Baria",Gazipur,B. Baria,2011,"['Shirts', 'Pants', 'Trousers']",1800000.0,Very Large,14,3.0,10588.235294117647,3,0,0,1,0,0,0
Sun Bird Garments Ind. (Pvt.) Ltd.,Woven,5.0,410.0,198,75000.0,"Shirts ,Ladies Dresses ,Pants","42/A, Zigatola (Salek Garden), Dhaka, Dhanmondi",Dhaka,Dhanmondi,1985,"['Shirts', 'Ladies Dresses', 'Pants']",900000.0,Large,40,2.0707070707070705,4545.454545454545,3,0,0,1,0,0,0
Sun Cherry Body Fashion MFTY Ltd.,Knit,5.0,715.0,240,500000.0,"Brassiers ,Panties ,Camisole","Holding # E-44, Word # 7, Chandra, Gazipur, Kaliakoir",Gazipur,Kaliakoir,2008,"['Brassiers', 'Panties', 'Camisole']",6000000.0,Very Large,17,2.9791666666666665,25000.0,3,0,0,0,0,0,0
Sun Fashion Wear Ltd.,Unknown,,0.0,0,60000.0,"Girls Dresses ,Jackets ,Swim Wears ,Pants","Mojaher Bhban (3Rd Fl) 222/223 K.B. Abdur Sattar Road Akderkalla Chittagong, Chittagong, Chittagong",Chittagong,Chittagong,1998,"['Girls Dresses', 'Jackets', 'Swim Wears', 'Pants']",720000.0,Large,27,0.0,0.0,4,0,0,1,0,0,0
Sun Garments,Woven,5.0,450.0,280,50000.0,"Jackets ,Pants ,Trousers ,Shorts","7, Ahsanullah Road (4Th Floor), Wiseghat, Islampur, Dhaka, Old Dhaka",Dhaka,Old Dhaka,1985,"['Jackets', 'Pants', 'Trousers', 'Shorts']",600000.0,Large,40,1.6071428571428572,2142.8571428571427,4,0,0,1,0,0,0
Sun-Seeds Apparel Ltd.,Woven,5.0,1050.0,500,60000.0,"Shirts ,Pants ,Shorts ,Trousers","60/Ka, Zoarshara Bazar, Dhaka, Cantonment",Dhaka,Cantonment,1994,"['Shirts', 'Pants', 'Shorts', 'Trousers']",720000.0,Large,31,2.1,1440.0,4,0,0,1,0,0,0
Sundry Apparels Ltd.,Woven,5.0,400.0,425,100000.0,"Shirts ,T-Shirts ,Polo Shirts","190/A, Sk. Mujib Road, Chittagong, Agargaon",Chittagong,Agargaon,2010,"['Shirts', 'T-Shirts', 'Polo Shirts']",1200000.0,Very Large,15,0.9411764705882353,2823.529411764706,3,0,0,0,0,0,0
Sunflower Garments Ltd.,Woven,5.0,498.0,324,51600.0,"Bottom ,Jackets ,Swim Wears","103, Dewanhat, Chittagong, Nasirabad",Chittagong,Nasirabad,1985,"['Bottom', 'Jackets', 'Swim Wears']",619200.0,Large,40,1.537037037037037,1911.111111111111,3,0,0,0,0,0,0
Sung Kwang Sweaters Ltd.,Sweater,5.0,200.0,100,0.0,Sweaters,"Ibrahim Tower, Plot # 313-315, Chandona Wareless Gate, Gazipur, Chondona",Gazipur,Chondona,1998,['Sweaters'],0.0,,27,2.0,0.0,1,0,0,0,0,0,0
Sunmoon Bangladesh Ltd.,Knit,5.0,300.0,150,150000.0,"T-Shirts ,Polo Shirts ,Trousers ,Jogging Suits","Plot # 11, Road # 1, Section # 7, Pallabi, Dhaka, Mirpur",Dhaka,Mirpur,2008,"['T-Shirts', 'Polo Shirts', 'Trousers', 'Jogging Suits']",1800000.0,Very Large,17,2.0,12000.0,4,0,0,0,0,0,0
Supasox Ltd.,Knit,5.0,300.0,165,353898.0,Socks MLC,"Ganak Bari, Dhaka, Savar",Dhaka,Savar,1995,['Socks MLC'],4246776.0,Very Large,30,1.8181818181818181,25738.036363636365,1,0,0,0,0,0,0
Super Knitting & Dyeing Mills. Ltd.,Knit,5.0,500.0,296,14000.0,"Shirts ,Panties ,Polo Shirts ,T-Shirts","Supper Knitting Complex, Baizid Bostami Road, Chittagong, Nasirabad I/A",Chittagong,Nasirabad I/A,1994,"['Shirts', 'Panties', 'Polo Shirts', 'T-Shirts']",168000.0,Large,31,1.6891891891891893,567.5675675675676,4,0,0,0,0,0,0
Super Shine Fashions Ltd.,Knit,5.0,300.0,200,150000.0,"T-Shirts ,Sweat Shirts ,Polo Shirts","58, Shanti Dhara, Dn Link Road, Narayanganj, Fatullah",Narayanganj,Fatullah,1998,"['T-Shirts', 'Sweat Shirts', 'Polo Shirts']",1800000.0,Very Large,27,1.5,9000.0,3,0,0,0,0,0,0
Superfine Fashion Limited,Woven,1.0,4.0,199,800000.0,"Shirt ,Pant ,T-Shirt ,Polo Shirt","367/1, West Mudafa, Masterbari, Tongi, Gazipur, Gazipur",Gazipur,Gazipur,2023,"['Shirt', 'Pant', 'T-Shirt', 'Polo Shirt']",9600000.0,Very Large,2,0.020100502512562814,48241.20603015075,4,1,1,0,0,1,0
Superior Apparel Ltd.,Woven,1.0,302.0,100,500000.0,"Shirt ,Pant ,Jacket ,T-Shirt","Plot # 146, Paragaon, Ashulia, Savar, Dhaka, Dhaka",Dhaka,Dhaka,2022,"['Shirt', 'Pant', 'Jacket', 'T-Shirt']",6000000.0,Very Large,3,3.02,60000.0,4,1,1,0,1,0,0
Supershine Apparels Ltd.,Knit,5.0,311.0,110,70000.0,"Jackets ,Trousers ,Shorts","1/1, Dit Road, Hazi Para, Dhaka, Rampura",Dhaka,Rampura,2000,"['Jackets', 'Trousers', 'Shorts']",840000.0,Large,25,2.827272727272727,7636.363636363636,3,0,0,0,0,0,0
Supertex Apparels Ltd.,Woven,5.0,450.0,200,60000.0,"Wind Breakers ,Overalls ,Pants","Dhakhin Khan Road, Dhaka, Uttara",Dhaka,Uttara,2000,"['Wind Breakers', 'Overalls', 'Pants']",720000.0,Large,25,2.25,3600.0,3,0,0,1,0,0,0
Supertex Designs Ltd.,Woven,5.0,1490.0,1100,360000.0,"Shirts ,Pants","B-409/1, Chandona, Joydebpur Road, Gazipur, Joydevpur",Gazipur,Joydevpur,2016,"['Shirts', 'Pants']",4320000.0,Very Large,9,1.3545454545454545,3927.2727272727275,2,0,0,1,0,0,0
Supertex Merchandising Co. Ltd.,Woven,5.0,950.0,920,130000.0,"Infants Wears ,Trousers ,Overalls ,Shorts","Dhakhin Khan Road, Gawire, Dhaka, Uttara",Dhaka,Uttara,1998,"['Infants Wears', 'Trousers', 'Overalls', 'Shorts']",1560000.0,Very Large,27,1.0326086956521738,1695.6521739130435,4,0,0,0,0,0,0
Supreme Apparels Ltd.,Woven,5.0,305.0,176,60000.0,"Shirts ,Jackets ,Trousers","54, Shantinagar, Dhaka, Shantinagar",Dhaka,Shantinagar,1992,"['Shirts', 'Jackets', 'Trousers']",720000.0,Large,33,1.7329545454545454,4090.909090909091,3,0,0,0,0,0,0
Supreme Fashion Wear Ltd.,Woven,5.0,250.0,100,18000.0,"Jackets ,Pants ,Pajama","72, East Testory Bazar, Dhaka, Dhaka",Dhaka,Dhaka,1989,"['Jackets', 'Pants', 'Pajama']",216000.0,Large,36,2.5,2160.0,3,0,0,1,0,0,0
Supreme Knitwear Ltd.,Sweater,5.0,825.0,780,184000.0,Sweaters,"Plot # 6-10, Adamjee Export Processing Zone, Narayanganj, Adamjee Nagar",Narayanganj,Adamjee Nagar,2009,['Sweaters'],2208000.0,Very Large,16,1.0576923076923077,2830.769230769231,1,0,0,0,0,0,0
Supreme Smartwear Ltd.,Woven,5.0,500.0,430,225000.0,Pants,"Plot # 1-5, Adamjee Epz, Adamjee Nagar, Narayanganj, Siddirganj",Narayanganj,Siddirganj,2010,['Pants'],2700000.0,Very Large,15,1.1627906976744187,6279.069767441861,1,0,0,1,0,0,0
Supreme Stitch Ltd.,Woven,5.0,2218.0,1281,60000.0,"T-Shirts ,Polo Shirts ,Pant-Short & Long","West Shaildube, Kashimpur, Gazipur, Gazipur",Gazipur,Gazipur,2009,"['T-Shirts', 'Polo Shirts', 'Pant-Short  Long']",720000.0,Large,16,1.7314597970335674,562.0608899297424,3,0,0,0,0,0,0
Suprov Composite Knit Ltd.,Knit,5.0,255.0,165,35000.0,"T-Shirts ,Polo Shirts","Vadam, Nishad Nagar, Gazipur, Tongi",Gazipur,Tongi,2010,"['T-Shirts', 'Polo Shirts']",420000.0,Large,15,1.5454545454545454,2545.4545454545455,2,0,0,0,0,0,0
Supti Sweater Ltd.,Sweater,5.0,450.0,100,115000.0,Sweater,"Hobir Bari, Seed Store, Mymensingh, Valuka",Mymensingh,Valuka,2015,['Sweater'],1380000.0,Very Large,10,4.5,13800.0,1,0,0,0,0,0,1
Suravee Garments Ltd.,Woven,5.0,600.0,225,75000.0,"Shirts ,Ladies Items","2-C, Darussalam Road, Dhaka, Mirpur",Dhaka,Mirpur,1985,"['Shirts', 'Ladies Items']",900000.0,Large,40,2.6666666666666665,4000.0,2,0,0,0,0,0,0
Surma Apparels Ltd.,Woven,5.0,353.0,218,70000.0,"Shortalls ,Pants ,Overalls ,Skirts","Misco Super Market, 4, Darussalam Road, Section -1, Dhaka, Mirpur",Dhaka,Mirpur,1994,"['Shortalls', 'Pants', 'Overalls', 'Skirts']",840000.0,Large,31,1.6192660550458715,3853.211009174312,4,0,0,1,0,0,0
Surma Garments Ltd.,Knit,5.0,320.0,220,22500.0,"T-Shirts ,Polo Shirts","Aicha, Noadda, Rajashan Road, Dhaka, Savar",Dhaka,Savar,1998,"['T-Shirts', 'Polo Shirts']",270000.0,Large,27,1.4545454545454546,1227.2727272727273,2,0,0,0,0,0,0
Susuka Knit Ltd.,Unknown,,0.0,0,500000.0,"T-Shirts ,Polo Shirts ,Tank Top","Yusuf Market, Yarpur, Ashulia, Dhaka","Yusuf Market, Yarpur, Ashulia",Dhaka,2019,"['T-Shirts', 'Polo Shirts', 'Tank Top']",6000000.0,Very Large,6,0.0,0.0,3,0,0,0,0,0,0
Swadeshi Pannya Ltd.,Woven,5.0,450.0,215,150000.0,"Shirts ,Polo Shirts ,Jogging Suits","40/26, Sagariea Road, Bsic Industrial Area, Chittagong, Pahartali",Chittagong,Pahartali,1985,"['Shirts', 'Polo Shirts', 'Jogging Suits']",1800000.0,Very Large,40,2.0930232558139537,8372.093023255815,3,0,0,0,0,0,0
Swagatam Garments Ltd.,Woven,5.0,207.0,80,36000.0,"Jackets ,Pants ,Jogging Sets","98, Muradpur (4Th Floor), Chittagong","98, Muradpur (4Th Floor),",Chittagong,1985,"['Jackets', 'Pants', 'Jogging Sets']",432000.0,Large,40,2.5875,5400.0,3,0,0,1,0,0,0
Swan Garments (Pvt.) Ltd.,Woven,5.0,1440.0,1096,240000.0,"Trousers ,Shorts ,Jackets ,Skirts","258, Mollartek, Dhaka, B. Baria",Dhaka,B. Baria,1986,"['Trousers', 'Shorts', 'Jackets', 'Skirts']",2880000.0,Very Large,39,1.313868613138686,2627.7372262773724,4,0,0,0,0,0,0
Swan Jeans Ltd.,Woven,5.0,200.0,76,50000.0,"Trousers ,Pants ,Shorts","Dag # 35504, Kanchkura, Dhaka, Uttarkhan",Dhaka,Uttarkhan,2006,"['Trousers', 'Pants', 'Shorts']",600000.0,Large,19,2.6315789473684212,7894.736842105263,3,0,0,1,0,0,0
Swan Sweaters Ltd.,Sweater,5.0,538.0,260,60000.0,Sweaters,"Ahmed Plaza Ambagh Road, Gazipur, Konabari",Gazipur,Konabari,2002,['Sweaters'],720000.0,Large,23,2.0692307692307694,2769.230769230769,1,0,0,0,0,0,0
Swatch Cotton Ltd.,Knit,1.0,4.0,106,208000.0,"T-Shirt ,Polo Shirt","Lalpur, Hossain Ahmed Road, Fatullah, Narayanganj, Narayangonj",Narayanganj,Narayangonj,2023,"['T-Shirt', 'Polo Shirt']",2496000.0,Very Large,2,0.03773584905660377,23547.169811320753,2,1,0,0,0,1,0
Sweater Apparels Ltd.,Sweater,5.0,400.0,120,40000.0,Sweaters,"Harinchala, Konabari, Gazipur, Joydevpur",Gazipur,Joydevpur,1999,['Sweaters'],480000.0,Large,26,3.3333333333333335,4000.0,1,0,0,0,0,0,0
Sweater Cottage Ltd.,Sweater,5.0,2500.0,1950,200000.0,"Sweaters ,Pullovers","Badakal Mesher, Gazipur, K.B. Bazar",Gazipur,K.B. Bazar,2006,"['Sweaters', 'Pullovers']",2400000.0,Very Large,19,1.2820512820512822,1230.7692307692307,2,0,0,0,0,0,0
Sweater Fashions Ltd.,Sweater,5.0,800.0,400,72000.0,Sweaters,"Harinchala, Konabari, Gazipur, Joydevpur",Gazipur,Joydevpur,1994,['Sweaters'],864000.0,Large,31,2.0,2160.0,1,0,0,0,0,0,0
Sweater Land Ltd.,Sweater,5.0,325.0,172,60000.0,Sweaters,"Kalampur Bazar, Dhaka, Dhamrai",Dhaka,Dhamrai,2007,['Sweaters'],720000.0,Large,18,1.8895348837209303,4186.046511627907,1,0,0,0,0,0,0
Sweater Manufacturing Co. Ltd.,Sweater,5.0,1000.0,818,75000.0,"Sweaters ,Pullovers ,Cardigans ,Scarf","10, Ganda, Dhaka, Savar",Dhaka,Savar,1998,"['Sweaters', 'Pullovers', 'Cardigans', 'Scarf']",900000.0,Large,27,1.2224938875305624,1100.2444987775061,4,0,0,0,0,0,0
Sweater Park Royal Ltd.,Sweater,5.0,45.0,58,35000.0,Sweater,"Shampur (Tibbat), Hemayetpur, Dhaka, Savar",Dhaka,Savar,2016,['Sweater'],420000.0,Large,9,0.7758620689655172,7241.379310344828,1,0,0,0,0,0,1
Sweater Zone Ltd.,Sweater,5.0,2500.0,1361,160000.0,"Sweaters ,Pullovers ,Cardigans","Naoujoor, Tangail Road, Chandona Chowrasta, Gazipur","Naoujoor, Tangail Road, Chandona Chowrasta",Gazipur,2008,"['Sweaters', 'Pullovers', 'Cardigans']",1920000.0,Very Large,17,1.836884643644379,1410.7274063188831,3,0,0,0,0,0,0
Sweatertech Ltd.,Sweater,5.0,1950.0,1400,250000.0,"Sweaters ,Pullovers ,Cardigans","Plot # 898, 1351, Gacha Road, Gazipur, Gazipur",Gazipur,Gazipur,2007,"['Sweaters', 'Pullovers', 'Cardigans']",3000000.0,Very Large,18,1.3928571428571428,2142.8571428571427,3,0,0,0,0,0,0
Sweet Design (Pvt.) Ltd.,Knit,5.0,550.0,343,0.0,"Shirts ,T-Shirts ,Polo Shirts","Mallik Tower, Plot # 13/17, Chiriakhana Road, Dhaka, Mirpur",Dhaka,Mirpur,2012,"['Shirts', 'T-Shirts', 'Polo Shirts']",0.0,,13,1.6034985422740524,0.0,3,0,0,0,0,0,0
Swiss Schiffli Fashion (BD) Ltd.,Knit,5.0,129.0,182,175000.0,"T-Shirts ,Polo Shirts","Gakul Nagar, Narayanpur, Narsingdi, Raipura",Narsingdi,Raipura,2011,"['T-Shirts', 'Polo Shirts']",2100000.0,Very Large,14,0.7087912087912088,11538.461538461539,2,0,0,0,0,0,0
Sydney Fashions Ltd.,Sweater,5.0,850.0,1007,84000.0,"Sweaters ,Pullovers ,Cardigans ,Jumpers","Holding # 15, Baliyara, National University, Gazipur, Gazipur Sadar",Gazipur,Gazipur Sadar,1993,"['Sweaters', 'Pullovers', 'Cardigans', 'Jumpers']",1008000.0,Very Large,32,0.8440913604766633,1000.9930486593843,4,0,0,0,0,0,0
Syed International,Woven,1.0,400.0,300,150000.0,"Shirt ,Pant ,T-Shirt ,Jacket","Dag # 6614, South Matuail, Mogal Nagar, Jatrabari, Dhaka, Dhaka",Dhaka,Dhaka,2021,"['Shirt', 'Pant', 'T-Shirt', 'Jacket']",1800000.0,Very Large,4,1.3333333333333333,6000.0,4,1,1,0,1,0,0
Syed Knit Wears Ltd.,Knit,5.0,600.0,450,300000.0,"Fleece Pants ,Panties ,Shorts ,Fleece Jackets","Ehasn Tower (2Nd Floor), 227/B Hafiz Nagar, Chittagong, Bakalia",Chittagong,Bakalia,2005,"['Fleece Pants', 'Panties', 'Shorts', 'Fleece Jackets']",3600000.0,Very Large,20,1.3333333333333333,8000.0,4,0,0,0,0,0,0
Syeed Trading,Woven,5.0,105.0,70,30000.0,"Shirts ,Dresses","564, Battali Road, Chittagong, Enayet Bazar",Chittagong,Enayet Bazar,1991,"['Shirts', 'Dresses']",360000.0,Large,34,1.5,5142.857142857143,2,0,0,0,0,0,0
Symphony Apparels Ltd.,Knit,5.0,250.0,150,360000.0,"Under Wears ,Sleep Wears ,Panties ,Knit Tops","28/25, Strand Road, Majirghat, Chittagong","28/25, Strand Road, Majirghat",Chittagong,1998,"['Under Wears', 'Sleep Wears', 'Panties', 'Knit Tops']",4320000.0,Very Large,27,1.6666666666666667,28800.0,4,0,0,0,0,0,0
Synergy Design Fashion (Pvt) Ltd.,Woven,5.0,260.0,132,85000.0,"Shirts ,Jackets ,Pants","Kalma-1, Dhaka, Savar",Dhaka,Savar,2007,"['Shirts', 'Jackets', 'Pants']",1020000.0,Very Large,18,1.9696969696969697,7727.272727272727,3,0,0,1,0,0,0
Synergy Fashions Ltd.,Sweater,5.0,690.0,460,270000.0,Sweater,"Baniarchala (Memberbari), Bhabanipur, Gazipur, Gazipur Sadar",Gazipur,Gazipur Sadar,2016,['Sweater'],3240000.0,Very Large,9,1.5,7043.478260869565,1,0,0,0,0,0,1
T-Design KnitWear Ltd.,Sweater,5.0,1190.0,1362,112500.0,Sweater,"Boherarchala, Gazipur, Sreepur",Gazipur,Sreepur,2016,['Sweater'],1350000.0,Very Large,9,0.8737151248164464,991.1894273127754,1,0,0,0,0,0,1
T-Design Ltd.,Knit,5.0,730.0,365,550000.0,"Ladies Wear ,Knitted Men's Wear ,Knitted Children's","Zirabo, Ashulia, Savar, Dhaka, Dhaka",Dhaka,Dhaka,2006,"['Ladies Wear', 'Knitted Mens Wear', 'Knitted Childrens']",6600000.0,Very Large,19,2.0,18082.19178082192,3,0,0,0,0,0,0
T-Design Sweaters Ltd.,Sweater,5.0,853.0,658,84000.0,"Sweaters ,Pullovers ,Cardigans","Nilnagar, Gazipur, Gazipur",Gazipur,Gazipur,2009,"['Sweaters', 'Pullovers', 'Cardigans']",1008000.0,Very Large,16,1.296352583586626,1531.9148936170213,3,0,0,0,0,0,0
T-Mart Computerised Sweater Ltd.,Sweater,5.0,152.0,75,60000.0,MGBLJacquard Sweater,"139/B, Senpara, Parbota, Dhaka, Mirpur-10",Dhaka,Mirpur-10,2005,['MGBLJacquard Sweater'],720000.0,Large,20,2.026666666666667,9600.0,1,0,0,0,0,0,0
T.H. Fashions,Knit,5.0,240.0,105,35000.0,"Shirts ,Jackets ,Jogging Suits","45 Free School Street (1St Floor), Hatirpul, Dhaka, Kawran Bazar",Dhaka,Kawran Bazar,1997,"['Shirts', 'Jackets', 'Jogging Suits']",420000.0,Large,28,2.2857142857142856,4000.0,3,0,0,0,0,0,0
T.J. Sweaters Ltd.,Sweater,5.0,950.0,650,120000.0,"Sweaters ,Pullovers ,Cardigans","16/7, Sataish Road, Gazipura, Gazipur, Tongi",Gazipur,Tongi,2011,"['Sweaters', 'Pullovers', 'Cardigans']",1440000.0,Very Large,14,1.4615384615384615,2215.3846153846152,3,0,0,0,0,0,0
T.S.R. Fashion & Design Ltd.,Sweater,5.0,498.0,300,25000.0,"Sweaters ,Cardigans ,Pullovers ,Jumpers","309, Chalabon, Shah Kabir Mazar Road, Dhaka, Uttara",Dhaka,Uttara,2007,"['Sweaters', 'Cardigans', 'Pullovers', 'Jumpers']",300000.0,Large,18,1.66,1000.0,4,0,0,0,0,0,0
Taati Fashion Apparels Ltd.,Knit,5.0,452.0,300,700000.0,"T-Shirts ,Pants ,Shorts","Dhaka Norsindi Highway, Vulta, Narayanganj, Rupganj",Narayanganj,Rupganj,2008,"['T-Shirts', 'Pants', 'Shorts']",8400000.0,Very Large,17,1.5066666666666666,28000.0,3,0,0,1,0,0,0
Tabassum Trade International,Knit,5.0,115.0,100,150000.0,"T-Shirts ,Polo Shirts","Mouchak, Gazipur, Kaliakoir",Gazipur,Kaliakoir,2009,"['T-Shirts', 'Polo Shirts']",1800000.0,Very Large,16,1.15,18000.0,2,0,0,0,0,0,0
Tafop Apparels Ltd.,Woven,5.0,750.0,330,120000.0,"Jackets ,Trousers ,Jogging Suits ,Children Wears","Plot # 1, 2, 3 (Part), Bscic I/E, Sagarica Road, Chittagong, Pahartali",Chittagong,Pahartali,2000,"['Jackets', 'Trousers', 'Jogging Suits', 'Children Wears']",1440000.0,Very Large,25,2.272727272727273,4363.636363636364,4,0,0,0,0,0,0
Taharat Composite Ltd.,Knit,1.0,1800.0,750,1200000.0,"Polo shirt ,T-Shirt ,Trouser ,Tank Top","Ahmed Plaza, Kundolbagh, Pukurpara, Zirabo, Ashulia, Dhaka, Dhaka",Dhaka,Dhaka,2017,"['Polo shirt', 'T-Shirt', 'Trouser', 'Tank Top']",14400000.0,Very Large,8,2.4,19200.0,4,1,0,0,0,0,0
Tahersons Fashions Ltd.,Knit,5.0,288.0,200,416000.0,"T-Shirts ,Polo Shirts","4700/H, Terminal Connection Rd., Chittagong, Chandgaon",Chittagong,Chandgaon,2009,"['T-Shirts', 'Polo Shirts']",4992000.0,Very Large,16,1.44,24960.0,2,0,0,0,0,0,0
Tahmina Denim Ltd.,Woven,5.0,650.0,333,43333.0,"Ladies Pants ,Kids Pants ,Cargo Pants ,Skirts","Sarabo, Gazipur, Kashimpur",Gazipur,Kashimpur,2007,"['Ladies Pants', 'Kids Pants', 'Cargo Pants', 'Skirts']",519996.0,Large,18,1.951951951951952,1561.5495495495495,4,0,0,0,0,0,0
Tahmina Knitwear Ltd.,Knit,5.0,850.0,320,600000.0,"T-Shirts ,Polo Shirts ,Ladies Night Wears ,Shorts","Sarabo, Gazipur, Kashimpur",Gazipur,Kashimpur,2007,"['T-Shirts', 'Polo Shirts', 'Ladies Night Wears', 'Shorts']",7200000.0,Very Large,18,2.65625,22500.0,4,0,0,0,0,0,0
Taj Knitting Inds. Ltd.,Knit,5.0,900.0,499,1500000.0,"T-Shirts ,Polo Shirts ,Jogging Suits","Kunia, National University, Gazipur, Joydevpur",Gazipur,Joydevpur,1996,"['T-Shirts', 'Polo Shirts', 'Jogging Suits']",18000000.0,Very Large,29,1.8036072144288577,36072.144288577154,3,0,0,0,0,0,0
Tajir Apparels Ltd.,Knit,5.0,450.0,130,120000.0,"T-Shirts ,Polo Shirts","Tayabpur, Manshi Market, Zirabo, Ashulia, Dhaka, Savar",Dhaka,Savar,2013,"['T-Shirts', 'Polo Shirts']",1440000.0,Very Large,12,3.4615384615384617,11076.923076923076,2,0,0,0,0,0,0
Takwa Dresses Ltd.,Knit,5.0,340.0,228,650000.0,"T-Shirts ,Polo Shirts","85/6, Gobindapur (Chamurkhan), Uzampur, Dhaka, Dhaka",Dhaka,Dhaka,2016,"['T-Shirts', 'Polo Shirts']",7800000.0,Very Large,9,1.4912280701754386,34210.52631578947,2,0,0,0,0,0,0
Takwa Fashion (Pvt.) Ltd.,Knit,5.0,250.0,165,40000.0,"Shirts ,Pants ,T-Shirts","Fatema Plaza, Angaura, Gouripur, Comilla, Daudkandi",Comilla,Daudkandi,2011,"['Shirts', 'Pants', 'T-Shirts']",480000.0,Large,14,1.5151515151515151,2909.090909090909,3,0,0,1,0,0,0
Talisman Ltd.,Woven,5.0,3700.0,2400,65000.0,"Blouses ,Jackets ,Trousers ,Skirts","Fs Sfb # 7 (1St Fl), Plot # 7-10 & 13-16, Depz Extension Area, Dhaka, Dhaka",Dhaka,Dhaka,2010,"['Blouses', 'Jackets', 'Trousers', 'Skirts']",780000.0,Large,15,1.5416666666666667,325.0,4,0,0,0,0,0,0
Tamanna Sweater Ltd.,Sweater,5.0,1500.0,985,180000.0,"Sweaters ,Cardigans ,Pullovers ,Sleeveless Vest","Mc Bazar, Mulaid, Mawana, Gazipur, Sreepur",Gazipur,Sreepur,2006,"['Sweaters', 'Cardigans', 'Pullovers', 'Sleeveless Vest']",2160000.0,Very Large,19,1.5228426395939085,2192.8934010152284,4,0,0,0,0,0,0
Tamishna Apparels Ltd.,Sweater,5.0,1250.0,500,100000.0,"Sweaters ,Pullovers ,Cardigans","129-130, Bhadam (4Th & 5Th Fl), Nishatnagar, Gazipur, Tongi",Gazipur,Tongi,2010,"['Sweaters', 'Pullovers', 'Cardigans']",1200000.0,Very Large,15,2.5,2400.0,3,0,0,0,0,0,0
Tamishna Fashion Wear Ltd.,Sweater,5.0,6000.0,2622,600000.0,"Sweaters ,Pullovers ,Cardigans ,Knitted Jackets","Plot # 247, Bhadam, Nishatnagar, Gazipur, Tongi",Gazipur,Tongi,2004,"['Sweaters', 'Pullovers', 'Cardigans', 'Knitted Jackets']",7200000.0,Very Large,21,2.288329519450801,2745.995423340961,4,0,0,0,0,0,0
Tamizuddin Fashions ltd.,Woven,5.0,310.0,0,0.0,"Shirts ,Jackets ,Pants","39, Malibagh Chowdhury Para, Dhaka, Malibagh",Dhaka,Malibagh,2004,"['Shirts', 'Jackets', 'Pants']",0.0,,21,0.0,0.0,3,0,0,1,0,0,0
Tammam Design Ltd.,Woven,5.0,0.0,0,0.0,Unknown,"42, Taiyabpur (Pukurpar), Zirabo, Dhaka, Savar",Dhaka,Savar,2001,[],0.0,,24,0.0,0.0,0,0,0,0,0,0,0
Tanay Sweater Ltd.,Sweater,5.0,1800.0,1500,200000.0,"Sweaters ,Pullovers ,Cardigans ,Jumpers","Hazi Azij Super Market (2Nd - 4Th Fl), Golakandail, Bhulta, Narayanganj, Rupganj",Narayanganj,Rupganj,2003,"['Sweaters', 'Pullovers', 'Cardigans', 'Jumpers']",2400000.0,Very Large,22,1.2,1600.0,4,0,0,0,0,0,0
Tanaz Fashions Ltd.,Woven,5.0,1906.0,0,456680.0,"Shirt ,Jackets ,Trousers ,Overall","216, Satish Road, Shamim Complex, Gazipura, Gazipur, Gazipur",Gazipur,Gazipur,2004,"['Shirt', 'Jackets', 'Trousers', 'Overall']",5480160.0,Very Large,21,0.0,0.0,4,0,1,0,0,0,0
Tandem Sweaters Ltd.,Sweater,5.0,269.0,100,18000.0,Sweaters,"Chamurkhan, Dhaka, Uttara",Dhaka,Uttara,2007,['Sweaters'],216000.0,Large,18,2.69,2160.0,1,0,0,0,0,0,0
Tangon Garments Ltd.,Woven,5.0,470.0,344,80000.0,"Jackets ,Overalls ,Cargo Pants ,Long Pants","A-100, Bscic I/E, Gazipur, Tongi",Gazipur,Tongi,2008,"['Jackets', 'Overalls', 'Cargo Pants', 'Long Pants']",960000.0,Large,17,1.3662790697674418,2790.6976744186045,4,0,0,0,0,0,0
Tanhasin Socks Co. Ltd.,Knit,5.0,90.0,50,13000.0,"T-Shirts ,Polo Shirts","Zirani Bazar, Madhabpur (Purbapara0, 1 No Ward, Zone-5, Gazipur, Gazipur Sadar",Gazipur,Gazipur Sadar,2015,"['T-Shirts', 'Polo Shirts']",156000.0,Large,10,1.8,3120.0,2,0,0,0,0,0,0
Tanima Knit Composite Ltd.,Knit,5.0,2079.0,820,97500.0,"T-Shirts ,Polo Shirts ,Jackets ,Pants","South Dariapur, Dhaka, Savar",Dhaka,Savar,2006,"['T-Shirts', 'Polo Shirts', 'Jackets', 'Pants']",1170000.0,Very Large,19,2.5353658536585364,1426.8292682926829,4,0,0,1,0,0,0
Tanni Knitwear Ltd.,Knit,5.0,250.0,135,35000.0,"T-Shirts ,Panties ,Shorts ,Boxer","4, Momin Road, Cda C/A, Chittagong","4, Momin Road, Cda C/A",Chittagong,1991,"['T-Shirts', 'Panties', 'Shorts', 'Boxer']",420000.0,Large,34,1.8518518518518519,3111.1111111111113,4,0,0,0,0,0,0
Tanriva Fashion Wear Ltd.,Woven,1.0,2.0,85,300000.0,Lengarie,"Vannara, Mouchak, Kaliakair, Gazipur, Gazipur",Gazipur,Gazipur,2022,['Lengarie'],3600000.0,Very Large,3,0.023529411764705882,42352.94117647059,1,0,0,0,0,0,0
Tanzila Textile Ltd.,Knit,5.0,1680.0,510,850000.0,"T-Shrts ,Polo Shirts ,Tank Tops","Baroy Para, Ashulia, Dhaka, Savar",Dhaka,Savar,2008,"['T-Shrts', 'Polo Shirts', 'Tank Tops']",10200000.0,Very Large,17,3.2941176470588234,20000.0,3,0,0,0,0,0,0
Tanzina Fashion Ltd.,Sweater,5.0,960.0,700,936000.0,Sweater,"Bawani Nagar, Dhaka, Demra",Dhaka,Demra,2015,['Sweater'],11232000.0,Very Large,10,1.3714285714285714,16045.714285714286,1,0,0,0,0,0,1
Taqwa Fabrics Ltd.,Knit,5.0,450.0,225,700000.0,"T-Shirts ,Polo Shirts","Kewa, Bohererchala, Gila Beraeed, Gazipur, Sreepur",Gazipur,Sreepur,2010,"['T-Shirts', 'Polo Shirts']",8400000.0,Very Large,15,2.0,37333.333333333336,2,0,0,0,0,0,0
Tarasima Apparels Ltd.,Woven,5.0,6000.0,3000,700000.0,"Jackets ,Trousers ,Skirts ,Shorts","Village-Golora, Po-Kaitta, Manikganj, Saturia",Manikganj,Saturia,2006,"['Jackets', 'Trousers', 'Skirts', 'Shorts']",8400000.0,Very Large,19,2.0,2800.0,4,0,0,0,0,0,0
Taratex (BD) Ltd.,Knit,5.0,700.0,350,300000.0,"Ladies Shirts ,Polo Shirts ,Kids Items","Plot # 30, Sataish Road, Gazipura, Gazipur, Tongi",Gazipur,Tongi,2008,"['Ladies Shirts', 'Polo Shirts', 'Kids Items']",3600000.0,Very Large,17,2.0,10285.714285714286,3,0,0,0,0,0,0
Taratex Fashion Ltd.,Knit,5.0,700.0,300,1000000.0,"T-Shirts ,Polo Shirts","6/1,, Noimuddin Mollah Road, Aouchpara, Gazipur, Tongi",Gazipur,Tongi,2013,"['T-Shirts', 'Polo Shirts']",12000000.0,Very Large,12,2.3333333333333335,40000.0,2,0,0,0,0,0,0
Target Denim & Casual Wear Ltd.,Woven,5.0,2850.0,1329,908334.0,"Shirts ,Pants","Islampur Road, Kadda, Nandun, Gazipur, Joydevpur",Gazipur,Joydevpur,2016,"['Shirts', 'Pants']",10900008.0,Very Large,9,2.144469525959368,8201.661399548533,2,0,0,1,0,0,0
Target Fine Wear Inds. Ltd.,Sweater,5.0,5400.0,2000,440000.0,"Sweaters ,Pullovers ,Cardigans ,Muflers","Vill-Outpara, Chandona Chowrasta, Gazipur, Joydevpur",Gazipur,Joydevpur,2009,"['Sweaters', 'Pullovers', 'Cardigans', 'Muflers']",5280000.0,Very Large,16,2.7,2640.0,4,0,0,0,0,0,0
Target Fine-Knit Inds Ltd.,Sweater,5.0,4500.0,1500,220000.0,"Sweaters ,Pullovers ,Cardigans ,Muflers","Bashati, Khamergaon, Mymensingh, B. Baria",Mymensingh,B. Baria,2007,"['Sweaters', 'Pullovers', 'Cardigans', 'Muflers']",2640000.0,Very Large,18,3.0,1760.0,4,0,0,0,0,0,0
Target Sweater Inds. Ltd.,Sweater,5.0,2100.0,1000,242000.0,"Sweaters ,Pullovers ,Muflers ,Cardigans","165, Shadhinata Sarani, North Badda, Dhaka, Badda",Dhaka,Badda,2003,"['Sweaters', 'Pullovers', 'Muflers', 'Cardigans']",2904000.0,Very Large,22,2.1,2904.0,4,0,0,0,0,0,0
Tariq Azim Textile Mills Ltd.,Woven,5.0,375.0,198,0.0,"Pants ,Shorts","Plot # 33-36, Road # 4, Sector # 1, Chittagong, Cepz",Chittagong,Cepz,2008,"['Pants', 'Shorts']",0.0,,17,1.893939393939394,0.0,2,0,0,1,0,0,0
Tas Knit And Fashion Ltd.,Knit,5.0,150.0,90,0.0,"T-Shirts ,Polo Shirts","Ak Tower, 19/02, Tongi Rail Gate, Gazipur, Tongi",Gazipur,Tongi,2016,"['T-Shirts', 'Polo Shirts']",0.0,,9,1.6666666666666667,0.0,2,0,0,0,0,0,0
Tasmia Apparels Ltd.,Woven,5.0,350.0,205,75000.0,"Jeans Pants ,Skirts ,Shorts ,Skarts","23/3, Uttar Adabor, Road # 6, Dhaka, Mohammadpur",Dhaka,Mohammadpur,2006,"['Jeans Pants', 'Skirts', 'Shorts', 'Skarts']",900000.0,Large,19,1.7073170731707317,4390.243902439024,4,0,0,0,0,0,0
Tasniah Fabrics Ltd.,Knit,5.0,1300.0,1700,10800000.0,"T-Shirts ,Polo Shirts ,Baby Club","Nayapara, Gazipur, Kashimpur",Gazipur,Kashimpur,2002,"['T-Shirts', 'Polo Shirts', 'Baby Club']",129600000.0,Very Large,23,0.7647058823529411,76235.29411764706,3,0,0,0,0,0,0
Taurus Styles Ltd.,Woven,5.0,481.0,262,85000.0,"Shirts ,Blouses ,Trousers ,Shorts","Plot # M-1/3 (7Th To 8Th Floor), Section # 14, Dhaka, Mirpur",Dhaka,Mirpur,1992,"['Shirts', 'Blouses', 'Trousers', 'Shorts']",1020000.0,Very Large,33,1.8358778625954197,3893.1297709923665,4,0,0,0,0,0,0
Tausif Apparels,Woven,5.0,300.0,110,50000.0,"Shirts ,Jackets ,Pants ,Shorts","G.P. Ka 15/5 Rasulbagh, Dhaka, Mohakhali",Dhaka,Mohakhali,1998,"['Shirts', 'Jackets', 'Pants', 'Shorts']",600000.0,Large,27,2.727272727272727,5454.545454545455,4,0,0,1,0,0,0
Tazkia Apparels Ltd.,Woven,1.0,1500.0,921,1200000.0,"Shirt ,Pant ,T-Shirt ,Jacket","House # 8, Road # 13, Sector # 3, Uttara, Dhaka, Dhaka",Dhaka,Dhaka,2022,"['Shirt', 'Pant', 'T-Shirt', 'Jacket']",14400000.0,Very Large,3,1.6286644951140066,15635.179153094463,4,1,1,0,1,0,0
Tazkia Fashions Ltd.,Woven,1.0,2.0,838,1000000.0,"T-Shirt ,Polo Shirt ,Shirt ,Denim Pant","Gouripur, Ashulia, Savar, Dhaka, Dhaka",Dhaka,Dhaka,2023,"['T-Shirt', 'Polo Shirt', 'Shirt', 'Denim Pant']",12000000.0,Very Large,2,0.002386634844868735,14319.80906921241,4,1,1,0,0,1,0
TBH Fashion Tex. (Pvt.) Ltd.,Woven,5.0,380.0,320,75000.0,"Shirts ,Polo Shirts ,Pants ,Jackets","Kha-10/4, Bepari Para, Dhaka, Dhaka",Dhaka,Dhaka,2011,"['Shirts', 'Polo Shirts', 'Pants', 'Jackets']",900000.0,Large,14,1.1875,2812.5,4,0,0,1,0,0,0
Team Apparels,Woven,5.0,585.0,350,80000.0,"Shirts ,Pants","Plot # 23 & 24, Sector # 5, Road # 4, Chittagong, Cepz",Chittagong,Cepz,2016,"['Shirts', 'Pants']",960000.0,Large,9,1.6714285714285715,2742.8571428571427,2,0,0,1,0,0,0
Teasoon Fashion Ltd.,Woven,5.0,400.0,250,36000.0,"Jackets ,Swim Shorts ,Pants","1142, North Agrabad, Mistri Para, Chittagong, Agrabad",Chittagong,Agrabad,2001,"['Jackets', 'Swim Shorts', 'Pants']",432000.0,Large,24,1.6,1728.0,3,0,0,1,0,0,0
Techno Fiber Ltd.,Woven,5.0,425.0,281,120000.0,",T-Shirts ,Pants","Afiz Complex, Chowdhurybari, Vogra, Gazipur, Vogra",Gazipur,Vogra,2013,"['', 'T-Shirts', 'Pants']",1440000.0,Very Large,12,1.5124555160142348,5124.5551601423485,3,0,0,1,0,0,0
Techno Dress Ltd.,Knit,5.0,600.0,340,280000.0,"T-Shirts ,Cargo Pajama ,Cargo Shorts","Munna Complex, 228, Dighirpar, Chittagong, Dewanhat",Chittagong,Dewanhat,2008,"['T-Shirts', 'Cargo Pajama', 'Cargo Shorts']",3360000.0,Very Large,17,1.7647058823529411,9882.35294117647,3,0,0,0,0,0,0
Techno Fashion,Woven,5.0,300.0,200,40000.0,"Jackets ,Pants ,Shorts ,Jogging Suits","1028, Shahor Khilgaon (1St Floor), Malibagh Bazar Road, Dhaka, Khilgaon",Dhaka,Khilgaon,1998,"['Jackets', 'Pants', 'Shorts', 'Jogging Suits']",480000.0,Large,27,1.5,2400.0,4,0,0,1,0,0,0
Teen Age Modern Fashion Ltd.,Knit,5.0,517.0,215,249.0,"T-Shirts ,Polo Shirts ,Ladies T-Shirts ,Ladies Bouses","Madani Super Market, Hemayetpur, Dhaka, Savar",Dhaka,Savar,2006,"['T-Shirts', 'Polo Shirts', 'Ladies T-Shirts', 'Ladies Bouses']",2988.0,Small,19,2.4046511627906977,13.897674418604652,4,0,0,0,0,0,0
Tejgaon Textile Mills Ltd.,Knit,5.0,950.0,520,750000.0,"T-Shirts ,Polo Shirts ,Tank Top ,Legging","402, Tejgaon I/A, Dhaka, Tejgaon",Dhaka,Tejgaon,2002,"['T-Shirts', 'Polo Shirts', 'Tank Top', 'Legging']",9000000.0,Very Large,23,1.8269230769230769,17307.69230769231,4,0,0,0,0,0,0
Temacos Fashion Wear Ltd.,Woven,5.0,2000.0,615,70000.0,Shirts,"Naoujoor, Tangail Road, Chandona Chowrasta, Gazipur","Naoujoor, Tangail Road, Chandona Chowrasta",Gazipur,2008,['Shirts'],840000.0,Large,17,3.252032520325203,1365.8536585365853,1,0,0,0,0,0,0
Temakaw Fashion Ltd.,Woven,5.0,418.0,350,5000.0,"Jackets ,Bomber ,Down ,Padded","808/1, Shewrapara, Begum Rokeya Sarani, Dhaka, Dhaka",Dhaka,Dhaka,2011,"['Jackets', 'Bomber', 'Down', 'Padded']",60000.0,Medium,14,1.1942857142857144,171.42857142857142,4,0,0,0,0,0,0
Tessera Outfitters Ltd.,Woven,1.0,320.0,548,104000.0,"Tops ,Bottom","110, Vadail Road, Ganakbari, Dhamsona, Ashulia, Savar, Dhaka, Dhaka",Dhaka,Dhaka,2022,"['Tops', 'Bottom']",1248000.0,Very Large,3,0.583941605839416,2277.3722627737225,2,0,0,0,0,0,0
Tex Asia Ltd.,Knit,5.0,150.0,38,90000.0,"T-Shirts ,Polo Shirts","Plot # B-16, Bscic Hosiery I/A, Narayanganj, Siddirgonj",Narayanganj,Siddirgonj,2001,"['T-Shirts', 'Polo Shirts']",1080000.0,Very Large,24,3.9473684210526314,28421.052631578947,2,0,0,0,0,0,0
Tex Empire Ltd.,Woven,1.0,5.0,170,10000000.0,"Shirt ,Pant ,T-Shirt ,Polo Shirt","G-119, Godnail, Chowdhury Bari, Shiddirganj, Narayanganj, Narayangonj",Narayanganj,Narayangonj,2023,"['Shirt', 'Pant', 'T-Shirt', 'Polo Shirt']",120000000.0,Very Large,2,0.029411764705882353,705882.3529411765,4,1,1,0,0,1,0
Tex Knit International,Knit,5.0,600.0,300,250000.0,"T-Shirts ,Polo Shirts ,Ladies Top ,Tank Top","Plot # 446/447, Kamarjuri, Board Bazar, Gazipur","Plot # 446/447, Kamarjuri, Board Bazar",Gazipur,2005,"['T-Shirts', 'Polo Shirts', 'Ladies Top', 'Tank Top']",3000000.0,Very Large,20,2.0,10000.0,4,0,0,0,0,0,0
Tex Tailor Export (BD) Ltd.,Knit,5.0,200.0,102,30000.0,"T-Shirts ,Polo Shirts","House # 320/3, Word # 02, Nur-Madina Masjid Road, Kawlar Maddah Para, Dhaka, Dakkhin Khan",Dhaka,Dakkhin Khan,2009,"['T-Shirts', 'Polo Shirts']",360000.0,Large,16,1.9607843137254901,3529.4117647058824,2,0,0,0,0,0,0
Tex Tech Co. Ltd.,Woven,5.0,35.0,800,456250.0,"Jackets ,Pants","Safwan Tower, Sharifpur (Maleker Bari), Khanpara, Gazipur, Gazipur",Gazipur,Gazipur,2006,"['Jackets', 'Pants']",5475000.0,Very Large,19,0.04375,6843.75,2,0,0,1,0,0,0
Tex Town Ltd.,Knit,5.0,1800.0,500,900000.0,"T-Shirts ,Polo Shirts ,Shorts","Bararangamtia, Dawan Idris Road, Zirabo, Dhaka, Dhaka",Dhaka,Dhaka,2004,"['T-Shirts', 'Polo Shirts', 'Shorts']",10800000.0,Very Large,21,3.6,21600.0,3,0,0,0,0,0,0
Tex Trapper BD Ltd.,Knit,5.0,210.0,120,33333.0,"Shirts ,Pants ,T-Shirts ,Polo Shirts","Plot # I-1, I-1/Ka (6Th Floor), Road # 1, Section # 1, Dhaka, Mirpur",Dhaka,Mirpur,2015,"['Shirts', 'Pants', 'T-Shirts', 'Polo Shirts']",399996.0,Large,10,1.75,3333.3,4,0,0,1,0,0,0
Tex-Heart Garments Ltd.,Woven,5.0,425.0,282,44200.0,"Shirts ,Pants","Hatabo (Sukur Market), Birabo, Narayangan, Rupganj",Narayangan,Rupganj,2014,"['Shirts', 'Pants']",530400.0,Large,11,1.5070921985815602,1880.8510638297873,2,0,0,1,0,0,0
Texas Apparels Ltd.,Knit,5.0,150.0,105,25000.0,"Polo Shirts ,Trousers ,T-Shirts ,Pants","B/24/1, Malibagh Chowdhury Para, Dit Road, Dhaka, Malibagh",Dhaka,Malibagh,1993,"['Polo Shirts', 'Trousers', 'T-Shirts', 'Pants']",300000.0,Large,32,1.4285714285714286,2857.1428571428573,4,0,0,1,0,0,0
Texas Clothing Ltd.,Woven,1.0,3.0,222,130000.0,"Shirt ,Pant ,Trouser ,Jacket","Plot # 50-53, Sfb # 3(3Rd Floor), Sector # 1, Uttara Epz, Saidpur, Nilphamari, Nilphamari",Nilphamari,Nilphamari,2023,"['Shirt', 'Pant', 'Trouser', 'Jacket']",1560000.0,Very Large,2,0.013513513513513514,7027.027027027027,4,0,1,0,1,0,0
Texas Dresses Ltd.,Knit,5.0,260.0,159,30000.0,"T-Shirts ,Polo Shirts ,Trousers ,Fleece","B-98, Malibagh Chowdhury Para, Dhaka, Malibagh",Dhaka,Malibagh,1999,"['T-Shirts', 'Polo Shirts', 'Trousers', 'Fleece']",360000.0,Large,26,1.6352201257861636,2264.1509433962265,4,0,0,0,0,0,0
Texas Fashions,Knit,5.0,206.0,170,40000.0,"Polo Shirts ,Trousers ,T-Shirts ,Fleece","B/24/A Malibagh Chowdhury Para, Dit Road, Dhaka, Malibagh",Dhaka,Malibagh,1994,"['Polo Shirts', 'Trousers', 'T-Shirts', 'Fleece']",480000.0,Large,31,1.2117647058823529,2823.529411764706,4,0,0,0,0,0,0
Texco Fashion Wear Ltd.,Knit,5.0,260.0,140,160000.0,"T-Shirts ,Polo Shirts ,Tank Top","262/1, Ibrahimpur, Kafrul, Dhaka, Kafrul",Dhaka,Kafrul,2010,"['T-Shirts', 'Polo Shirts', 'Tank Top']",1920000.0,Very Large,15,1.8571428571428572,13714.285714285714,3,0,0,0,0,0,0
Texeurop (BD) Ltd.,Knit,5.0,4500.0,1450,100000.0,"T-Shirts ,Polo Shirts ,Tank Tops ,Trouser","Vogra, Joydebpur, Gazipur, Gazipur",Gazipur,Gazipur,2007,"['T-Shirts', 'Polo Shirts', 'Tank Tops', 'Trouser']",1200000.0,Very Large,18,3.103448275862069,827.5862068965517,4,0,0,0,0,0,0
Texman Apparels Ltd.,Woven,1.0,4.0,122,3000000.0,"T-Shirt ,Polo Shirt","Palowan Para, Kathgora Bazar, Ashulia, Savar, Dhaka, Dhaka",Dhaka,Dhaka,2022,"['T-Shirt', 'Polo Shirt']",36000000.0,Very Large,3,0.03278688524590164,295081.9672131148,2,1,0,0,0,1,0
Texolline Apparels Ltd.,Woven,5.0,338.0,131,72000.0,"Trousers ,Shorts ,Pants ,Skirts","B-26, Shagorica Road, Bscic I/A, Chittagong, Pahartoli",Chittagong,Pahartoli,2007,"['Trousers', 'Shorts', 'Pants', 'Skirts']",864000.0,Large,18,2.5801526717557253,6595.419847328244,4,0,0,1,0,0,0
Texport Limited,Woven,5.0,360.0,220,90000.0,"Shirts ,Ladies Blouses ,Trousers ,Jackets","52, Shahid Tajuddin Ahmed Sarani (5Th Fl), Rasulbag, Dhaka, Mohakhali",Dhaka,Mohakhali,1992,"['Shirts', 'Ladies Blouses', 'Trousers', 'Jackets']",1080000.0,Very Large,33,1.6363636363636365,4909.090909090909,4,0,0,0,0,0,0
Texstar Design,Sweater,1.0,0.0,147,6500.0,"Jacquard ,Sweater","Ghoshbag, Zirabo, Ashulia, Savar, Dhaka, Dhaka",Dhaka,Dhaka,2017,"['Jacquard', 'Sweater']",78000.0,Medium,8,0.0,530.6122448979592,2,0,0,0,0,0,1
Textil Fashions Ltd.,Woven,5.0,720.0,410,104000.0,"Shirts ,Ladies Blouses ,Ladies Dresses ,Trousers","Holding # 6/1, Chaydana (Plot # 168), National University, Gazipur, Gazipur Sadar",Gazipur,Gazipur Sadar,1998,"['Shirts', 'Ladies Blouses', 'Ladies Dresses', 'Trousers']",1248000.0,Very Large,27,1.7560975609756098,3043.9024390243903,4,0,0,0,0,0,0
Textile Horizon Ltd.,Knit,5.0,300.0,117,500000.0,"T-Shirts ,Polo Shirts","House # 516, Barodewra, Road # 1/4/3, Chanditola, Gazipur, Tongi",Gazipur,Tongi,2012,"['T-Shirts', 'Polo Shirts']",6000000.0,Very Large,13,2.5641025641025643,51282.05128205128,2,0,0,0,0,0,0
Texvalley Sweater,Sweater,5.0,1800.0,1090,50000.0,Sweaters,"67/5A, Kuddus Khalifa Road, Morkun, Gazipur, Tongi",Gazipur,Tongi,2009,['Sweaters'],600000.0,Large,16,1.651376146788991,550.4587155963303,1,0,0,0,0,0,0
Texville Apparel Ltd.,Woven,5.0,120.0,54,333350.0,"Shirts ,Pants","Mirer Changao, Ashulia, Dhaka, Dhaka",Dhaka,Dhaka,2016,"['Shirts', 'Pants']",4000200.0,Very Large,9,2.2222222222222223,74077.77777777778,2,0,0,1,0,0,0
Texworld Knitwear Ltd.,Knit,1.0,4.0,207,10000.0,"T-Shirt ,Polo Shirt","Sutipara, Kalampur, Dhamrai, Dhaka, Dhaka",Dhaka,Dhaka,2022,"['T-Shirt', 'Polo Shirt']",120000.0,Large,3,0.01932367149758454,579.7101449275362,2,1,0,0,0,1,0
Thai Bangla Imperial Ltd.,Knit,5.0,360.0,200,70000.0,"Jackets ,Trousers ,Rugby Shirts ,Shorts","225, Hemayetpur, Singair Road, Dhaka, Savar",Dhaka,Savar,1998,"['Jackets', 'Trousers', 'Rugby Shirts', 'Shorts']",840000.0,Large,27,1.8,4200.0,4,0,0,0,0,0,0
That`s It Knit Ltd.,Sweater,5.0,2450.0,1700,240000.0,Sweaters,"145, Norsinghapur, Dhaka, B. Baria",Dhaka,B. Baria,2002,['Sweaters'],2880000.0,Very Large,23,1.4411764705882353,1694.1176470588234,1,0,0,0,0,0,0
That's It Garments Ltd.,Woven,5.0,1272.0,562,182000.0,"Shirts ,Overalls ,Pants","Nishatnagar, Gazipur, B. Baria",Gazipur,B. Baria,2004,"['Shirts', 'Overalls', 'Pants']",2184000.0,Very Large,21,2.263345195729537,3886.120996441281,3,0,0,1,0,0,0
That's It Sports Wear Ltd.,Woven,5.0,3000.0,1032,582400.0,"Shirts ,Pants ,Overalls","Plot # 147 &148, Ashulia, Dhaka, B. Baria",Dhaka,B. Baria,2005,"['Shirts', 'Pants', 'Overalls']",6988800.0,Very Large,20,2.9069767441860463,6772.093023255814,3,0,0,1,0,0,0
That's It Sweater Ltd.,Sweater,5.0,500.0,100,1800000.0,Sweater,"119, 145 East Narasinghpur, Ashulia, Dhaka, B. Baria",Dhaka,B. Baria,2014,['Sweater'],21600000.0,Very Large,11,5.0,216000.0,1,0,0,0,0,0,1
Thats' It Fashions Ltd.,Woven,5.0,750.0,400,72000.0,"Shirts ,Blouses ,Overalls","241, Tejgaon I/A, Dhaka, B. Baria",Dhaka,B. Baria,2021,"['Shirts', 'Blouses', 'Overalls']",864000.0,Large,4,1.875,2160.0,3,0,0,0,0,0,0
The Bay Super Textile Mills Ltd.,Woven,5.0,496.0,312,40000.0,"Jackets ,Pants ,Trousers ,Shorts","24/4, Chamelibag, Dhaka, Shantinagar",Dhaka,Shantinagar,1993,"['Jackets', 'Pants', 'Trousers', 'Shorts']",480000.0,Large,32,1.5897435897435896,1538.4615384615386,4,0,0,1,0,0,0
The Bottom Collections Ltd.,Woven,5.0,1086.0,470,200000.0,"Denim ,Trousers ,Jogging Suits ,Shorts","Sena Kalyan Comm. Complex (6Th Floor), Plot # 9, Block-F, Gazipur, Tongi",Gazipur,Tongi,2001,"['Denim', 'Trousers', 'Jogging Suits', 'Shorts']",2400000.0,Very Large,24,2.3106382978723405,5106.382978723404,4,0,0,0,0,0,0
The Chittagong Fashion Ltd.,Woven,5.0,200.0,83,0.0,"Blouses ,Trousers ,Night Wears","234/9, Kachukhet, Dhaka, Cantonment",Dhaka,Cantonment,2002,"['Blouses', 'Trousers', 'Night Wears']",0.0,,23,2.4096385542168677,0.0,3,0,0,0,0,0,0
The Chittagong Garments Ltd.,Woven,5.0,450.0,162,48000.0,"Pants ,Shorts","4/1 Sulak Bahar (3Rd Floor), Abdul Hamid Road, Chittagong, Panchalaish",Chittagong,Panchalaish,1992,"['Pants', 'Shorts']",576000.0,Large,33,2.7777777777777777,3555.5555555555557,2,0,0,1,0,0,0
The Civil Eng.Ltd. (Woven Unit),Woven,5.0,6132.0,500,120000.0,"Shirts ,Pants ,Jacket ,Shorts","Plot # 8-9, 159-160, Baghbari, Horindhora, Hemayetpur, Savar, Dhaka, Dhaka",Dhaka,Dhaka,2013,"['Shirts', 'Pants', 'Jacket', 'Shorts']",1440000.0,Very Large,12,12.264,2880.0,4,0,0,1,1,0,0
The Civil Engineers Ltd.,Woven,5.0,2018.0,300,80000.0,"Shirts ,Jackets ,Pants ,Shorts","401/B, Tejgaon I/A, Dhaka, Dhaka",Dhaka,Dhaka,2000,"['Shirts', 'Jackets', 'Pants', 'Shorts']",960000.0,Large,25,6.726666666666667,3200.0,4,0,0,1,0,0,0
The Civil Engineers Ltd. (Sw Unit),Sweater,5.0,1081.0,200,60000.0,"Sweaters ,Pullovers ,Cardigans","Telirchala, Mouchak, Kaliakoir, Gazipur, Gazipur",Gazipur,Gazipur,2009,"['Sweaters', 'Pullovers', 'Cardigans']",720000.0,Large,16,5.405,3600.0,3,0,0,0,0,0,0
The Cloth & Fashion Ltd.,Woven,5.0,300.0,120,60000.0,"Pants ,Shorts ,Skirts","1St, 2Nd & 3Rd Floor, Rajaghat, Rajfulbaria, Dhaka, Savar",Dhaka,Savar,2004,"['Pants', 'Shorts', 'Skirts']",720000.0,Large,21,2.5,6000.0,3,0,0,1,0,0,0
The Dacca Dying Garments Ltd.,Woven,5.0,1350.0,500,100000.0,"Shirts ,Polo Shirts","2, New Eskaton Road, Dhaka, Mogbazar",Dhaka,Mogbazar,1985,"['Shirts', 'Polo Shirts']",1200000.0,Very Large,40,2.7,2400.0,2,0,0,0,0,0,0
The Delta Apparels Ltd.,Knit,5.0,250.0,100,0.0,Knit Items,"South Jarun, Kashimpur, Gazipur, Konabari",Gazipur,Konabari,2000,['Knit Items'],0.0,,25,2.5,0.0,1,0,0,0,0,0,0
The Delta Composite Knitting Inds. Ltd.,Knit,5.0,700.0,300,750000.0,Knitted Garment,"Kashimpur, Gazipur, Konabari",Gazipur,Konabari,1999,['Knitted Garment'],9000000.0,Very Large,26,2.3333333333333335,30000.0,1,0,0,0,0,0,0
The Dress & The Ideas,Knit,5.0,426.0,310,175000.0,"Shirts ,Pants ,T-Shirts ,Polo Shirts","Simultola, Jamgora, Ashulia, Dhaka, Savar",Dhaka,Savar,2015,"['Shirts', 'Pants', 'T-Shirts', 'Polo Shirts']",2100000.0,Very Large,10,1.3741935483870968,6774.193548387097,4,0,0,1,0,0,0
The Exclusive Woven-Knit Wear Ltd.,Knit,5.0,180.0,150,125000.0,"T-Shirts ,Polo Shirts","55, Mohakhali Plaza (9Th Fl), Dhaka, Mohakhali",Dhaka,Mohakhali,2012,"['T-Shirts', 'Polo Shirts']",1500000.0,Very Large,13,1.2,10000.0,2,0,0,0,0,0,0
The Faiyaz Ltd.,Woven,5.0,550.0,250,50000.0,"Shirts ,Blouses ,Jackets ,Trousers","769, Shewrapra, Rokeya Sarani, Dhaka, Mirpur",Dhaka,Mirpur,1996,"['Shirts', 'Blouses', 'Jackets', 'Trousers']",600000.0,Large,29,2.2,2400.0,4,0,0,0,0,0,0
The Fashion Island Ltd.,Knit,5.0,1278.0,580,535000.0,"T-Shirts ,Polo Shirts ,Trousers","285/1/A, East Rampura, Dhaka, Rampura",Dhaka,Rampura,1997,"['T-Shirts', 'Polo Shirts', 'Trousers']",6420000.0,Very Large,28,2.203448275862069,11068.965517241379,3,0,0,0,0,0,0
The Finery Ltd.,Woven,5.0,656.0,287,125000.0,"Shirts ,Ladies Shirts ,Boys Shirts","2/D, Darus Salam Road, Section # 1, Dhaka, Mirpur",Dhaka,Mirpur,1990,"['Shirts', 'Ladies Shirts', 'Boys Shirts']",1500000.0,Very Large,35,2.2857142857142856,5226.480836236934,3,0,0,0,0,0,0
The Heliades Fashion Ltd.,Knit,5.0,220.0,184,156000.0,"T-Shirts ,Polo Shirts","Bscic, Plot # B/4, Block-A, Baizid Bostami, Chittagong, Baizid",Chittagong,Baizid,2012,"['T-Shirts', 'Polo Shirts']",1872000.0,Very Large,13,1.1956521739130435,10173.91304347826,2,0,0,0,0,0,0
The Immaculate (Pvt.) Ltd.,Knit,5.0,800.0,450,150000.0,"Ladies Blouse ,T-Shirts ,Golf Shirts","C-35, Section # 7, Dhaka, Mirpur",Dhaka,Mirpur,1985,"['Ladies Blouse', 'T-Shirts', 'Golf Shirts']",1800000.0,Very Large,40,1.7777777777777777,4000.0,3,0,0,0,0,0,0
The Lucky Apparel Int.l (Pte.) Ltd.,Woven,5.0,300.0,120,60000.0,"Shirts ,Pants ,Skirts ,Shorts","Rifal Club Complex, K.C. Dey Road, Chittagong","Rifal Club Complex, K.C. Dey Road",Chittagong,1985,"['Shirts', 'Pants', 'Skirts', 'Shorts']",720000.0,Large,40,2.5,6000.0,4,0,0,1,0,0,0
The Mohammadi Ltd.,Woven,5.0,554.0,220,100000.0,"Shirts ,Ladies Shirts ,Boy's Shirts","76/Ka, Joar Shahara, Dhaka, Cantonment",Dhaka,Cantonment,1990,"['Shirts', 'Ladies Shirts', 'Boys Shirts']",1200000.0,Very Large,35,2.518181818181818,5454.545454545455,3,0,0,0,0,0,0
The National Apparels Ltd.,Woven,5.0,430.0,200,42000.0,"Shirts ,Ladies Wears ,Pants ,Fleece Jackets","Al-Haj Narul Islam Shopping Complex, Baliara, National University, Gazipur, Gazipur Sadar",Gazipur,Gazipur Sadar,1991,"['Shirts', 'Ladies Wears', 'Pants', 'Fleece Jackets']",504000.0,Large,34,2.15,2520.0,4,0,0,1,0,0,0
The Need Apparels (Pvt.) Ltd.,Woven,5.0,1400.0,840,250000.0,"Shirts ,Pant ,Dress","154/C, Rajakhali Road, East Bakalia, Chittagong, Chittagong",Chittagong,Chittagong,1984,"['Shirts', 'Pant', 'Dress']",3000000.0,Very Large,41,1.6666666666666667,3571.4285714285716,3,0,0,0,0,0,0
The New Delta Apparels Ltd.,Woven,5.0,400.0,143,45000.0,"Shirts ,Pants","Plot # 6, 8 & 10, Road # 1/A, Turag Housing, Dhaka, Mohammadpur",Dhaka,Mohammadpur,1992,"['Shirts', 'Pants']",540000.0,Large,33,2.797202797202797,3776.2237762237764,2,0,0,1,0,0,0
The Overseas Apparels & Embroidery Ltd.,Woven,5.0,600.0,223,75000.0,"Shirts ,Ladies Shirts ,Boys Shirts","Khawaja Complex, Cb-234/9, Kachukhet, Dhaka, Cantonment",Dhaka,Cantonment,1994,"['Shirts', 'Ladies Shirts', 'Boys Shirts']",900000.0,Large,31,2.690582959641256,4035.8744394618834,3,0,0,0,0,0,0
The Rose Dresses Ltd.,Woven,5.0,350.0,202,96000.0,"Shirts ,Trousers ,Blouses ,Nightwears","Jamgara, Diakhali, Yearpur, Dhaka, Savar",Dhaka,Savar,2006,"['Shirts', 'Trousers', 'Blouses', 'Nightwears']",1152000.0,Very Large,19,1.7326732673267327,5702.970297029703,4,0,0,0,0,0,0
The Rose Garments Designer Ltd.,Unknown,,0.0,0,140000.0,"Shirts ,Jackets ,Pants","Dakhin Khan Bazar, Dhaka","Dakhin Khan Bazar,",Dhaka,1999,"['Shirts', 'Jackets', 'Pants']",1680000.0,Very Large,26,0.0,0.0,3,0,0,1,0,0,0
The Shanin Clothing Ltd.,Woven,5.0,700.0,273,130000.0,"Shirts ,Gir's Shirts ,Boy's Shirts","33, Lalit Mohandas Lane, Rdr Complex, Dhaka, Lalbagh",Dhaka,Lalbagh,2001,"['Shirts', 'Girs Shirts', 'Boys Shirts']",1560000.0,Very Large,24,2.5641025641025643,5714.285714285715,3,0,0,0,0,0,0
The Shanin Corporation Ltd.,Woven,5.0,450.0,166,80000.0,"Shirts ,Gir's Shirts ,Boy's Shirts","12/1, Hossain Uddin Khan 1St Lane, Lalbag, Nabanganj, Dhaka, Lalbagh",Dhaka,Lalbagh,1991,"['Shirts', 'Girs Shirts', 'Boys Shirts']",960000.0,Large,34,2.710843373493976,5783.1325301204815,3,0,0,0,0,0,0
The Shanin Ltd.,Woven,5.0,604.0,275,100000.0,"Pants ,Trousers","964, Shewrapara, Begum Rokeya Sarani, Dhaka, Mirpur",Dhaka,Mirpur,1996,"['Pants', 'Trousers']",1200000.0,Very Large,29,2.1963636363636363,4363.636363636364,2,0,0,1,0,0,0
The Silver Garments Bangladesh Ltd.,Woven,5.0,600.0,240,78000.0,"Shirts ,Blouses ,Night Wears","Diakhali, Yarpur, Jamgora, Ashulia, Dhaka, Savar",Dhaka,Savar,1986,"['Shirts', 'Blouses', 'Night Wears']",936000.0,Large,39,2.5,3900.0,3,0,0,0,0,0,0
The Well-Tex Ltd.,Woven,5.0,5000.0,2579,3772300.0,"Shirts ,Pants ,Jackets ,Trousers","Milaid, Mowna, Gazipur, Sreepur",Gazipur,Sreepur,2009,"['Shirts', 'Pants', 'Jackets', 'Trousers']",45267600.0,Very Large,16,1.9387359441644048,17552.38464521132,4,0,0,1,0,0,0
The Yolk Designs Ltd.,Woven,5.0,340.0,160,55000.0,"Shirts ,Blouses ,Shorts","67, Chowdhury Para, Purbo Hajipara, Dhaka, Malibagh",Dhaka,Malibagh,1997,"['Shirts', 'Blouses', 'Shorts']",660000.0,Large,28,2.125,4125.0,3,0,0,0,0,0,0
The Yolk Garments Ltd.,Woven,5.0,320.0,160,60000.0,"Shirts ,Trousers ,Jackets","10 North Madartek, Basabo, Sabujbag, Dhaka, Dhaka",Dhaka,Dhaka,1985,"['Shirts', 'Trousers', 'Jackets']",720000.0,Large,40,2.0,4500.0,3,0,0,0,0,0,0
Thina Sweaters Ltd.,Unknown,,0.0,0,48000.0,Sweaters,"Dager Chala, P.O: National University, Chaydana, Joydebpur, Gazipur","Dager Chala, P.O: National University, Chaydana, Joydebpur",Gazipur,2017,['Sweaters'],576000.0,Large,8,0.0,0.0,1,0,0,0,0,0,0
Three Shark Knitwear Ltd.,Woven,1.0,4.0,155,100000.0,"Shirt ,Pant ,T-Shirt ,Polo Shirt","B.K. Bari Mirjapur Bazar, Gazipur Sadar, Gazipur, Gazipur",Gazipur,Gazipur,2023,"['Shirt', 'Pant', 'T-Shirt', 'Polo Shirt']",1200000.0,Very Large,2,0.025806451612903226,7741.935483870968,4,1,1,0,0,1,0
Tian Knitwear Ltd.,Knit,5.0,260.0,196,200000.0,"T-Shirts ,Polo Shirts","Plot # 27, Dailla Naraibag, Dhaka, Demra",Dhaka,Demra,2010,"['T-Shirts', 'Polo Shirts']",2400000.0,Very Large,15,1.3265306122448979,12244.897959183674,2,0,0,0,0,0,0
Tiffiny's Wear Ltd.,Woven,5.0,479.0,580,75000.0,"Jackets ,Trousers ,Shorts ,Pants","Deowalia Bari, Gazipur, Konabari",Gazipur,Konabari,1992,"['Jackets', 'Trousers', 'Shorts', 'Pants']",900000.0,Large,33,0.8258620689655173,1551.7241379310344,4,0,0,1,0,0,0
Tillottama Fashions Ltd.,Knit,5.0,500.0,233,300000.0,"T-Shirts ,Polo Shirts ,Nightwears ,Singlet","Hortokitola, Attabaho, Chandra, Gazipur, Kaliakoir",Gazipur,Kaliakoir,1998,"['T-Shirts', 'Polo Shirts', 'Nightwears', 'Singlet']",3600000.0,Very Large,27,2.1459227467811157,15450.643776824034,4,0,0,0,0,0,0
Tina Knittings Ltd.,Woven,5.0,375.0,155,50000.0,"Shirts ,Ladies items ,Jackets ,Pants","Chairman Market, Dhakhin Khan Bazar, Dhaka, Uttara",Dhaka,Uttara,1994,"['Shirts', 'Ladies items', 'Jackets', 'Pants']",600000.0,Large,31,2.4193548387096775,3870.967741935484,4,0,0,1,0,0,0
Tinab Fashions Ltd.,Woven,5.0,275.0,100,30000.0,"Shirts ,Jackets ,Pants ,Shorts","G.P. Ka-15/5, Rasulbagh, Dhaka, Mohakhali",Dhaka,Mohakhali,1993,"['Shirts', 'Jackets', 'Pants', 'Shorts']",360000.0,Large,32,2.75,3600.0,4,0,0,1,0,0,0
Tip Top Fashions Ltd.,Woven,5.0,1022.0,140,45000.0,"Shirts ,Jackets ,Shorts ,Pants","Plot # I/1, Block - E, Avenue # 1, Section # 11, Dhaka, Mirpur",Dhaka,Mirpur,1994,"['Shirts', 'Jackets', 'Shorts', 'Pants']",540000.0,Large,31,7.3,3857.1428571428573,4,0,0,1,0,0,0
Tirnoi Fashion Limited,Knit,1.0,2.0,100,12000000.0,"T-Shirt ,Polo Shirt","Arabari, Mouchak, Kaliakoir, Gazipur, Gazipur",Gazipur,Gazipur,2023,"['T-Shirt', 'Polo Shirt']",144000000.0,Very Large,2,0.02,1440000.0,2,1,0,0,0,1,0
Tishanu Apparels Ltd.,Woven,5.0,350.0,200,200000.0,"Shirts ,Pants","House # 262/1 (6Th Fl), Uttar Ibrahimpur, Dhaka, Kafrul",Dhaka,Kafrul,2012,"['Shirts', 'Pants']",2400000.0,Very Large,13,1.75,12000.0,2,0,0,1,0,0,0
Titas Sportswear Industries Ltd.,Woven,5.0,5765.0,3707,186000.0,"Jackets ,Trousers ,Rain Wears ,Down Vests","Plot # 7-20, Sector # 3, Chittagong, Cepz",Chittagong,Cepz,1998,"['Jackets', 'Trousers', 'Rain Wears', 'Down Vests']",2232000.0,Very Large,27,1.5551659023469113,602.1041273266793,4,0,0,0,0,0,0
Titas Sweater Inds. Ltd.,Sweater,5.0,1314.0,1194,150000.0,"Cardigans ,Pullovers ,Jersey ,Hat","Kashimpur Road, Gazipur, Gazipur",Gazipur,Gazipur,2003,"['Cardigans', 'Pullovers', 'Jersey', 'Hat']",1800000.0,Very Large,22,1.100502512562814,1507.537688442211,4,0,0,0,0,0,0
Titash Garments International Ltd.,Knit,5.0,500.0,200,60000.0,"Shirts ,Blouses ,Trousers","House # 79, Block - C, Bir Uttam Ziaur Rahman Sarak, Dhaka, Banani",Dhaka,Banani,1985,"['Shirts', 'Blouses', 'Trousers']",720000.0,Large,40,2.5,3600.0,3,0,0,0,0,0,0
Tivoli Apparels Ltd.,Woven,5.0,155.0,187,70000.0,"Ladies Shirts ,Denim Trousers ,T-Shirts ,Polo Shirts","Plot # A/102, Bscic, I/A, Gazipur, Gazipur",Gazipur,Gazipur,1996,"['Ladies Shirts', 'Denim Trousers', 'T-Shirts', 'Polo Shirts']",840000.0,Large,29,0.8288770053475936,4491.9786096256685,4,0,0,0,0,0,0
TM Designers Ltd.,Woven,5.0,740.0,539,150000.0,"Trousers ,Shorts ,Skirts ,Dresses","Jobeda Tower (2Nd Floor), Chandona Chowrasta, Gazipur, Gazipur",Gazipur,Gazipur,2008,"['Trousers', 'Shorts', 'Skirts', 'Dresses']",1800000.0,Very Large,17,1.37291280148423,3339.517625231911,4,0,0,0,0,0,0
TM Fashions Ltd.,Woven,5.0,2400.0,1325,450000.0,"Pant ,Short ,Jacket ,Skirts","Haji Ismail Chowdhury Bhaban, Chandana Chowrasta, Gazipur, Gazipur",Gazipur,Gazipur,2010,"['Pant', 'Short', 'Jacket', 'Skirts']",5400000.0,Very Large,15,1.8113207547169812,4075.4716981132074,4,0,0,0,1,0,0
TM Knit Composite Ltd.,Woven,1.0,900.0,300,55000.0,"Shirt ,Pant ,T-Shirt ,Jacket","Sarabo, Kashimpur, Gazipur Sadar, Gazipur, Gazipur, Gazipur",Gazipur,Gazipur,2017,"['Shirt', 'Pant', 'T-Shirt', 'Jacket']",660000.0,Large,8,3.0,2200.0,4,1,1,0,1,0,0
TM Textiles & Garments Ltd.,Knit,5.0,2929.0,2406,1000000.0,"T-Shirts ,Polo Shirts ,Tank Top","Vill-Kashore, Word # 6, Hobirbari, Mymensingh, Valuka",Mymensingh,Valuka,2009,"['T-Shirts', 'Polo Shirts', 'Tank Top']",12000000.0,Very Large,16,1.2173732335827099,4987.5311720698255,3,0,0,0,0,0,0
TMA Fashion Ltd.,Woven,1.0,2.0,109,1500000.0,"Shirt ,Pant ,Jacket ,Trouser","Tayebpur, Zirabo, Ashulia, Savar, Dhaka, Dhaka",Dhaka,Dhaka,2022,"['Shirt', 'Pant', 'Jacket', 'Trouser']",18000000.0,Very Large,3,0.01834862385321101,165137.6146788991,4,0,1,0,1,0,0
TMF Clothing Ltd.,Knit,5.0,424.0,255,304166.0,"T-Shirts ,Polo Shirts ,Jackets ,Trousers","195, Jamgora, Ashulia Road, Dhaka, Savar",Dhaka,Savar,2008,"['T-Shirts', 'Polo Shirts', 'Jackets', 'Trousers']",3649992.0,Very Large,17,1.6627450980392158,14313.69411764706,4,0,0,0,0,0,0
TMS Fashions Ltd,Woven,5.0,500.0,200,150000.0,"Shirts ,Pants","25/2, Shah Ali Bagh, Dhaka, B. Baria",Dhaka,B. Baria,2007,"['Shirts', 'Pants']",1800000.0,Very Large,18,2.5,9000.0,2,0,0,1,0,0,0
TMSS Apparels Ltd.,Woven,1.0,5.0,283,340000.0,"Shirt ,Pant ,Denim & Twill ,T-Shirt","66/3, Dhorpara, Sataish, Chowrasta, Tongi, Gazipur, Gazipur",Gazipur,Gazipur,2019,"['Shirt', 'Pant', 'Denim  Twill', 'T-Shirt']",4080000.0,Very Large,6,0.0176678445229682,14416.96113074205,4,1,1,0,0,0,0
TNZ Apparels Ltd.,Woven,5.0,510.0,205,72000.0,"Shirts ,Pants ,Trousers ,Shorts","Sha - 74, North Badda, Dhaka, Badda",Dhaka,Badda,2006,"['Shirts', 'Pants', 'Trousers', 'Shorts']",864000.0,Large,19,2.4878048780487805,4214.634146341464,4,0,0,1,0,0,0
Todays Fashion Ltd.,Woven,5.0,250.0,170,40000.0,"Shirts ,Pants ,Jackets","Vill: Khartoil, P.O: Sataish, Gazipur, Tongi",Gazipur,Tongi,1997,"['Shirts', 'Pants', 'Jackets']",480000.0,Large,28,1.4705882352941178,2823.529411764706,3,0,0,1,0,0,0
Toha Knit Fashion Ltd.,Knit,5.0,350.0,120,180000.0,"T-Shirts ,Polo Shirts","A/7, (1St Floor) Bscic I/A, Shasongaon, Enayetnagar, Narayanganj, Fatullah",Narayanganj,Fatullah,2014,"['T-Shirts', 'Polo Shirts']",2160000.0,Very Large,11,2.9166666666666665,18000.0,2,0,0,0,0,0,0
Tokio Mode Limited,Knit,5.0,305.0,125,156000.0,"Jackets ,Underwears ,T-Shirts ,Polo Shirts","98/173, Chaydana, National University, Gazipur","98/173, Chaydana, National University",Gazipur,1991,"['Jackets', 'Underwears', 'T-Shirts', 'Polo Shirts']",1872000.0,Very Large,34,2.44,14976.0,4,0,0,0,0,0,0
Top Jeans Ltd.,Woven,5.0,990.0,572,250000.0,"Shirts ,Pants","618, Atipara, Uttarkhan, Dhaka, Uttara",Dhaka,Uttara,2014,"['Shirts', 'Pants']",3000000.0,Very Large,11,1.7307692307692308,5244.755244755244,2,0,0,1,0,0,0
Top Star Fashions Ltd.,Knit,5.0,500.0,236,45000.0,"Shorts ,Pants","N/224, Nazma Ahmed Complex, Chittagong, Dewanhat",Chittagong,Dewanhat,2009,"['Shorts', 'Pants']",540000.0,Large,16,2.1186440677966103,2288.135593220339,2,0,0,1,0,0,0
Top Style Sweater Ltd.,Sweater,5.0,330.0,240,25000.0,Sweaters,"Vogra, Bashon Sarak, Gazipur, Gazipur Sadar",Gazipur,Gazipur Sadar,2007,['Sweaters'],300000.0,Large,18,1.375,1250.0,1,0,0,0,0,0,0
Top Tex Sweaters Ltd.,Sweater,5.0,290.0,200,100000.0,Sweaters,"Dhonaid, Norshingpur, Ashulia, Dhaka, Dhaka",Dhaka,Dhaka,2010,['Sweaters'],1200000.0,Very Large,15,1.45,6000.0,1,0,0,0,0,0,0
Topaz Dresses Ltd.,Woven,5.0,750.0,400,1440000.0,"Shirts ,Trousers ,Pants","Shang-Singhardhigi, Mawna, Gazipur, Sreepur",Gazipur,Sreepur,2007,"['Shirts', 'Trousers', 'Pants']",17280000.0,Very Large,18,1.875,43200.0,3,0,0,1,0,0,0
Topaz Garments Ltd.,Woven,5.0,1100.0,577,250000.0,"Shirts ,Boy's Shirts","240, Tejgaon I/A, Dhaka, Tejgaon",Dhaka,Tejgaon,1993,"['Shirts', 'Boys Shirts']",3000000.0,Very Large,32,1.9064124783362217,5199.306759098787,2,0,0,0,0,0,0
Topman Fashion Wears Ltd.,Woven,5.0,300.0,125,20000.0,"Jackets ,Overalls ,Pants","724/2, D.T. Road, Chittagong, Mansurabad",Chittagong,Mansurabad,1998,"['Jackets', 'Overalls', 'Pants']",240000.0,Large,27,2.4,1920.0,3,0,0,1,0,0,0
Tops N Bottoms Ltd.,Woven,5.0,1200.0,575,250000.0,"Shirts ,Pants","1, Mill Gate, Gazipur, Tongi",Gazipur,Tongi,2012,"['Shirts', 'Pants']",3000000.0,Very Large,13,2.0869565217391304,5217.391304347826,2,0,0,1,0,0,0
Topway Industries Ltd.,Knit,5.0,450.0,400,15166.0,"T-Shirts ,Jackets ,Boxer","Sector # 4, Plot # 19-20, Chittagong, Chittagong",Chittagong,Chittagong,1992,"['T-Shirts', 'Jackets', 'Boxer']",181992.0,Large,33,1.125,454.98,3,0,0,0,0,0,0
Torque Fashions Ltd.,Woven,5.0,3.0,1250,570000.0,"Denim Jackets ,Pants ,Cargo Trousers","Paragram, Ashulia Bazar, Ashulia, Dhaka, Ashulia, Dhaka",Ashulia,Dhaka,2008,"['Denim Jackets', 'Pants', 'Cargo Trousers']",6840000.0,Very Large,17,0.0024,5472.0,3,0,0,1,0,0,0
Tory Fashion Wear Ltd.,Knit,5.0,500.0,230,275000.0,"Shirts ,Jackets ,T-Shirts ,Polo Shirts","Dug # 439, Dhour, Turag, Dhaka, Uttara",Dhaka,Uttara,2011,"['Shirts', 'Jackets', 'T-Shirts', 'Polo Shirts']",3300000.0,Very Large,14,2.1739130434782608,14347.826086956522,4,0,0,0,0,0,0
Tosrifa Indutries Ltd.,Knit,5.0,1083.0,512,300000.0,"T-Shirts ,Polo Shirts ,Jackets","Plot # 49-57, 135, Gopalpur, Monnunagar, Gazipur, B. Baria",Gazipur,B. Baria,2005,"['T-Shirts', 'Polo Shirts', 'Jackets']",3600000.0,Very Large,20,2.115234375,7031.25,3,0,0,0,0,0,0
Tosy Knit Fabrics Ltd.,Knit,5.0,250.0,130,70000.0,"Jackets ,T-Shirts ,Polo Shirts ,Tank Tops","Sahara Super Market, Bscic Road, Gazipur, Tongi",Gazipur,Tongi,1997,"['Jackets', 'T-Shirts', 'Polo Shirts', 'Tank Tops']",840000.0,Large,28,1.9230769230769231,6461.538461538462,4,0,0,0,0,0,0
Total Fashion Ltd.,Knit,5.0,1550.0,520,700000.0,"T-Shirts ,Polo Shirts ,Tank Top ,Fleece Jacket","Kamtal, Nangal Bandh, Barpara, Narayanganj, Bandar",Narayanganj,Bandar,2007,"['T-Shirts', 'Polo Shirts', 'Tank Top', 'Fleece Jacket']",8400000.0,Very Large,18,2.980769230769231,16153.846153846154,4,0,0,0,0,0,0
Total Socks Inds Ltd.,Knit,5.0,72.0,65,450000.0,Socks,"B-39, Bscic Shilpanagari, Kanchpur, Narayanganj, Kanchpur",Narayanganj,Kanchpur,2010,['Socks'],5400000.0,Very Large,15,1.1076923076923078,83076.92307692308,1,0,0,0,0,0,0
Total Textile Ltd.,Knit,5.0,620.0,250,60000.0,"Shirts ,Pants ,T-Shirts","Khapara, Auchpara, Gazipur, Tongi",Gazipur,Tongi,2011,"['Shirts', 'Pants', 'T-Shirts']",720000.0,Large,14,2.48,2880.0,3,0,0,1,0,0,0
Towel Tex Limited,Woven,1.0,0.0,46,0.0,Towels,"Chandona, Kaliakoir, Gazipur, Gazipur, Dhaka",Gazipur,Dhaka,2010,['Towels'],0.0,,15,0.0,0.0,1,0,0,0,0,0,0
Toyo Composite Knit Garments Ltd.,Knit,5.0,930.0,554,1200000.0,"T-Shirts ,Jogging Suits ,Sweat Shirts ,Polo Shirts","Sardar Complex (2Nd & 3Rd Floor), 1, South Kamalapur, Dhaka, Kamalapur",Dhaka,Kamalapur,1995,"['T-Shirts', 'Jogging Suits', 'Sweat Shirts', 'Polo Shirts']",14400000.0,Very Large,30,1.6787003610108304,25992.7797833935,4,0,0,0,0,0,0
Trade Fashions Industries Ltd.,Sweater,5.0,450.0,225,50000.0,"Sweaters ,Pullovers ,Cardigans ,Jackets","81, Mazar Road, 1St Colony, Dhaka, Mirpur",Dhaka,Mirpur,1993,"['Sweaters', 'Pullovers', 'Cardigans', 'Jackets']",600000.0,Large,32,2.0,2666.6666666666665,4,0,0,0,0,0,0
Trade Sweater Factory Ltd.,Sweater,5.0,550.0,200,50000.0,"Sweaters ,Cardigans ,Poncho","Satmosjid Super Market (4Th Floor), Holding No-Ga, Block # D, Dhaka, Mohammadpur",Dhaka,Mohammadpur,1993,"['Sweaters', 'Cardigans', 'Poncho']",600000.0,Large,32,2.75,3000.0,3,0,0,0,0,0,0
Trade Wind Sweaters Ltd.,Sweater,5.0,1458.0,584,121600.0,"Sweaters ,Jersey ,Cardigans ,Pullovers","Konabari Plaza (4Th & 5Th Floor), Nilnagar, Gazipur, B. Baria",Gazipur,B. Baria,2005,"['Sweaters', 'Jersey', 'Cardigans', 'Pullovers']",1459200.0,Very Large,20,2.4965753424657535,2498.6301369863013,4,0,0,0,0,0,0
Tradefare Gloves Ltd.,Knit,5.0,416.0,231,1500000.0,Hand Gloves,"Choydana, K.B. Bazar, Gazipur, Board Bazar",Gazipur,Board Bazar,1999,['Hand Gloves'],18000000.0,Very Large,26,1.800865800865801,77922.07792207792,1,0,0,0,0,0,0
Tradescan Fashionwear Limited,Woven,5.0,280.0,185,35000.0,"Jackets ,Pants ,Swim Trunks ,Dresses","1363/A, Askarabad, Chittagong","1363/A, Askarabad,",Chittagong,1996,"['Jackets', 'Pants', 'Swim Trunks', 'Dresses']",420000.0,Large,29,1.5135135135135136,2270.2702702702704,4,0,0,1,0,0,0
Tradescan Ltd.(Garments Div.),Woven,5.0,300.0,99,36000.0,"Jackets ,Pants","1248, D.T Road, Chittagong, Dhanialapara",Chittagong,Dhanialapara,1993,"['Jackets', 'Pants']",432000.0,Large,32,3.0303030303030303,4363.636363636364,2,0,0,1,0,0,0
Trans World Sweaters Ltd.,Woven,5.0,2028.0,300,80000.0,"Shirt ,Pant ,Jacket ,Shorts","Plot # 317, Bahadurpur, Bhawal Mirzapur, Rajendrapur (Bangla Bazar), Gazipur, Gazipur",Gazipur,Gazipur,2003,"['Shirt', 'Pant', 'Jacket', 'Shorts']",960000.0,Large,22,6.76,3200.0,4,0,1,0,1,0,0
Trasco Apparels Ltd.,Woven,5.0,225.0,70,200000.0,"Polo Shirts, ,Pyjama Sets, ,Basic T-Shirts","47/8, B.B. Road Azahar Super Market, Narayanganj","47/8, B.B. Road Azahar Super Market,",Narayanganj,1995,"['Polo Shirts', '', 'Pyjama Sets', '', 'Basic T-Shirts']",2400000.0,Very Large,30,3.2142857142857144,34285.71428571428,5,0,0,0,0,0,0
Treat Point Limited,Woven,1.0,5.0,100,7440000.0,"shirt ,pant","Mirzapur , Mirzapur Bazar, Gazipur Sadar, Gazipur, Bangladesh., Gazipur, Gazipur",Gazipur,Gazipur,2021,"['shirt', 'pant']",89280000.0,Very Large,4,0.05,892800.0,2,0,0,0,0,0,0
Trend Force Garments (BD) Ltd.,Sweater,5.0,265.0,198,84000.0,Sweaters,"Plot # 491 Nawjor, Baypasmor, Pokadd Bazar, Gazipur, Gazipur",Gazipur,Gazipur,2006,['Sweaters'],1008000.0,Very Large,19,1.3383838383838385,5090.909090909091,1,0,0,0,0,0,0
Trendy Choice Ltd.,Woven,1.0,320.0,200,0.0,"Long Pant ,Jacket ,T-Shirt ,Trouser","122/123, Darus Salam (2Nd Floor), Mirpur Road, Dhaka, Dhaka",Dhaka,Dhaka,2021,"['Long Pant', 'Jacket', 'T-Shirt', 'Trouser']",0.0,,4,1.6,0.0,4,1,0,0,1,0,0
Trendy Outerwear Ltd.,Woven,5.0,1400.0,100,130000.0,"Shirts ,Pants","Belma, Dhaka, Ashulia",Dhaka,Ashulia,2015,"['Shirts', 'Pants']",1560000.0,Very Large,10,14.0,15600.0,2,0,0,1,0,0,0
Trendy Textiles Limited,Woven,1.0,4.0,1580,1000000.0,"Shirt ,Pant ,Trouser","Plot # 269-276, Dhaka Epz, Ganakbari, Ashulia, Savar, Dhaka, Dhaka",Dhaka,Dhaka,2023,"['Shirt', 'Pant', 'Trouser']",12000000.0,Very Large,2,0.002531645569620253,7594.93670886076,3,0,1,0,0,0,0
Tricot Fashion Ltd.,Knit,5.0,200.0,109,195000.0,"T-Shirts ,Polo Shirts","Lamapara, Kutubail, Narayanganj, Fatullah",Narayanganj,Fatullah,2012,"['T-Shirts', 'Polo Shirts']",2340000.0,Very Large,13,1.834862385321101,21467.889908256882,2,0,0,0,0,0,0
Tricotex (Pvt) Ltd.,Sweater,5.0,650.0,400,75000.0,"Sweaters ,Pullovers ,Cardigans","92/1, Senpara Parbata, Section # 10, Dhaka, Mirpur",Dhaka,Mirpur,2000,"['Sweaters', 'Pullovers', 'Cardigans']",900000.0,Large,25,1.625,2250.0,3,0,0,0,0,0,0
Tricotex Sweaters Ltd.,Sweater,5.0,4500.0,2225,200000.0,"Sweaters ,Pullovers ,Cardigans","Naoujoor, Tangail Road, Chandana Chowrasta, Gazipur, Chandona",Gazipur,Chandona,2006,"['Sweaters', 'Pullovers', 'Cardigans']",2400000.0,Very Large,19,2.0224719101123596,1078.6516853932585,3,0,0,0,0,0,0
Triple I Knitwears Ltd.,Woven,1.0,2.0,316,4600000.0,"Shirt ,Pant ,T-Shirt","Mouchak, Mouchak, Kaliakair, Gazipur, Gazipur",Gazipur,Gazipur,2022,"['Shirt', 'Pant', 'T-Shirt']",55200000.0,Very Large,3,0.006329113924050633,174683.54430379748,3,1,1,0,0,0,0
Triple Seven Apparels Ltd.,Knit,5.0,1000.0,417,207000.0,"Shirts ,Blouses ,Pants ,Polo Shirts","Sujat Plaza-2 (3Rd - 5Th Floor), Sujat Nagar, Pallabi, Dhaka, Mirpur",Dhaka,Mirpur,2009,"['Shirts', 'Blouses', 'Pants', 'Polo Shirts']",2484000.0,Very Large,16,2.3980815347721824,5956.8345323741005,4,0,0,1,0,0,0
Tropica Garments Ltd.,Woven,5.0,950.0,643,108000.0,"Shirts ,Pants ,Skirts","63, Mohakhali C/A, Dhaka, Mohakhali",Dhaka,Mohakhali,1985,"['Shirts', 'Pants', 'Skirts']",1296000.0,Very Large,40,1.4774494556765163,2015.552099533437,3,0,0,1,0,0,0
Tropical Fashions Ltd.,Woven,1.0,600.0,226,9550000.0,"Shirt ,Pant ,T-Shirt ,Polo Shirt","Sarabo, Kashimpur, Gazipur, Gazipur",Gazipur,Gazipur,2020,"['Shirt', 'Pant', 'T-Shirt', 'Polo Shirt']",114600000.0,Very Large,5,2.6548672566371683,507079.6460176991,4,1,1,0,0,1,0
Tropical Knitex Ltd.,Knit,5.0,950.0,297,960000.0,"T-Shirts ,Polo Shirts","Chandona, Gazipur, Kaliakoir",Gazipur,Kaliakoir,2001,"['T-Shirts', 'Polo Shirts']",11520000.0,Very Large,24,3.1986531986531985,38787.878787878784,2,0,0,0,0,0,0
Trouser Land Ltd.,Woven,1.0,950.0,897,160800.0,"Shirt ,Pant ,T-Shirt ,Polo Shirt","1460/1, Gacha Road, Kunia, National University, Gazipur Sadar, Gazipur, Gazipur",Gazipur,Gazipur,2017,"['Shirt', 'Pant', 'T-Shirt', 'Polo Shirt']",1929600.0,Very Large,8,1.0590858416945375,2151.170568561873,4,1,1,0,0,1,0
Trouser Line Ltd.,Woven,5.0,667.0,354,250000.0,"Shirts ,Jackets ,Pants","Toyebpur, Ashulia, Dhaka, Dhaka",Dhaka,Dhaka,2009,"['Shirts', 'Jackets', 'Pants']",3000000.0,Very Large,16,1.884180790960452,8474.57627118644,3,0,0,1,0,0,0
Trouser World (Pvt) Ltd.,Woven,5.0,750.0,450,150000.0,"Jackets ,Ladies Dress ,Pants ,Skirts","Plot # 640, Kunia, Gazipur, Gazipur",Gazipur,Gazipur,2007,"['Jackets', 'Ladies Dress', 'Pants', 'Skirts']",1800000.0,Very Large,18,1.6666666666666667,4000.0,4,0,0,1,0,0,0
Trust Knitwear Inds. Ltd.,Knit,5.0,5.0,790,1500000.0,"Ladies Dress ,Polo Shirts ,T-Shirts ,Tank Tops","Indrapur Road, Bhabanipur, Gazipur, Gazipur",Gazipur,Gazipur,2007,"['Ladies Dress', 'Polo Shirts', 'T-Shirts', 'Tank Tops']",18000000.0,Very Large,18,0.006329113924050633,22784.810126582277,4,0,0,0,0,0,0
Trust Trouser Ltd.,Woven,5.0,1000.0,250,200000.0,"Jackets ,Track Suits ,Trousers ,Jogging Suits","Sultan Mansion (4Th Floor), 3, Sujat Nagar, Section # 12, Dhaka, Mirpur",Dhaka,Mirpur,2001,"['Jackets', 'Track Suits', 'Trousers', 'Jogging Suits']",2400000.0,Very Large,24,4.0,9600.0,4,0,0,0,0,0,0
Trutex Apparel Ltd.,Woven,1.0,355.0,183,40000.0,"Shirt ,Pant ,T-Shirt ,Polo Shirt","Maska, Maska Bazar, Kendua, Netrokona, Netrokona",Netrokona,Netrokona,2023,"['Shirt', 'Pant', 'T-Shirt', 'Polo Shirt']",480000.0,Large,2,1.9398907103825136,2622.9508196721313,4,1,1,0,0,1,0
Trybe Fashions Ltd.,Woven,5.0,420.0,250,200000.0,"Ladies Fasion Wears ,Suits ,Girls Dress ,Skirts","142, Board Bazar, Gacha, National University, Gazipur","142, Board Bazar, Gacha, National University",Gazipur,2010,"['Ladies Fasion Wears', 'Suits', 'Girls Dress', 'Skirts']",2400000.0,Very Large,15,1.68,9600.0,4,0,0,0,0,0,0
TRZ Garments Industry Ltd.,Woven,5.0,575.0,286,70000.0,"Jackets ,Bib Overalls ,Rain Wears ,Rompers","Gacha Road, Gacha, Gazipur, Gazipur Sadar",Gazipur,Gazipur Sadar,1999,"['Jackets', 'Bib Overalls', 'Rain Wears', 'Rompers']",840000.0,Large,26,2.0104895104895104,2937.062937062937,4,0,0,0,0,0,0
TS Apparels Ltd.,Knit,5.0,200.0,172,90000.0,"Shirts ,Pants ,T-Shirts ,Polo Shirts","Kanupukur Star Building (2Nd Floor), 1731, Mostafa Hakim College Road, North Kattali, Chittagong, Pahartali",Chittagong,Pahartali,2015,"['Shirts', 'Pants', 'T-Shirts', 'Polo Shirts']",1080000.0,Very Large,10,1.1627906976744187,6279.069767441861,4,0,0,1,0,0,0
TS Casual Wear Limited,Sweater,5.0,700.0,300,50000.0,"Sweaters ,Pullovers ,Cardigans","50, Begum Rokeya Sarani, Shewrapara, Dhaka, B. Baria",Dhaka,B. Baria,1998,"['Sweaters', 'Pullovers', 'Cardigans']",600000.0,Large,27,2.3333333333333335,2000.0,3,0,0,0,0,0,0
Tsim's Company Bangladesh Ltd.,Woven,5.0,548.0,462,100000.0,"Hats ,Hand Gloves ,Scarf","Road # 4, South Halishahar, Chittagong, Cepz",Chittagong,Cepz,1998,"['Hats', 'Hand Gloves', 'Scarf']",1200000.0,Very Large,27,1.1861471861471862,2597.4025974025976,3,0,0,0,0,0,0
TSR Apparels Ltd.,Woven,5.0,800.0,400,1500000.0,"Shirts ,Blouse ,Trousers ,Shorts","House # 42, Road # 2, Block - E, Ward # 6, Dhaka, Dhaka",Dhaka,Dhaka,2012,"['Shirts', 'Blouse', 'Trousers', 'Shorts']",18000000.0,Very Large,13,2.0,45000.0,4,0,0,0,0,0,0
Ttex Knitwear Ltd.,Knit,5.0,200.0,100,170000.0,"T- Shirts ,Polo Shirts","Yearpur Road, Zerabo Bazar, Ashulia, Dhaka, Savar",Dhaka,Savar,2013,"['T- Shirts', 'Polo Shirts']",2040000.0,Very Large,12,2.0,20400.0,2,0,0,0,0,0,0
Tuba Fashion Ltd.,Knit,5.0,377.0,205,150000.0,"T-Shirts ,Fleece Jackets ,Polo Shirts","Dag # 1680, 1683, Ananda Nagar,, Marul Badda, Dhaka, Badda",Dhaka,Badda,2005,"['T-Shirts', 'Fleece Jackets', 'Polo Shirts']",1800000.0,Very Large,20,1.8390243902439025,8780.487804878048,3,0,0,0,0,0,0
Tuba Garments Ltd.,Knit,5.0,379.0,379,180000.0,Unknown,"Plot # 1682, Anandanagar, Merul Badda, Dhaka, Badda",Dhaka,Badda,2007,[],2160000.0,Very Large,18,1.0,5699.2084432717675,0,0,0,0,0,0,0
Tulaga Sweater Ltd.,Unknown,,0.0,0,90000.0,Sweaters,"Plot # A/8-9, Bscic, Gazipur, Gazipur",Gazipur,Gazipur,2019,['Sweaters'],1080000.0,Very Large,6,0.0,0.0,1,0,0,0,0,0,0
Tung Hai Knitting & Dyeing Ltd.,Sweater,5.0,2300.0,2177,250000.0,Sweaters,"Shibrampur, Gazipur, Zirani",Gazipur,Zirani,2008,['Sweaters'],3000000.0,Very Large,17,1.056499770326137,1378.0431786862655,1,0,0,0,0,0,0
Tulip Sweater Ltd.,Sweater,5.0,500.0,230,46000.0,Sweater,"Naljani, Chandona Chowrasta, Gazipur, Chandana",Gazipur,Chandana,2013,['Sweater'],552000.0,Large,12,2.1739130434782608,2400.0,1,0,0,0,0,0,1
Tung Hai Knitting & Dyeing Ltd.,Sweater,5.0,2300.0,2177,250000.0,Sweaters,"Shibrampur, Gazipur, Zirani",Gazipur,Zirani,2008,['Sweaters'],3000000.0,Very Large,17,1.056499770326137,1378.0431786862655,1,0,0,0,0,0,0
Tung Hai Sweaters Ltd.,Sweater,5.0,2500.0,1693,250000.0,Sweaters,"30/2, Darussalam Road, Inds. Plot # 2C/1-B, Sec # 1, Dhaka, Mirpur",Dhaka,Mirpur,1997,['Sweaters'],3000000.0,Very Large,28,1.4766686355581808,1772.0023626698169,1,0,0,0,0,0,0
Tunic Apparels Ltd.,Woven,1.0,0.0,0,125000.0,"Jackets ,Blouses ,Pants","Plot # M-4/3, Road # 7 Section # 7, Pallabi Mirpur, Dhaka","Plot # M-4/3, Road # 7 Section # 7, Pallabi Mirpur",Dhaka,2000,"['Jackets', 'Blouses', 'Pants']",1500000.0,Very Large,25,0.0,0.0,3,0,0,1,0,0,0
Tunic Fashions Ltd.,Woven,5.0,1600.0,840,200000.0,"Uniforms ,Trousers ,Overalls","Shilpa .Plot # M/2, Main Road # 1, Section # 14, Dhaka, Mirpur",Dhaka,Mirpur,2005,"['Uniforms', 'Trousers', 'Overalls']",2400000.0,Very Large,20,1.9047619047619047,2857.1428571428573,3,0,0,0,0,0,0
Tunic Sportswear Ltd.,Woven,5.0,4030.0,200,188000.0,"Shirts ,Pants","10, Hobir Bari, Union Parishad, Mymensingh, Valuka",Mymensingh,Valuka,2016,"['Shirts', 'Pants']",2256000.0,Very Large,9,20.15,11280.0,2,0,0,1,0,0,0
Turbo Knit Wear Ltd.,Knit,5.0,110.0,36,25000.0,"Shirts ,Trousers ,Knit Item","91, Sher-E-Bangla Road, Rayer Bazar, Dhaka, Dhanmondi",Dhaka,Dhanmondi,1993,"['Shirts', 'Trousers', 'Knit Item']",300000.0,Large,32,3.0555555555555554,8333.333333333334,3,0,0,0,0,0,0
Turjo Apparels Ltd.,Woven,5.0,350.0,150,104000.0,"Jackets ,Overalls ,Pants ,Rompers","Plot # 35, Avenue # 1, Block - B, Section # 10, Dhaka, Mirpur",Dhaka,Mirpur,2006,"['Jackets', 'Overalls', 'Pants', 'Rompers']",1248000.0,Very Large,19,2.3333333333333335,8320.0,4,0,0,1,0,0,0
Tusuka Apparels Ltd.,Woven,5.0,800.0,389,196000.0,"Boy's Jackets ,Boy's Trousers ,Denim Pants","40/4, 40/5, Hazrat Shahjalal Road, Shataish, Tongi, Gazipur, Gazipur, Gazipur",Gazipur,Gazipur,2010,"['Boys Jackets', 'Boys Trousers', 'Denim Pants']",2352000.0,Very Large,15,2.056555269922879,6046.272493573265,3,0,0,0,0,0,0
Tusuka Denim Ltd.,Woven,5.0,600.0,599,280800.0,"Shirts ,Pants","Neelnagar, Gazipur, Konabari",Gazipur,Konabari,2013,"['Shirts', 'Pants']",3369600.0,Very Large,12,1.001669449081803,5625.375626043406,2,0,0,1,0,0,0
Tusuka Fashions Ltd.,Woven,5.0,880.0,409,146000.0,"Denim Pants ,Boy's Trousers ,Men's 5 Pkt ,Boy's Jackets","Plot # 10, Block - B, Tongi I/A, Gazipur, Tongi",Gazipur,Tongi,2001,"['Denim Pants', 'Boys Trousers', 'Mens 5 Pkt', 'Boys Jackets']",1752000.0,Very Large,24,2.15158924205379,4283.618581907091,4,0,0,0,0,0,0
Tusuka Jeans Limited,Woven,5.0,2650.0,1299,219000.0,"Denim Pants ,Boy's Trousers ,Boy's Jackets","Neelnagar, Gazipur, Konabari",Gazipur,Konabari,1996,"['Denim Pants', 'Boys Trousers', 'Boys Jackets']",2628000.0,Very Large,29,2.040030792917629,2023.094688221709,3,0,0,0,0,0,0
Tusuka Processing Ltd.,Woven,5.0,2500.0,356,300000.0,"Denim Pants ,Boy's Trousers ,Boy's Jackets ,Men's 5 Pockets","Neelnagar, Gazipur, Konabari",Gazipur,Konabari,2010,"['Denim Pants', 'Boys Trousers', 'Boys Jackets', 'Mens 5 Pockets']",3600000.0,Very Large,15,7.022471910112359,10112.359550561798,4,0,0,0,0,0,0
Tusuka Trousers Ltd.,Woven,5.0,3000.0,19200,438000.0,"Denim Pants ,Boy's Trousers ,Boy's Jackets ,Men's 5 Pockets","Neelnagar, Gazipur, Konabari",Gazipur,Konabari,2004,"['Denim Pants', 'Boys Trousers', 'Boys Jackets', 'Mens 5 Pockets']",5256000.0,Very Large,21,0.15625,273.75,4,0,0,0,0,0,0
Tusuka Washing Ltd.,Woven,5.0,1000.0,100,438000.0,"Shirts ,Pants","Neelnagar, Gazipur, Konabari",Gazipur,Konabari,2015,"['Shirts', 'Pants']",5256000.0,Very Large,10,10.0,52560.0,2,0,0,1,0,0,0
TwelveTex Knitwear Ltd.,Sweater,1.0,2.0,84,25000.0,"Sweater ,Cardigan","House # 14, Road # 2, Block # B, Badaldi, Baunia, Turag, Dhaka, Dhaka",Dhaka,Dhaka,2023,"['Sweater', 'Cardigan']",300000.0,Large,2,0.023809523809523808,3571.4285714285716,2,0,0,0,0,0,1
U-Tex Design Ltd.,Knit,5.0,350.0,175,100800.0,"Shirts ,Pants ,Knit Items","Plot # 1, Mohora I/A, Bhir Signal, Chittagong, Kalurghat",Chittagong,Kalurghat,2006,"['Shirts', 'Pants', 'Knit Items']",1209600.0,Very Large,19,2.0,6912.0,3,0,0,1,0,0,0
U.S. Garments Inds. Ltd.,Woven,5.0,300.0,180,30000.0,"Dresses ,Jogging suits","75, Agrabadh Ba/A, Chittagong, Double Mooring",Chittagong,Double Mooring,1985,"['Dresses', 'Jogging suits']",360000.0,Large,40,1.6666666666666667,2000.0,2,0,0,0,0,0,0
UBF Bridal Ltd.,Woven,1.0,1550.0,95,50000.0,"Bridal ,Wedding ,Gown","107-108 & 117B-117C, Adamjee Epz, Siddirgonj, Narayanganj, Narayangonj",Narayanganj,Narayangonj,2022,"['Bridal', 'Wedding', 'Gown']",600000.0,Large,3,16.31578947368421,6315.789473684211,3,0,0,0,0,0,0
Udayan Garments (Pvt.) Ltd.,Woven,5.0,190.0,100,25000.0,"Shirts ,Jackets ,Shorts","98, Muradpur, Chittagong, Muradpur",Chittagong,Muradpur,1985,"['Shirts', 'Jackets', 'Shorts']",300000.0,Large,40,1.9,3000.0,3,0,0,0,0,0,0
UHM Ltd.,Knit,5.0,2257.0,1514,151166.0,"T-Shirts ,Polo Shirts ,Tank Top ,Panth","Plot # 240-243 & 255, Adamjee Epz, Narayanganj, Narayangonj",Narayanganj,Narayangonj,2015,"['T-Shirts', 'Polo Shirts', 'Tank Top', 'Panth']",1813992.0,Very Large,10,1.4907529722589168,1198.1453104359314,4,0,0,0,0,0,0
UKN Apparels Ltd.,Knit,5.0,360.0,160,468000.0,"T-Shirts ,Polo Shirts ,Tank Tops","Enayatnagar, Godnalie, Narayanganj, Siddirganj",Narayanganj,Siddirganj,2007,"['T-Shirts', 'Polo Shirts', 'Tank Tops']",5616000.0,Very Large,18,2.25,35100.0,3,0,0,0,0,0,0
UL Fashions,Woven,1.0,165.0,96,108000.0,"Shirt ,Pant ,T-Shirt ,Trouser","61, Mollartek, Ashkona, Dakhinkhan, Uttara, Dhaka, Dhaka",Dhaka,Dhaka,2022,"['Shirt', 'Pant', 'T-Shirt', 'Trouser']",1296000.0,Very Large,3,1.71875,13500.0,4,1,1,0,0,0,0
Ultimate Fashions Ltd.,Woven,5.0,525.0,243,200000.0,"Shirts ,Jackets ,Trousers ,Pants","Gouripur, Ashulia, Dhaka, Savar",Dhaka,Savar,2000,"['Shirts', 'Jackets', 'Trousers', 'Pants']",2400000.0,Very Large,25,2.1604938271604937,9876.543209876543,4,0,0,1,0,0,0
Ultra Design & Fashions Ltd.,Knit,5.0,750.0,510,240000.0,"Jackets ,Shorts ,Pants ,Boxers","South Pahartoli, Ward # 1, Fatehabad, Chittagong, Hathazari",Chittagong,Hathazari,2009,"['Jackets', 'Shorts', 'Pants', 'Boxers']",2880000.0,Very Large,16,1.4705882352941178,5647.058823529412,4,0,0,1,0,0,0
Uni Fashion Ltd.,Knit,5.0,325.0,170,360000.0,"Panties ,Undershirts ,Boxer","Brtc Bus Depo. Bldg., Nutanpara, Chittagong, Hathazari Road",Chittagong,Hathazari Road,1995,"['Panties', 'Undershirts', 'Boxer']",4320000.0,Very Large,30,1.911764705882353,25411.764705882353,3,0,0,0,0,0,0
Uni Garments Ltd.,Knit,5.0,1000.0,600,3600000.0,"Briefs ,Panties ,Cami Sole","80, Nasirabad I/A, P.O-Baizid Bostami Road, Chittagong","80, Nasirabad I/A, P.O-Baizid Bostami Road",Chittagong,1985,"['Briefs', 'Panties', 'Cami Sole']",43200000.0,Very Large,40,1.6666666666666667,72000.0,3,0,0,0,0,0,0
Uni Gears Ltd.,Woven,5.0,2000.0,1385,350000.0,"Jackets ,Trousers ,Pants ,T-Shirts","Badsha Miah School Road, Khailkur, Gazipur, Gazipur",Gazipur,Gazipur,2008,"['Jackets', 'Trousers', 'Pants', 'T-Shirts']",4200000.0,Very Large,17,1.444043321299639,3032.4909747292418,4,0,0,1,0,0,0
Uni World BD Ltd.,Knit,5.0,140.0,153,2000000.0,"T-Shirts ,Pants","Angerdha, Moggy, Jagla, Dag # 803,812, Magura Sadar, Magura, Magura",Magura,Magura,2013,"['T-Shirts', 'Pants']",24000000.0,Very Large,12,0.9150326797385621,156862.74509803922,2,0,0,1,0,0,0
Unibra Wear Ltd.,Knit,5.0,800.0,450,360000.0,"Brassieres ,Boxer Shorts ,Cami ,Polo Shirts","80, Nasirabad I/A, Chittagong","80, Nasirabad I/A,",Chittagong,1995,"['Brassieres', 'Boxer Shorts', 'Cami', 'Polo Shirts']",4320000.0,Very Large,30,1.7777777777777777,9600.0,4,0,0,0,0,0,0
Unicorn Sweaters Ltd.,Sweater,5.0,1130.0,816,100000.0,Sweaters,"Gorat, Navana Village, Ashulia, Dhaka, B. Baria",Dhaka,B. Baria,2000,['Sweaters'],1200000.0,Very Large,25,1.3848039215686274,1470.5882352941176,1,0,0,0,0,0,0
Unicus Apparels Limited,Woven,1.0,2.0,62,600000.0,"Shirt ,Pant ,T-Shirt ,Jacket","34/35, Shahkabir Mazar Road, Chalaban, Dakshinkhan, Uttara, Dhaka, Dhaka",Dhaka,Dhaka,2023,"['Shirt', 'Pant', 'T-Shirt', 'Jacket']",7200000.0,Very Large,2,0.03225806451612903,116129.03225806452,4,1,1,0,1,0,0
Uniform Textile Ltd.,Woven,5.0,350.0,100,90000.0,"Shirts ,Pants ,Trousers","Tamanna Complex, Cb-288, Kachukhet, Dhaka, Cantonment",Dhaka,Cantonment,2011,"['Shirts', 'Pants', 'Trousers']",1080000.0,Very Large,14,3.5,10800.0,3,0,0,1,0,0,0
Unilliance Textiles Ltd.,Knit,5.0,1437.0,571,581000.0,"Bed Linen ,Window Furnishing ,Sofa & Table Linen ,Roller Blind","South Bangnaahati, Gazipur, Sreepur",Gazipur,Sreepur,2009,"['Bed Linen', 'Window Furnishing', 'Sofa  Table Linen', 'Roller Blind']",6972000.0,Very Large,16,2.5166374781085814,12210.15761821366,4,0,0,0,0,0,0
Unimas Sportswear Ltd.,Unknown,,0.0,0,0.0,"Sportswear ,Jersey","Baghbari, Gazipur Sadar Gazipur Bangladesh, Gazipur","Baghbari, Gazipur Sadar Gazipur Bangladesh",Gazipur,2020,"['Sportswear', 'Jersey']",0.0,,5,0.0,0.0,2,0,0,0,0,0,0
Union Apparel Ltd.,Knit,5.0,442.0,200,500000.0,"T-Shirts ,Polo Shirts ,Ladies Tops","110, (13 Old), New Chashara, Narayanganj, Chashara",Narayanganj,Chashara,1990,"['T-Shirts', 'Polo Shirts', 'Ladies Tops']",6000000.0,Very Large,35,2.21,30000.0,3,0,0,0,0,0,0
Union Garments Ltd.,Woven,5.0,520.0,300,50000.0,"Shirts ,Blouses ,Payjama","Mc Bazar, Shishu Palli Plus Road, Village-Muliad, P.O: Tengra, Gazipur, B. Baria",Gazipur,B. Baria,1993,"['Shirts', 'Blouses', 'Payjama']",600000.0,Large,32,1.7333333333333334,2000.0,3,0,0,0,0,0,0
Union Knit Wear Ltd.,Knit,5.0,420.0,250,60000.0,"T-Shirts ,Polo Shirts ,Tank Top","Mc Bazar, Shishu Palli Plus Road,, Village- Mulaid, Po: Tengra, Gazipur, Gazipur",Gazipur,Gazipur,2010,"['T-Shirts', 'Polo Shirts', 'Tank Top']",720000.0,Large,15,1.68,2880.0,3,0,0,0,0,0,0
Union Knitting & Dyeing Ltd.,Knit,5.0,203.0,106,500000.0,"Shorts ,Polo Shirts","42 & 44, Baro Rangamatia, Ziroba, Dhaka, Savar",Dhaka,Savar,2001,"['Shorts', 'Polo Shirts']",6000000.0,Very Large,24,1.9150943396226414,56603.77358490566,2,0,0,0,0,0,0
Union Sportswear Ltd.,Woven,5.0,2187.0,0,1000200.0,"Trouser ,Shirt ,Jacket ,Overall","116, Pagar-Morkun, Pagar, Gazipur, Gazipur",Gazipur,Gazipur,2002,"['Trouser', 'Shirt', 'Jacket', 'Overall']",12002400.0,Very Large,23,0.0,0.0,4,0,1,0,1,0,0
Unisense Apparels Ltd.,Knit,5.0,182.0,80,250000.0,"T-Shirts ,Polo Shirts","House # 104, Flat # 2A, Masjid Road, Old Dohs, Dhaka, Banani",Dhaka,Banani,2012,"['T-Shirts', 'Polo Shirts']",3000000.0,Very Large,13,2.275,37500.0,2,0,0,0,0,0,0
Unitech Fashions Ltd.,Woven,5.0,315.0,205,60000.0,"Shirts ,Denim Pants ,Trousers","Plot # 96, Block # D, Road # 1, Section # 2, Dhaka, Mirpur",Dhaka,Mirpur,1990,"['Shirts', 'Denim Pants', 'Trousers']",720000.0,Large,35,1.5365853658536586,3512.1951219512193,3,0,0,0,0,0,0
United Apparels Industry Ltd.,Woven,5.0,850.0,470,150000.0,"Shirts ,Blouses ,Children Shirts","House # 65 (Dag # 244/249), Satarkul Road, G.M. Bari, Dhaka, Badda",Dhaka,Badda,1992,"['Shirts', 'Blouses', 'Children Shirts']",1800000.0,Very Large,33,1.8085106382978724,3829.7872340425533,3,0,0,0,0,0,0
United Fashion (BD) Ltd.,Woven,5.0,225.0,80,200000.0,"Jackets ,Pants","Hossin Complex, South Hali-Shahar, Airport Road, Chittagong","Hossin Complex, South Hali-Shahar, Airport Road",Chittagong,1994,"['Jackets', 'Pants']",2400000.0,Very Large,31,2.8125,30000.0,2,0,0,1,0,0,0
United Fashion Trousers Ltd.,Woven,5.0,495.0,318,35100.0,"Shorts ,Trousers","Choydana, Gazipur, Gazipur",Gazipur,Gazipur,1997,"['Shorts', 'Trousers']",421200.0,Large,28,1.5566037735849056,1324.5283018867924,2,0,0,0,0,0,0
United Shirts Ltd.,Woven,5.0,200.0,100,60000.0,"Shirts ,Blouses ,Trousers ,Pajama sets","1/1, Ring Road, Dhaka, Shamoli",Dhaka,Shamoli,1991,"['Shirts', 'Blouses', 'Trousers', 'Pajama sets']",720000.0,Large,34,2.0,7200.0,4,0,0,0,0,0,0
United Trousers Ltd.,Woven,5.0,1850.0,900,350000.0,"Pant ,Shirts","House # 20, Bangabandhu Road, Gouripur, Ashulia, Dhaka, Savar",Dhaka,Savar,2013,"['Pant', 'Shirts']",4200000.0,Very Large,12,2.0555555555555554,4666.666666666667,2,0,0,0,0,0,0
Unitex Attires Ltd.,Knit,5.0,200.0,90,35000.0,"Boxer ,T-Shirts ,Panties","656, Dt Road, Chittagong, Kadamtali",Chittagong,Kadamtali,1998,"['Boxer', 'T-Shirts', 'Panties']",420000.0,Large,27,2.2222222222222223,4666.666666666667,3,0,0,0,0,0,0
Unitrade Fashions Ltd.,Woven,5.0,598.0,264,135000.0,"Shirts ,Ladies Blouses ,Pajama ,Shorts","430/1, Tejgaon 1/A, Dhaka, Tejgaon",Dhaka,Tejgaon,1992,"['Shirts', 'Ladies Blouses', 'Pajama', 'Shorts']",1620000.0,Very Large,33,2.265151515151515,6136.363636363636,4,0,0,0,0,0,0
Unity Fabric Inds. Ltd.,Knit,5.0,952.0,285,180000.0,"T-Shirts ,Polo Shirts ,Fleece Jackets ,Pajama Sets","Bahadurpur, Mirzapur Bazar, Tangail, Mirzapur",Tangail,Mirzapur,2002,"['T-Shirts', 'Polo Shirts', 'Fleece Jackets', 'Pajama Sets']",2160000.0,Very Large,23,3.3403508771929826,7578.9473684210525,4,0,0,0,0,0,0
Unity Fashions Ltd.,Woven,1.0,210.0,95,120000.0,"T-Shirts ,Polo Shirts ,Panties ,Boxers","190/A, Sheikh Mujib Road, Chittagong, Chittagong",Chittagong,Chittagong,2000,"['T-Shirts', 'Polo Shirts', 'Panties', 'Boxers']",1440000.0,Very Large,25,2.210526315789474,15157.894736842105,4,0,0,0,0,0,0
Unity Industrial (BD) Ltd.,Sweater,5.0,500.0,1013,1200000.0,"Sweaters ,Cardigans ,Pullovers","Mir Hansion, Raja Khali Road, Chittagong, Chaktai",Chittagong,Chaktai,2001,"['Sweaters', 'Cardigans', 'Pullovers']",14400000.0,Very Large,24,0.49358341559723595,14215.202369200395,3,0,0,0,0,0,0
Unity Sweaters Ltd.,Sweater,5.0,250.0,250,100000.0,Sweater,"Ambagh, Gazipur, Konabari",Gazipur,Konabari,2013,['Sweater'],1200000.0,Very Large,12,1.0,4800.0,1,0,0,0,0,0,1
Universal Apparels Ltd.,Woven,5.0,443.0,115,800000.0,"Shirts ,Pants","Ka-76, Joarshara Bazaar, Dhaka, Vatara",Dhaka,Vatara,2013,"['Shirts', 'Pants']",9600000.0,Very Large,12,3.8521739130434782,83478.26086956522,2,0,0,1,0,0,0
Universal Jeans Ltd.,Woven,5.0,7613.0,3135,800000.0,"Trousers ,Jackets ,Skirts ,Bermuda","Plot # 9 - 11, Sector # 6/A, Chittagong, Cepz",Chittagong,Cepz,2008,"['Trousers', 'Jackets', 'Skirts', 'Bermuda']",9600000.0,Very Large,17,2.428389154704944,3062.200956937799,4,0,0,0,0,0,0
Universal Menswear Ltd.,Woven,5.0,1364.0,574,17000.0,"Shirts ,Pants","Plot # 234-238 & 252-254, Adamjee Epz, Narayanganj, Siddirgonj",Narayanganj,Siddirgonj,2014,"['Shirts', 'Pants']",204000.0,Large,11,2.3763066202090593,355.4006968641115,2,0,0,1,0,0,0
Universal Sweater Ltd.,Sweater,5.0,700.0,650,40000.0,"Sweaters ,Cardigans ,Pullovers","145, Baizid Bostami Road, Chittagong, Nasirabad",Chittagong,Nasirabad,2003,"['Sweaters', 'Cardigans', 'Pullovers']",480000.0,Large,22,1.0769230769230769,738.4615384615385,3,0,0,0,0,0,0
Univogue Garments Co. Ltd.,Woven,5.0,3252.0,1512,325000.0,"Jackets ,Pants","Plot # 1-5, Sector 1/A, Chittagong, Cepz",Chittagong,Cepz,1985,"['Jackets', 'Pants']",3900000.0,Very Large,40,2.1507936507936507,2579.3650793650795,2,0,0,1,0,0,0
Univogue Garments Co. Ltd. Unit-II,Woven,5.0,700.0,300,60000.0,"Shirts ,Jackets","Plot # 182, Section # 1, Chittagong, Cepz",Chittagong,Cepz,1991,"['Shirts', 'Jackets']",720000.0,Large,34,2.3333333333333335,2400.0,2,0,0,0,0,0,0
Univogue Garments Co. Ltd. Unit-III,Woven,5.0,700.0,300,60000.0,Jackets,"Plot # 1 & 2, Section # 1, Chittagong, Cepz",Chittagong,Cepz,1996,['Jackets'],720000.0,Large,29,2.3333333333333335,2400.0,1,0,0,0,0,0,0
Update Apparels Ltd.,Woven,5.0,550.0,300,100000.0,"Shirts ,Pants ,Overalls ,Skirts","Cha-87/C, Progati Sarani, Fuji Trade Centre, North Badda, Dhaka, Badda",Dhaka,Badda,2003,"['Shirts', 'Pants', 'Overalls', 'Skirts']",1200000.0,Very Large,22,1.8333333333333333,4000.0,4,0,0,1,0,0,0
Update Fashions Ltd.,Woven,5.0,450.0,250,100000.0,"Shirts ,Pants ,Overalls ,Skirts","227 (New) 331 (Old) Outer Circular Road, Dhaka, Mogbazar",Dhaka,Mogbazar,1992,"['Shirts', 'Pants', 'Overalls', 'Skirts']",1200000.0,Very Large,33,1.8,4800.0,4,0,0,1,0,0,0
Upoma Knit Fashion Ltd.,Knit,5.0,100.0,60,100000.0,"T-Shirts ,Pants","Plot # 2,(1St Floor) Road # 4, Block # B, Section # 2, Dhaka, Mirpur",Dhaka,Mirpur,2013,"['T-Shirts', 'Pants']",1200000.0,Very Large,12,1.6666666666666667,20000.0,2,0,0,1,0,0,0
Uranus Apparel (Pvt.) Ltd.,Woven,5.0,350.0,275,84000.0,"Shirts ,Pants ,Shorts ,Trousers","2/13, Pallabi, Dhaka, Mirpur",Dhaka,Mirpur,1985,"['Shirts', 'Pants', 'Shorts', 'Trousers']",1008000.0,Very Large,40,1.2727272727272727,3665.4545454545455,4,0,0,1,0,0,0
Uranus Apparels Ltd.,Woven,5.0,1000.0,800,250000.0,"Shorts ,Jacket ,Trousers ,Skirt","South Salimpur, Jafarabad-4317, Fouzderhat I/A., Near City Gate (Opposite National Cotton Mill), Chittagong, Chittagong",Chittagong,Chittagong,1997,"['Shorts', 'Jacket', 'Trousers', 'Skirt']",3000000.0,Very Large,28,1.25,3750.0,4,0,0,0,1,0,0
Urban Fashions Limited,Woven,1.0,2050.0,723,1000000.0,"Shirt ,Pant ,T-Shir ,Polo Shirt","Sarabo, Kashimpur, Gazipur, Gazipur, Gazipur",Gazipur,Gazipur,2020,"['Shirt', 'Pant', 'T-Shir', 'Polo Shirt']",12000000.0,Very Large,5,2.835408022130014,16597.510373443984,4,0,1,0,0,1,0
Urban Global Ltd.,Woven,1.0,2.0,106,100000.0,"Shirt ,Pant ,T-Shirt ,Polo Shirt","Holding # 85/3, Road # 1, Block -A, 793/120 Amtola, Kathgora, Ashulia, Dhaka, Dhaka",Dhaka,Dhaka,2023,"['Shirt', 'Pant', 'T-Shirt', 'Polo Shirt']",1200000.0,Very Large,2,0.018867924528301886,11320.754716981131,4,1,1,0,0,1,0
Urmi Garments Ltd.,Knit,5.0,1450.0,681,66667.0,"Jackets ,Ladies Dress ,Kids Wears","8/1, Staff Quarter Road, Dailla, Demra, Dhaka-1361, Dhaka, Dhaka",Dhaka,Dhaka,1985,"['Jackets', 'Ladies Dress', 'Kids Wears']",800004.0,Large,40,2.129221732745962,1174.7488986784142,3,0,0,0,0,0,0
Utah Fashions Ltd.,Woven,1.0,3934.0,2364,175000.0,"Knit-children Tops ,Knit-Ladies Tops ,Knit-Tops & Bottoms ,Woven- Bottom/tops","South Salna, Salna Bazar, Gazipur, Gazipur",Gazipur,Gazipur,2020,"['Knit-children Tops', 'Knit-Ladies Tops', 'Knit-Tops  Bottoms', 'Woven- Bottomtops']",2100000.0,Very Large,5,1.6641285956006768,888.3248730964467,4,0,0,0,0,0,0
Utah Knitting & Dyeing Ltd. (G-D),Woven,1.0,5595.0,3179,133500.0,"Knit-Children Tops ,Knit Ladies Tops ,Knit- Tops & Bottom ,Woven Bottom","Bokran Monipur, Bhabanipur, Gazipur, Gazipur",Gazipur,Gazipur,2020,"['Knit-Children Tops', 'Knit Ladies Tops', 'Knit- Tops  Bottom', 'Woven Bottom']",1602000.0,Very Large,5,1.7599874174268637,503.9320541050645,4,0,0,0,0,0,0
Uttara Knitwears Ltd.,Knit,5.0,980.0,717,41666.0,"T-Shirts ,Polo Shirts ,Trousers","South Panisail, Zirani Bazar, Gazipur, Gazipur",Gazipur,Gazipur,2000,"['T-Shirts', 'Polo Shirts', 'Trousers']",499992.0,Large,25,1.3668061366806137,697.3389121338912,3,0,0,0,0,0,0
V & R Fashions Ltd.,Woven,5.0,3.0,998,0.0,"Jackets ,Pants ,Trousers","Plot-Sa-434, Rs-567, Engr. Asharaful Bari Mansion, Peyera Bagan, Gazipur, Gazipur",Gazipur,Gazipur,2011,"['Jackets', 'Pants', 'Trousers']",0.0,,14,0.003006012024048096,0.0,3,0,0,1,0,0,0
V-20 Fabrics,Knit,1.0,1.0,50,120000.0,"T-Shirt ,Polo Shirt","Plot # 50-51, Parijat Housing, Jailkhana Road, Konabari, Gazipur, Gazipur",Gazipur,Gazipur,2023,"['T-Shirt', 'Polo Shirt']",1440000.0,Very Large,2,0.02,28800.0,2,1,0,0,0,1,0
V-Knitwear & Composite Ltd.,Knit,5.0,550.0,350,650000.0,"T-Shirts ,Polo Shirts","Mahana, Bhulta, Golakandail, Narayanganj, Narayangonj",Narayanganj,Narayangonj,2009,"['T-Shirts', 'Polo Shirts']",7800000.0,Very Large,16,1.5714285714285714,22285.714285714286,2,0,0,0,0,0,0
V-Mark Fashion Wear (Pvt.) Ltd.,Knit,5.0,230.0,202,60000.0,"Polo Shirts ,Underwears ,Shorts ,Shirts","3520/A, Kalurghat Road, Chittagong, Chandgaon",Chittagong,Chandgaon,1992,"['Polo Shirts', 'Underwears', 'Shorts', 'Shirts']",720000.0,Large,33,1.1386138613861385,3564.3564356435645,4,0,0,0,0,0,0
Vaajon Apparels Ltd.,Knit,5.0,117.0,70,200000.0,"T-Shirts ,Polo Shirts ,Tank Top ,Sweat Shirts","Plot # B25 - 28, Bscic I/E, Gazipur, Konabari",Gazipur,Konabari,2001,"['T-Shirts', 'Polo Shirts', 'Tank Top', 'Sweat Shirts']",2400000.0,Very Large,24,1.6714285714285715,34285.71428571428,4,0,0,0,0,0,0
Valiant Fashion Wear Ltd.,Woven,5.0,230.0,100,50000.0,"Pants ,Shorts ,Trousers","601, Strand Road, Chittagong, Mazhirghat",Chittagong,Mazhirghat,2000,"['Pants', 'Shorts', 'Trousers']",600000.0,Large,25,2.3,6000.0,3,0,0,1,0,0,0
Valiant Garments Ltd.,Woven,5.0,300.0,275,75000.0,"Pants ,Shorts ,Trousers","572, Strand Road, Chittagong, Mazhirghat",Chittagong,Mazhirghat,1984,"['Pants', 'Shorts', 'Trousers']",900000.0,Large,41,1.0909090909090908,3272.7272727272725,3,0,0,1,0,0,0
Valmont Fashions Ltd.,Woven,5.0,2000.0,1304,650000.0,"Pants ,Jackets ,Trouser ,Shorts","928-923, Aziz Complex, Vogra, National University, Gazipur, Gazipur",Gazipur,Gazipur,2007,"['Pants', 'Jackets', 'Trouser', 'Shorts']",7800000.0,Very Large,18,1.5337423312883436,5981.59509202454,4,0,0,1,0,0,0
Valmont Sweaters Ltd.,Sweater,5.0,425.0,306,25000.0,Sweaters,"Holding # 505,, North Khailkur, Gazipur, Gazipur",Gazipur,Gazipur,2007,['Sweaters'],300000.0,Large,18,1.3888888888888888,980.3921568627451,1,0,0,0,0,0,0
Van Happen Fashion Manufacturing Ltd.,Knit,5.0,800.0,550,221000.0,"Shirts ,Jeans ,T-Shirts","B/34/Ka, Khilkhet, Dhaka, Cantonment",Dhaka,Cantonment,1996,"['Shirts', 'Jeans', 'T-Shirts']",2652000.0,Very Large,29,1.4545454545454546,4821.818181818182,3,0,0,0,0,0,0
Vancot Ltd.,Woven,5.0,425.0,265,60000.0,"Shirts ,Pants","Polot # 18-20, Sector # 03, Chittagong, Karnafully",Chittagong,Karnafully,2014,"['Shirts', 'Pants']",720000.0,Large,11,1.6037735849056605,2716.9811320754716,2,0,0,1,0,0,0
Vanguard Designers Ltd.,Woven,5.0,1850.0,1365,470000.0,"Shirts ,Pants","388/617, Colonel Jones Road, North, Kattali, Chittagong, Pahartali",Chittagong,Pahartali,2013,"['Shirts', 'Pants']",5640000.0,Very Large,12,1.3553113553113554,4131.868131868132,2,0,0,1,0,0,0
Vanguard Dresses Ltd.,Woven,5.0,2000.0,660,468000.0,Shirts,"Plot # A-5, Block - B, Bscic, Sagarika Road, Chittagong, Sagarika Road",Chittagong,Sagarika Road,2005,['Shirts'],5616000.0,Very Large,20,3.0303030303030303,8509.09090909091,1,0,0,0,0,0,0
Vanguard Fashion Ltd.,Woven,5.0,579.0,203,66000.0,"Shirts ,Pants","56, Gosaildanga, Chittagong, Double Mooring",Chittagong,Double Mooring,1998,"['Shirts', 'Pants']",792000.0,Large,27,2.852216748768473,3901.477832512315,2,0,0,1,0,0,0
Vanguard Garments Ltd.,Woven,5.0,618.0,183,65000.0,"Shirts ,Pants","56, Gosaildanga, Chittagong, Double Mooring",Chittagong,Double Mooring,1983,"['Shirts', 'Pants']",780000.0,Large,42,3.377049180327869,4262.295081967213,2,0,0,1,0,0,0
VAP Sourcing Ltd.,Woven,1.0,92.0,103,125000.0,"Shirt ,Pant ,T-Shirt ,Jacket","Choto Kaliakoir, Birulia Road, Savar, Dhaka, Dhaka",Dhaka,Dhaka,2022,"['Shirt', 'Pant', 'T-Shirt', 'Jacket']",1500000.0,Very Large,3,0.8932038834951457,14563.106796116504,4,1,1,0,1,0,0
Vase Apparels Ltd.,Unknown,,0.0,0,84000.0,"Woven Shirts ,Ladies Blouse/Shirts ,Night Wears","15, Senpara Parabata, Road # 1, Section # 6, Dhaka","15, Senpara Parabata, Road # 1, Section # 6",Dhaka,1992,"['Woven Shirts', 'Ladies BlouseShirts', 'Night Wears']",1008000.0,Very Large,33,0.0,0.0,3,0,0,0,0,0,0
Vast Appareals Ltd.,Sweater,1.0,200.0,130,153600.0,Sweater,"Holding # Shilpo-132, Bason Road, Adapasha, Gazipur, Gazipur",Gazipur,Gazipur,2022,['Sweater'],1843200.0,Very Large,3,1.5384615384615385,14178.461538461539,1,0,0,0,0,0,1
Velox Fashions Ltd.,Knit,5.0,300.0,200,37500.0,"Shirts ,Jackets ,T-Shirts ,Polo Shirts","Ware House (West Wing), Old Zone, Epz, Dhaka, Savar",Dhaka,Savar,2007,"['Shirts', 'Jackets', 'T-Shirts', 'Polo Shirts']",450000.0,Large,18,1.5,2250.0,4,0,0,0,0,0,0
Venix Bangladesh Ltd.,Woven,5.0,225.0,90,0.0,"Shirts ,Baby Dresses ,Pants","17, Dit Road (1St Floor), Malibagh Chowdhury, Dhaka, Dhaka",Dhaka,Dhaka,2000,"['Shirts', 'Baby Dresses', 'Pants']",0.0,,25,2.5,0.0,3,0,0,1,0,0,0
Ventura (Bangladesh) Ltd.,Knit,5.0,1022.0,700,4220000.0,"T-Shirts ,Polo Shirts","Plot # 65-69, Sector # 2, Karnafuly Epz, Chittagong, North Patenga",Chittagong,North Patenga,2014,"['T-Shirts', 'Polo Shirts']",50640000.0,Very Large,11,1.46,72342.85714285714,2,0,0,0,0,0,0
Veronica Apparels,Knit,5.0,400.0,180,150000.0,"Jackets ,Jogging Suits ,T-Shirts","Chairman Market (1St & 2Nd Fl), Dhakhin Khan, Dhaka, Uttara",Dhaka,Uttara,2002,"['Jackets', 'Jogging Suits', 'T-Shirts']",1800000.0,Very Large,23,2.2222222222222223,10000.0,3,0,0,0,0,0,0
Versatile Apparel (Pvt.) Ltd.,Knit,5.0,850.0,500,105000.0,"T-Shirts ,Polo Shirts ,Trousers","Haq Square, 75 Chalabon, Dakhin Khan, Dhaka, Uttara",Dhaka,Uttara,2007,"['T-Shirts', 'Polo Shirts', 'Trousers']",1260000.0,Very Large,18,1.7,2520.0,3,0,0,0,0,0,0
Versatile Attire Ltd.,Woven,5.0,500.0,212,125000.0,"Shirts ,Ladies Shirts","Rajfulbaria, Dhaka, Savar",Dhaka,Savar,2009,"['Shirts', 'Ladies Shirts']",1500000.0,Very Large,16,2.358490566037736,7075.471698113208,2,0,0,0,0,0,0
Versatile Fashions (Pvt) Ltd.,Unknown,,0.0,0,0.0,Unknown,"22, Army Socity Road Moushair, Uttar Khan Uttara, Dhaka, Dhaka",Dhaka,Dhaka,2015,[],0.0,,10,0.0,0.0,0,0,0,0,0,0,0
Versatile Textiles Ltd.,Woven,1.0,995.0,699,865293.0,"T-Shirts ,Polo Shirts ,Jacket ,Trouser","89/2, Chaydana, Degerchala Road, National University, Gazipur, Gazipur",Gazipur,Gazipur,2013,"['T-Shirts', 'Polo Shirts', 'Jacket', 'Trouser']",10383516.0,Very Large,12,1.4234620886981402,14854.815450643777,4,0,0,0,1,0,0
Vertex Apparel Ltd.,Knit,5.0,350.0,180,60000.0,"Jackets ,Blouses ,Trousers ,Swimming Trunks","68/Y, Sagarika Road, Chittagong, Pahartali",Chittagong,Pahartali,1998,"['Jackets', 'Blouses', 'Trousers', 'Swimming Trunks']",720000.0,Large,27,1.9444444444444444,4000.0,4,0,0,0,0,0,0
Vertex Fashion Ltd.,Woven,5.0,1800.0,979,400000.0,"Shirts ,Ladies Blouses ,Pants ,Kids Items","3,4,5D & 2B Commercial, Super Market-1, Darussalam Road, Section # 1, Dhaka, Mirpur",Dhaka,Mirpur,1992,"['Shirts', 'Ladies Blouses', 'Pants', 'Kids Items']",4800000.0,Very Large,33,1.8386108273748722,4902.9622063329925,4,0,0,1,0,0,0
Vertex Innovative Apparels Ltd.,Woven,5.0,300.0,300,96000.0,"Shirts ,Pants","Forkan Tower, (3Rd Floor), 360/A, Bitak Bazar, Chittagong, Pahartali",Chittagong,Pahartali,2013,"['Shirts', 'Pants']",1152000.0,Very Large,12,1.0,3840.0,2,0,0,1,0,0,0
Vertex Sweater Ltd.,Sweater,5.0,80.0,60,30000.0,Sweaters,"Dag -1612, Chamurkhan, Uttarkhan, Dhaka, Uttara",Dhaka,Uttara,2012,['Sweaters'],360000.0,Large,13,1.3333333333333333,6000.0,1,0,0,0,0,0,0
Vertex Wear Ltd.,Woven,5.0,1000.0,550,250000.0,"Shirts ,Trousers ,Uniforms ,Pajama Sets","Varari (Ground, 1St & 3Rd Floor), Rajfulbaria, Tetuljhora, Dhaka, Savar",Dhaka,Savar,1992,"['Shirts', 'Trousers', 'Uniforms', 'Pajama Sets']",3000000.0,Very Large,33,1.8181818181818181,5454.545454545455,4,0,0,0,0,0,0
Vestex Ltd.,Knit,5.0,200.0,160,300000.0,"t-Shirts ,Polo Shirts","Daudpur, Narayanganj, Rupganj",Narayanganj,Rupganj,2015,"['t-Shirts', 'Polo Shirts']",3600000.0,Very Large,10,1.25,22500.0,2,0,0,0,0,0,0
Vibgyor Fashion Ltd.,Unknown,,0.0,0,50000.0,"Sweaters ,Pullovers ,Cardigans ,Vest","New 129/B Mokarba Road, Nagar Khanpur, Narayanganj","New 129/B Mokarba Road, Nagar Khanpur",Narayanganj,2019,"['Sweaters', 'Pullovers', 'Cardigans', 'Vest']",600000.0,Large,6,0.0,0.0,4,0,0,0,0,0,0
Victory Knittings (Pvt) Ltd.,Woven,5.0,250.0,80,150000.0,"T-Shirts ,Babies Wear ,Trousers ,Shorts","63/1, B.B. Road, Rajul Plot # 24, Narayanganj, B.B. Road",Narayanganj,B.B. Road,1995,"['T-Shirts', 'Babies Wear', 'Trousers', 'Shorts']",1800000.0,Very Large,30,3.125,22500.0,4,0,0,0,0,0,0
Vintage Apparels Ltd.,Sweater,5.0,520.0,430,50000.0,"Cardigans ,Sweaters ,Pullovers ,V-Neck","Plot # 11, Road # 1, Section # 7, Dhaka, Mirpur",Dhaka,Mirpur,1998,"['Cardigans', 'Sweaters', 'Pullovers', 'V-Neck']",600000.0,Large,27,1.2093023255813953,1395.3488372093022,4,0,0,0,0,0,0
Vintage Denim Apparels Ltd.,Woven,5.0,1827.0,3165,900000.0,"Shirts ,Pants","Boherarchala, Gazipur, Sreepur",Gazipur,Sreepur,2016,"['Shirts', 'Pants']",10800000.0,Very Large,9,0.5772511848341232,3412.3222748815165,2,0,0,1,0,0,0
Vintage Denim Ltd.,Woven,5.0,2400.0,1375,500000.0,Denim Pants,"Gilarchala, Gazipur, Sreepur",Gazipur,Sreepur,2007,['Denim Pants'],6000000.0,Very Large,18,1.7454545454545454,4363.636363636364,1,0,0,0,0,0,0
Vintage Denim Studio Ltd.,Woven,5.0,6256.0,3100,1000000.0,"Shirts ,Jackets ,Pants","Plot # 90-99 & 120-128, Eshawardi, Epz, Pabna, Paksey",Pabna,Paksey,2011,"['Shirts', 'Jackets', 'Pants']",12000000.0,Very Large,14,2.0180645161290323,3870.967741935484,3,0,0,1,0,0,0
Vintage Garments Ltd.,Woven,5.0,1451.0,0,400264.0,"Trouser ,Shirt ,Jacket ,Overall","29, Mirpur Road, Dhaka, Dhaka",Dhaka,Dhaka,2000,"['Trouser', 'Shirt', 'Jacket', 'Overall']",4803168.0,Very Large,25,0.0,0.0,4,0,1,0,1,0,0
Vintage Textile Ltd.,Knit,5.0,210.0,0,10800.0,"T-Shirt ,Ladies Long Pant ,Ladies Bike Short ,Ladies Lounge Long Pant","Plot # A, Block -B, 14, Fouzdarhat Bscic I/E, Chittagong, Chittagong",Chittagong,Chittagong,2001,"['T-Shirt', 'Ladies Long Pant', 'Ladies Bike Short', 'Ladies Lounge Long Pant']",129600.0,Large,24,0.0,0.0,4,1,0,0,0,0,0
Virgin Fashion Ltd.,Knit,5.0,171.0,70,156000.0,"T-Shirts ,Polo Shirts","Chowdhury Mansion,, 26 Kutipara Road, Narayanganj, Tanbazar",Narayanganj,Tanbazar,2014,"['T-Shirts', 'Polo Shirts']",1872000.0,Very Large,11,2.442857142857143,26742.85714285714,2,0,0,0,0,0,0
Virtual Bottoms Ltd.,Woven,5.0,980.0,650,268800.0,"Pants ,Bottoms","Plot # 179, Rs-1356, Jamgora, Ashulia, Dhaka, Dhaka",Dhaka,Dhaka,2012,"['Pants', 'Bottoms']",3225600.0,Very Large,13,1.5076923076923077,4962.461538461538,2,0,0,1,0,0,0
Virtual Knit & Leisure Wear Ltd.,Knit,5.0,46.0,54,390000.0,Socks,"Plot # S, A-7 & 8, Karamtola, Pubail, Gazipur, Gazipur",Gazipur,Gazipur,2011,['Socks'],4680000.0,Very Large,14,0.8518518518518519,86666.66666666667,1,0,0,0,0,0,0
Virtual Knitwear Ltd.,Knit,5.0,450.0,180,442000.0,"T-Shirts ,Polo Shirts ,Sweat Shirts ,Bottom","Plot # S.A.-7,8, R.S.-11,12,13, Karamtola, Pubail, Gazipur, Gazipur",Gazipur,Gazipur,2006,"['T-Shirts', 'Polo Shirts', 'Sweat Shirts', 'Bottom']",5304000.0,Very Large,19,2.5,29466.666666666668,4,0,0,0,0,0,0
Virtuous Fashion Ltd.,Woven,1.0,7.0,4902,3000000.0,"Jacket ,Trouser ,Shorts","Panpara, Rajfulbaria, Tetuljhora, Savar, Dhaka, Dhaka",Dhaka,Dhaka,2022,"['Jacket', 'Trouser', 'Shorts']",36000000.0,Very Large,3,0.0014279885760913912,7343.941248470012,3,0,0,0,1,0,0
Vision Apparels (Pvt.) Ltd.,Woven,5.0,785.0,490,170400.0,"Shirts ,Blouses ,Trousers ,Shorts","Plot # M-1/3 (3Rd To 6Th Floor), Section # 14, Dhaka, Mirpur",Dhaka,Mirpur,1993,"['Shirts', 'Blouses', 'Trousers', 'Shorts']",2044800.0,Very Large,32,1.6020408163265305,4173.061224489796,4,0,0,0,0,0,0
Vision Composite Knit Ltd.,Knit,5.0,465.0,310,0.0,"T-Shirts ,Polo Shirts ,Tank Tops","B-47, Purbo Rajashan, Dhaka, Savar",Dhaka,Savar,2008,"['T-Shirts', 'Polo Shirts', 'Tank Tops']",0.0,,17,1.5,0.0,3,0,0,0,0,0,0
Vision Garments Ltd.,Woven,5.0,502.0,274,0.0,"Shirts ,Blouse ,Trousers ,Pants","B-47, Purbo Rajashan, Dhaka, Savar",Dhaka,Savar,2008,"['Shirts', 'Blouse', 'Trousers', 'Pants']",0.0,,17,1.832116788321168,0.0,4,0,0,1,0,0,0
Visual Knitwears Ltd.,Knit,5.0,150.0,450,160000.0,"Jackets ,Trousers ,T-Shirts ,Polo Shirts","Shafi Complex, 295 Jalalabad, Hathazari Road, Chittagong, Hathazari Road",Chittagong,Hathazari Road,2007,"['Jackets', 'Trousers', 'T-Shirts', 'Polo Shirts']",1920000.0,Very Large,18,0.3333333333333333,4266.666666666667,4,0,0,0,0,0,0
Viyellatex Ltd.,Knit,5.0,12381.0,4200,1242000.0,"T-Shirts ,Polo Shirts ,Joggers ,Tank Top","297, Khoirtoil, Gazipura, Gazipur, Tongi",Gazipur,Tongi,2005,"['T-Shirts', 'Polo Shirts', 'Joggers', 'Tank Top']",14904000.0,Very Large,20,2.947857142857143,3548.5714285714284,4,0,0,0,0,0,0
Voyager Apparels Ltd.,Woven,5.0,800.0,600,12500.0,"Shirts ,Blouses ,Infants Wears","8, Malibagh Chowdhury Para, Dhaka, Malibagh",Dhaka,Malibagh,2002,"['Shirts', 'Blouses', 'Infants Wears']",150000.0,Large,23,1.3333333333333333,250.0,3,0,0,0,0,0,0
W Apparels,Knit,5.0,350.0,495,100000.0,"T-Shirts ,Pants","295/Ja/4, Rayer Bazar, Dhaka, Rayer Bazar",Dhaka,Rayer Bazar,2013,"['T-Shirts', 'Pants']",1200000.0,Very Large,12,0.7070707070707071,2424.242424242424,2,0,0,1,0,0,0
Waltz Fashions Ltd.,Sweater,5.0,500.0,670,100000.0,"Sweaters ,Jacket ,Jumper ,Cardigan","Badsha Miah School Road, Khailkur, National University, Gazipur, Gazipur",Gazipur,Gazipur,2004,"['Sweaters', 'Jacket', 'Jumper', 'Cardigan']",1200000.0,Very Large,21,0.746268656716418,1791.044776119403,4,0,0,0,1,0,0
Warm Fashion Ltd.,Sweater,5.0,600.0,350,60000.0,Sweaters,"1670/2091, West Sholashahar, Aturer Depu, Chittagong","1670/2091, West Sholashahar, Aturer Depu",Chittagong,2003,['Sweaters'],720000.0,Large,22,1.7142857142857142,2057.1428571428573,1,0,0,0,0,0,0
Wasif Knit Composite Ltd.,Knit,5.0,270.0,83,130000.0,"T-Shirts ,Polo Shirts ,Ladies Blouses ,Pajama","Vogra, Bashan Sarak, National University, Gazipur, Board Bazar",Gazipur,Board Bazar,2008,"['T-Shirts', 'Polo Shirts', 'Ladies Blouses', 'Pajama']",1560000.0,Very Large,17,3.253012048192771,18795.180722891568,4,0,0,0,0,0,0
Water Denim Ltd.,Knit,5.0,300.0,220,300000.0,"Denim Pants ,Jackets ,Shorts","South Panisile, Gazipur, Kashimpur",Gazipur,Kashimpur,2007,"['Denim Pants', 'Jackets', 'Shorts']",3600000.0,Very Large,18,1.3636363636363635,16363.636363636364,3,0,0,0,0,0,0
Wave Tex Apparels Ltd.,Knit,5.0,398.0,170,208000.0,"T-Shirts ,Polo Shirts","Plot # B-123, 132-133, Bscic I/A,, Shasongoan, Panchabati, Narayanganj, Fatullah",Narayanganj,Fatullah,2014,"['T-Shirts', 'Polo Shirts']",2496000.0,Very Large,11,2.3411764705882354,14682.35294117647,2,0,0,0,0,0,0
Way Mart Apparels Ltd.,Woven,5.0,400.0,206,80000.0,"Denim Pants ,Jackets ,Trousers ,Shorts","Ka-96/1, Kuril Kazi Bari, Kazi Shopping Centre (5Th Floor), Dhaka, Badda",Dhaka,Badda,2007,"['Denim Pants', 'Jackets', 'Trousers', 'Shorts']",960000.0,Large,18,1.941747572815534,4660.194174757282,4,0,0,0,0,0,0
Wazhico Apparels Ltd.,Knit,5.0,270.0,140,65000.0,"Shirts ,Shorts ,Jogging suits","Wazhico Tower, 263, Junbilee Road, Chittagong, Jubilee Road",Chittagong,Jubilee Road,1998,"['Shirts', 'Shorts', 'Jogging suits']",780000.0,Large,27,1.9285714285714286,5571.428571428572,3,0,0,0,0,0,0
Wear & Style Ltd.,Knit,5.0,268.0,131,104000.0,"T-Shirts ,Polo Shirts ,Tank Tops","Plot # C-173, Bscic, Gazipur, Tongi",Gazipur,Tongi,2007,"['T-Shirts', 'Polo Shirts', 'Tank Tops']",1248000.0,Very Large,18,2.045801526717557,9526.717557251908,3,0,0,0,0,0,0
Wear Mag Ltd.,Woven,5.0,1355.0,400,100000.0,"Shirts ,Pants ,Shorts ,Jacket","Civil Engineer Tower, Plot # I/1, Block - E, Avenue # 1, Section # 11, Dhaka, Dhaka",Dhaka,Dhaka,1994,"['Shirts', 'Pants', 'Shorts', 'Jacket']",1200000.0,Very Large,31,3.3875,3000.0,4,0,0,1,1,0,0
Web Textile Mills,Woven,5.0,130.0,80,40000.0,"Shirts ,Pants","Bhagirathpur, Narsingdi, Madhabdi",Narsingdi,Madhabdi,2014,"['Shirts', 'Pants']",480000.0,Large,11,1.625,6000.0,2,0,0,1,0,0,0
Weeny Apparels Ltd.,Knit,5.0,561.0,220,160000.0,"Ladies Wears ,Children Wear ,Knit Items","385/1, East Rampura, Dhaka, Rampura",Dhaka,Rampura,1998,"['Ladies Wears', 'Children Wear', 'Knit Items']",1920000.0,Very Large,27,2.55,8727.272727272728,3,0,0,0,0,0,0
Wega Apparels Ltd.,Sweater,5.0,350.0,280,37500.0,"Sweater ,Pullovers ,Cardigans","183, Senpara Parbata, Section # 10, Dhaka, B. Baria",Dhaka,B. Baria,2002,"['Sweater', 'Pullovers', 'Cardigans']",450000.0,Large,23,1.25,1607.142857142857,3,0,0,0,0,0,1
Wega Fashion Sweater (Pvt.) Ltd.,Sweater,5.0,450.0,290,50000.0,"Sweaters ,Cardigans ,Pullovers","29, Boro Dewra, Nishatnagar, Gazipur, B. Baria",Gazipur,B. Baria,1995,"['Sweaters', 'Cardigans', 'Pullovers']",600000.0,Large,30,1.5517241379310345,2068.9655172413795,3,0,0,0,0,0,0
Wega Style Wise (Pvt) Ltd.,Sweater,5.0,360.0,275,38000.0,"Sweaters ,Pullovers ,Cardigans","Plot # 6, Mouza # 10, Shaukchura, Gazipur, B. Baria",Gazipur,B. Baria,2004,"['Sweaters', 'Pullovers', 'Cardigans']",456000.0,Large,21,1.309090909090909,1658.1818181818182,3,0,0,0,0,0,0
Welform Apparels Ltd.,Woven,5.0,796.0,480,720000.0,"Brassieres, Panties","Dhaka Export Processing Zone, Ganakbari, Dhaka, Savar",Dhaka,Savar,1994,"['Brassieres', 'Panties']",8640000.0,Very Large,31,1.6583333333333334,18000.0,2,0,0,0,0,0,0
Well Designers Ltd.,Woven,5.0,950.0,700,125000.0,"Shirts ,Pants ,Cargo Shorts","A-23, S-6, Bscic Inds. Estete, Chittagong, Kalurghat",Chittagong,Kalurghat,2002,"['Shirts', 'Pants', 'Cargo Shorts']",1500000.0,Very Large,23,1.3571428571428572,2142.8571428571427,3,0,0,1,0,0,0
Well Dresses Ltd.,Woven,5.0,650.0,506,125000.0,"Shirts ,Jackets ,Pants","Plot # A-49-50, Bscic I/E, Chittagong, Kalurghat",Chittagong,Kalurghat,2006,"['Shirts', 'Jackets', 'Pants']",1500000.0,Very Large,19,1.284584980237154,2964.4268774703555,3,0,0,1,0,0,0
Well Fashion Ltd.,Woven,5.0,650.0,544,125000.0,"Shirts ,Jackets ,Trousers ,Pants","Plot # A-23, 24, 25 & 26, Bscic I/E, Chittagong, Kalurghat",Chittagong,Kalurghat,2000,"['Shirts', 'Jackets', 'Trousers', 'Pants']",1500000.0,Very Large,25,1.1948529411764706,2757.3529411764707,4,0,0,1,0,0,0
Well Fashion Ltd. (Unit-2),Woven,5.0,1850.0,1500,280000.0,"Shirts ,Jackeys ,Cargo Shorts","A-6 Part, 7-8 Part, Bscic I/E, Chittagong, Kalurghat",Chittagong,Kalurghat,2008,"['Shirts', 'Jackeys', 'Cargo Shorts']",3360000.0,Very Large,17,1.2333333333333334,2240.0,3,0,0,0,0,0,0
Well Lord Knit Wears Ltd.,Woven,5.0,600.0,586,200000.0,"Denim Short ,Denim Long Pant ,Denim Jacket","Bokran, Monipur, Gazipur Sadar, Gazipur, Gazipur",Gazipur,Gazipur,2016,"['Denim Short', 'Denim Long Pant', 'Denim Jacket']",2400000.0,Very Large,9,1.023890784982935,4095.563139931741,3,0,0,0,0,0,0
Well Mart Ltd.,Woven,5.0,650.0,425,84000.0,"Jackets ,Pants ,Cargo Shorts","Plot # A-23, S-6, Bscic I/E, Chittagong, Kalurghat",Chittagong,Kalurghat,2005,"['Jackets', 'Pants', 'Cargo Shorts']",1008000.0,Very Large,20,1.5294117647058822,2371.764705882353,3,0,0,1,0,0,0
Well Tex,Woven,5.0,450.0,200,60000.0,"Jogging Suits ,Wind Breakers ,Trousers","53, Meher Super Market, Gazipur, Tongi",Gazipur,Tongi,1993,"['Jogging Suits', 'Wind Breakers', 'Trousers']",720000.0,Large,32,2.25,3600.0,3,0,0,0,0,0,0
Welldone Apparel Ltd.,Sweater,5.0,1800.0,250,20000.0,Sweaters,"Baraiderchala Sreepur, Gazipur, Bangladesh, Gazipur, B. Baria",Gazipur,B. Baria,1999,['Sweaters'],240000.0,Large,26,7.2,960.0,1,0,0,0,0,0,0
Welldone Fashion Wear Co.,Woven,1.0,1.0,248,6000000.0,"T-Shirt ,Polo Shirt ,Shirt ,Pant","D/606, Painadi, Siddirgonj, Narayanganj, Narayangonj",Narayanganj,Narayangonj,2022,"['T-Shirt', 'Polo Shirt', 'Shirt', 'Pant']",72000000.0,Very Large,3,0.004032258064516129,290322.5806451613,4,1,1,0,0,1,0
Welltouch Apparels Ltd.,Knit,5.0,300.0,105,150000.0,"Shirts ,Pants","234/1, Kochukhet, Vasantek, Dhaka, Mirpur",Dhaka,Mirpur,2013,"['Shirts', 'Pants']",1800000.0,Very Large,12,2.857142857142857,17142.85714285714,2,0,0,1,0,0,0
West Knit Wear Ltd.,Knit,5.0,950.0,300,650000.0,"T-Shirts ,Polo Shirts","Sumilpara,, Adamjeenagor, Narayanganj, Shiddirganj",Narayanganj,Shiddirganj,2014,"['T-Shirts', 'Polo Shirts']",7800000.0,Very Large,11,3.1666666666666665,26000.0,2,0,0,0,0,0,0
West-Line Fashion (Pvt.) Ltd.,Woven,5.0,200.0,146,50000.0,"Pants ,Shorts","Kalmeshor, National University, Gazipur, Board Bazar",Gazipur,Board Bazar,2011,"['Pants', 'Shorts']",600000.0,Large,14,1.36986301369863,4109.58904109589,2,0,0,1,0,0,0
Western Dresses Ltd.,Woven,5.0,717.0,284,45000.0,"Shirts ,Pants ,Trousers ,Shorts","Kunia, Targas, Gazipur, K.B. Bazar",Gazipur,K.B. Bazar,1992,"['Shirts', 'Pants', 'Trousers', 'Shorts']",540000.0,Large,33,2.5246478873239435,1901.4084507042253,4,0,0,1,0,0,0
Western Dresses Ltd. Unit-2,Woven,5.0,408.0,220,60000.0,"Shirts ,Pants ,Trousers ,Shorts","123, North Begun Bari, Tejgaon I/A, Dhaka, Tejgaon",Dhaka,Tejgaon,2000,"['Shirts', 'Pants', 'Trousers', 'Shorts']",720000.0,Large,25,1.8545454545454545,3272.7272727272725,4,0,0,1,0,0,0
White Bay Apparels Ltd.,Woven,1.0,550.0,188,9930000.0,"Shirt ,Pant ,T-Shirt ,Polo Shirt","Holding # 315, Sarabo, Kashimpur, Gazipur, Gazipur",Gazipur,Gazipur,2022,"['Shirt', 'Pant', 'T-Shirt', 'Polo Shirt']",119160000.0,Very Large,3,2.925531914893617,633829.7872340425,4,1,1,0,0,1,0
Windy Apparels Ltd.,Woven,5.0,485.0,0,329257.0,"Shirts ,Jackets ,Overall ,Trousers","Union Plaza, Plot # 140, Beron, Dhaka-Savar Epz Road, Ashulia, Dhaka, Dhaka",Dhaka,Dhaka,1999,"['Shirts', 'Jackets', 'Overall', 'Trousers']",3951084.0,Very Large,26,0.0,0.0,4,0,0,0,0,0,0
Winner Wears Ltd.,Woven,5.0,225.0,180,60000.0,"Shorts ,Pajama Sets ,Gowns","Kashimpur, Gazipur","Kashimpur,",Gazipur,1998,"['Shorts', 'Pajama Sets', 'Gowns']",720000.0,Large,27,1.25,4000.0,3,0,0,0,0,0,0
Winning Fashion Ltd.,Woven,1.0,919.0,268,1450000.0,"Shirt ,Pant ,Jacket ,Trouser","Plot # 12P & 13P, Kalurghat Heavy I/A, Mohara, Kalurghat, Chittagonj, Chittagong",Chittagonj,Chittagong,2022,"['Shirt', 'Pant', 'Jacket', 'Trouser']",17400000.0,Very Large,3,3.4291044776119404,64925.37313432836,4,0,1,0,1,0,0
Winsome Knit Composite Ltd.,Knit,5.0,395.0,246,100000.0,"T-Shirts ,Polo Shirts ,Tank Tops","Modafa, Nishad Nagar, Gazipur, Tongi",Gazipur,Tongi,2008,"['T-Shirts', 'Polo Shirts', 'Tank Tops']",1200000.0,Very Large,17,1.6056910569105691,4878.048780487805,3,0,0,0,0,0,0
Winter Collection Ltd.,Sweater,5.0,950.0,671,97000.0,"Sweaters ,Pullovers ,Cardigans ,Vests","Karal Surichala, Shafupur, Gazipur, Kaliakoir",Gazipur,Kaliakoir,2005,"['Sweaters', 'Pullovers', 'Cardigans', 'Vests']",1164000.0,Very Large,20,1.4157973174366616,1734.7242921013412,4,0,0,0,0,0,0
Winter Dress Ltd.,Knit,5.0,2520.0,3896,200000.0,"Shirts ,Pants ,T-Shirts","Kalma, Dairy Firm, Dhaka, Savar",Dhaka,Savar,2012,"['Shirts', 'Pants', 'T-Shirts']",2400000.0,Very Large,13,0.6468172484599589,616.0164271047228,3,0,0,1,0,0,0
Winter Sprint Garments Ltd.,Woven,1.0,510.0,191,9750000.0,"Shirt ,Pant ,T-Shirt ,Polo Shirt","Sarabo, Kashimpur, Gazipur, Gazipur",Gazipur,Gazipur,2022,"['Shirt', 'Pant', 'T-Shirt', 'Polo Shirt']",117000000.0,Very Large,3,2.670157068062827,612565.445026178,4,1,1,0,0,1,0
Wintex Apparels Ltd.,Knit,5.0,490.0,170,96000.0,"Dresses ,Babies Wears ,T-Shirts ,Pants","137/1, Senpara Parbata, Section # 10, Dhaka, Mirpur",Dhaka,Mirpur,1990,"['Dresses', 'Babies Wears', 'T-Shirts', 'Pants']",1152000.0,Very Large,35,2.8823529411764706,6776.470588235294,4,0,0,1,0,0,0
Wintex Fashion Wear Ltd.,Woven,5.0,680.0,280,120000.0,"Ladies Shirts ,Blouses ,Jackets","B/29, Khilkhet Bazar, Dhaka, Badda",Dhaka,Badda,1996,"['Ladies Shirts', 'Blouses', 'Jackets']",1440000.0,Very Large,29,2.4285714285714284,5142.857142857143,3,0,0,0,0,0,0
Wintex Garments Ltd.,Woven,5.0,348.0,131,99000.0,"Shirts ,Trousers ,Knit Item","91, Sher-E-Bangla Road, Rayer Bazar, Dhaka, Dhanmondi",Dhaka,Dhanmondi,1993,"['Shirts', 'Trousers', 'Knit Item']",1188000.0,Very Large,32,2.6564885496183206,9068.702290076335,3,0,0,0,0,0,0
Winwear Ltd.,Sweater,5.0,400.0,300,0.0,Sweaters,"Ilfil Complex (Ground Floor), Badekalmashar, Signboard, Gazipur, Gazipur Sadar",Gazipur,Gazipur Sadar,2003,['Sweaters'],0.0,,22,1.3333333333333333,0.0,1,0,0,0,0,0,0
Wisdom Attires Ltd.,Knit,5.0,2000.0,450,1400000.0,"T-Shirts ,Polo Shirts ,Sweat Shirts","Dapa Idrakpur, Narayanganj, Fatullah",Narayanganj,Fatullah,1988,"['T-Shirts', 'Polo Shirts', 'Sweat Shirts']",16800000.0,Very Large,37,4.444444444444445,37333.333333333336,3,0,0,0,0,0,0
Wisteria Textiles Ltd.,Knit,5.0,3600.0,960,1080000.0,"T-Shirts ,Sports Wear ,Infants Wear ,Sweat Shirts","Beraiter Chala, Natun Bazar, Gazipur, Sreepur",Gazipur,Sreepur,2008,"['T-Shirts', 'Sports Wear', 'Infants Wear', 'Sweat Shirts']",12960000.0,Very Large,17,3.75,13500.0,4,0,0,0,0,0,0
Wonder Apparels Ltd.,Woven,5.0,650.0,358,9166.0,"Shirts ,Trousers ,Shorts","Alam Super Market (2Nd & 3Rd Floor), 413, New Jurain, Dhaka, Jurain",Dhaka,Jurain,1993,"['Shirts', 'Trousers', 'Shorts']",109992.0,Large,32,1.8156424581005586,307.24022346368713,3,0,0,0,0,0,0
Woo Ree Apparels Ltd.,Knit,5.0,535.0,250,300000.0,"Shirts ,Pants ,T-Shirts","Holding # B-1, Binod Bayeed, Dhaka, Savar",Dhaka,Savar,2011,"['Shirts', 'Pants', 'T-Shirts']",3600000.0,Very Large,14,2.14,14400.0,3,0,0,1,0,0,0
Wool World Ltd.,Sweater,5.0,400.0,276,40000.0,Sweaters,"218, Dt Road, Chittagong, Dewanhat",Chittagong,Dewanhat,2003,['Sweaters'],480000.0,Large,22,1.4492753623188406,1739.1304347826087,1,0,0,0,0,0,0
Woolen & Wool Ltd.,Sweater,5.0,950.0,550,104000.0,"Sweaters ,Ladies Sweaters ,Cardigans","Khailkur, Bat Tala Road, Gazipur, Board Bazar",Gazipur,Board Bazar,2003,"['Sweaters', 'Ladies Sweaters', 'Cardigans']",1248000.0,Very Large,22,1.7272727272727273,2269.090909090909,3,0,0,0,0,0,0
Woolen Wear Ltd.,Sweater,5.0,900.0,650,75000.0,"Sweaters ,Pullovers ,Cardigans","Vogra, Basan Union, Gazipur, Joydevpur",Gazipur,Joydevpur,2003,"['Sweaters', 'Pullovers', 'Cardigans']",900000.0,Large,22,1.3846153846153846,1384.6153846153845,3,0,0,0,0,0,0
Woolsey Knitwear Ltd.,Sweater,5.0,200.0,112,30000.0,Sweaters,"Zadur Char, Hemayetpur, Dhaka, Savar",Dhaka,Savar,2008,['Sweaters'],360000.0,Large,17,1.7857142857142858,3214.285714285714,1,0,0,0,0,0,0
Work Field Knit Wears,Knit,5.0,463.0,200,375000.0,"Ladies T-Shirts ,Kids T-Shirts ,Pajama Sets","East Isdair, Upozila Road, Narayanganj, B. Baria",Narayanganj,B. Baria,2012,"['Ladies T-Shirts', 'Kids T-Shirts', 'Pajama Sets']",4500000.0,Very Large,13,2.315,22500.0,3,0,0,0,0,0,0
World Asia Jacquard Ltd.,Sweater,1.0,2.0,150,1600.0,Sweater,"130/1, Choydana, Gacha, National University, Gazipur, Gazipur",Gazipur,Gazipur,2022,['Sweater'],19200.0,Medium,3,0.013333333333333334,128.0,1,0,0,0,0,0,1
World Face International Ltd.,Knit,5.0,189.0,143,80000.0,"Shirts ,Pants ,T-Shirts ,Polo Shirts","Shikder Bari, Sector # 08, Abdullahpur, Dhaka, Uttara",Dhaka,Uttara,2014,"['Shirts', 'Pants', 'T-Shirts', 'Polo Shirts']",960000.0,Large,11,1.3216783216783217,6713.286713286713,4,0,0,1,0,0,0
World Victory Garments Ltd.,Woven,5.0,434.0,169,104000.0,"Shirts ,Ladies Blouses ,Maternity Wears ,Ski-Pants","Plot # Gha, Block- D, Satmasjid Supper Market, Dhaka, Mohammadpur",Dhaka,Mohammadpur,1984,"['Shirts', 'Ladies Blouses', 'Maternity Wears', 'Ski-Pants']",1248000.0,Very Large,41,2.5680473372781063,7384.615384615385,4,0,0,0,0,0,0
World Ye Apparels (BD) Ltd.,Woven,1.0,3500.0,1500,550000.0,Unknown,"Plot # 61-64 & 70-73, Sector # 2, North Patenga, Karnaphuli Epz, Chittagong, Chittagong",Chittagong,Chittagong,2021,[],6600000.0,Very Large,4,2.3333333333333335,4400.0,0,0,0,0,0,0,0
World Ye Dress Pants Ltd.,Woven,5.0,1196.0,849,125000.0,"Dress Pants ,Casual Pants","Plot # Fs-2, Road # 2, Chittagong, Cepz",Chittagong,Cepz,2005,"['Dress Pants', 'Casual Pants']",1500000.0,Very Large,20,1.408716136631331,1766.7844522968198,2,0,0,0,0,0,0
Wraps Clothes-Line Ltd.,Woven,1.0,200.0,450,237000.0,"Shirt ,Pant","Jamirdiya, Master Bari, Valuka, Mymensingh, Mymensingh",Mymensingh,Mymensingh,2018,"['Shirt', 'Pant']",2844000.0,Very Large,7,0.4444444444444444,6320.0,2,0,1,0,0,0,0
Wucho Fashion Ltd.,Knit,5.0,210.0,150,375000.0,"T-Shirts ,Pants","Plot # 191/469, J, L # 79, Mouza Baipail, Ashulia- Epz Road , Middle Gazirchat, Dhaka, Savar",Dhaka,Savar,2013,"['T-Shirts', 'Pants']",4500000.0,Very Large,12,1.4,30000.0,2,0,0,1,0,0,0
Xin Bangla Fabrics,Knit,5.0,350.0,260,150000.0,"Shirts ,Pants ,T-Shirts ,Polo Shirts","1, Kalma, Dhaka, Savar",Dhaka,Savar,2004,"['Shirts', 'Pants', 'T-Shirts', 'Polo Shirts']",1800000.0,Very Large,21,1.3461538461538463,6923.076923076923,4,0,0,1,0,0,0
Y.B. Garments Ltd.,Knit,5.0,1196.0,317,200000.0,"Shirts ,T-Shirts ,Shorts ,Pants","Moti Tower, 67/68, College Road, Chittagong","Moti Tower, 67/68, College Road",Chittagong,2002,"['Shirts', 'T-Shirts', 'Shorts', 'Pants']",2400000.0,Very Large,23,3.772870662460568,7570.977917981073,4,0,0,1,0,0,0
Y.B.M. Apparels Ltd.,Knit,5.0,300.0,110,100000.0,"Shirts ,Pants ,T-Shirts ,Polo Shirts","Ekushe Tower, Master Bari Bazar, Vawal Mirzapur Road, Gazipur, Gazipur Sadar",Gazipur,Gazipur Sadar,2016,"['Shirts', 'Pants', 'T-Shirts', 'Polo Shirts']",1200000.0,Very Large,9,2.727272727272727,10909.09090909091,4,0,0,1,0,0,0
Y.K. Knitwear Ltd.,Sweater,5.0,950.0,404,100000.0,"Sweaters ,Cardigans ,Pullovers","Plot # S-7 & 8, Bscic I/E, Gazipur, Konabari",Gazipur,Konabari,2006,"['Sweaters', 'Cardigans', 'Pullovers']",1200000.0,Very Large,19,2.3514851485148514,2970.29702970297,3,0,0,0,0,0,0
Y.K. Sweaters Ltd.,Sweater,5.0,900.0,400,100000.0,"Sweaters ,Cardigans ,Pullovers","Plot # S-7 & 8, Bscic I/E, Gazipur, Konabari",Gazipur,Konabari,2003,"['Sweaters', 'Cardigans', 'Pullovers']",1200000.0,Very Large,22,2.25,3000.0,3,0,0,0,0,0,0
Yagi Bangladesh Garments Ltd.,Knit,5.0,501.0,845,150000.0,"Jackets ,Pants ,T-Shirts ,Polo Shirts","Hp Tower, North Baron, Ashulia, Dhaka, Savar",Dhaka,Savar,2011,"['Jackets', 'Pants', 'T-Shirts', 'Polo Shirts']",1800000.0,Very Large,14,0.5928994082840237,2130.1775147928993,4,0,0,1,0,0,0
Yakub Garments Ltd.,Woven,5.0,341.0,206,20000.0,"Bottom ,Jackets ,Swim Wears","Natun Bazar, Rampur, Chittagong, Pahattoli",Chittagong,Pahattoli,1985,"['Bottom', 'Jackets', 'Swim Wears']",240000.0,Large,40,1.6553398058252426,1165.0485436893205,3,0,0,0,0,0,0
Yara Knit Wear Ltd.,Knit,5.0,400.0,120,125000.0,"Shirts ,Pants ,T-Shirts ,Polo Shirts","Natun Sonakanda, Busstand, Dhaka, Keraniganj",Dhaka,Keraniganj,2014,"['Shirts', 'Pants', 'T-Shirts', 'Polo Shirts']",1500000.0,Very Large,11,3.3333333333333335,12500.0,4,0,0,1,0,0,0
Yasin Knittex Inds. Ltd.,Knit,5.0,3000.0,700,1350000.0,"T-Shirts ,Polo Shirts ,Sweat Shirts ,Shirt","South Panishail, Zirani Bazar (Bksp), Gazipur, Gazipur",Gazipur,Gazipur,2009,"['T-Shirts', 'Polo Shirts', 'Sweat Shirts', 'Shirt']",16200000.0,Very Large,16,4.285714285714286,23142.85714285714,4,0,1,0,0,0,0
Yeakin Textile Industries,Knit,1.0,195.0,54,518400.0,"T-Shirt ,Polo Shirt","Oluin, Suagong, Sadar Dakhin, Comilla, Comilla",Comilla,Comilla,2022,"['T-Shirt', 'Polo Shirt']",6220800.0,Very Large,3,3.611111111111111,115200.0,2,1,0,0,0,1,0
Yellow Apparels Ltd.,Woven,1.0,2000.0,1000,0.0,"Shirt ,Pant","Sarabo, Kashimpur, Gazipur, Gazipur",Gazipur,Gazipur,2020,"['Shirt', 'Pant']",0.0,,5,2.0,0.0,2,0,1,0,0,0,0
Yester Jeans Ltd.,Woven,5.0,1051.0,461,7000000.0,"Shirts ,Pants","Plot # 111-114, Adamzee Epz,, Building # 05 (3Rd-5Th Floor), Adamzee Nagar, Narayanganj, Siddirgonj",Narayanganj,Siddirgonj,2014,"['Shirts', 'Pants']",84000000.0,Very Large,11,2.279826464208243,182212.5813449024,2,0,0,1,0,0,0
YM Garments Ltd.,Woven,1.0,108.0,119,200000.0,"Shirt ,Pant ,T-Shirt ,Polo Shirt","2597, East Nurer Chala, Vatara, Gulshan, Dhaka, Dhaka",Dhaka,Dhaka,2022,"['Shirt', 'Pant', 'T-Shirt', 'Polo Shirt']",2400000.0,Very Large,3,0.907563025210084,20168.067226890755,4,1,1,0,0,1,0
Yolk Apparels Ltd.,Woven,5.0,762.0,488,124800.0,"Shirts ,Trousers ,Infants Wear ,Pants","62 Kathgora, Bishmail, Zirabo Road, Ashulia, Dhaka, Savar",Dhaka,Savar,2006,"['Shirts', 'Trousers', 'Infants Wear', 'Pants']",1497600.0,Very Large,19,1.5614754098360655,3068.8524590163934,4,0,0,1,0,0,0
Yongtai Inds. (BD) Ltd.,Sweater,5.0,860.0,550,60000.0,"Sweaters ,Pullovers ,Cardigans","Comilla Epz, Comilla","Comilla Epz,",Comilla,2008,"['Sweaters', 'Pullovers', 'Cardigans']",720000.0,Large,17,1.5636363636363637,1309.090909090909,3,0,0,0,0,0,0
York Fashion Ltd.,Woven,5.0,800.0,764,62500.0,"Shirts ,Kids Wear ,Trousers","88, Mazar Road, Section # 1, Dhaka, Dhaka",Dhaka,Dhaka,1997,"['Shirts', 'Kids Wear', 'Trousers']",750000.0,Large,28,1.0471204188481675,981.6753926701571,3,0,0,0,0,0,0
York Sports Wear Ltd.,Woven,5.0,400.0,120,300000.0,"Shirts ,Ladies Shirts ,Children Wears","9/A, 1St Colony, Mirpur Road, Dhaka, Mirpur",Dhaka,Mirpur,2001,"['Shirts', 'Ladies Shirts', 'Children Wears']",3600000.0,Very Large,24,3.3333333333333335,30000.0,3,0,0,0,0,0,0
Young 4 Ever Textiles Ltd.,Woven,5.0,295.0,173,104000.0,"T-Shirts ,Polo Shirts ,Pants","Plot # B-89/90, Bscic I/A, Narayanganj, Dhaka",Narayanganj,Dhaka,2010,"['T-Shirts', 'Polo Shirts', 'Pants']",1248000.0,Very Large,15,1.7052023121387283,7213.872832369942,3,0,0,1,0,0,0
Young An Hat (BD) Limited.,Woven,5.0,833.0,566,780000.0,Caps,"Plot # 47-52, Sector # 3, Bandar, Chittagong, Cepz",Chittagong,Cepz,1997,['Caps'],9360000.0,Very Large,28,1.471731448763251,16537.102473498235,1,0,0,0,0,0,0
Young Fashion (Pvt) Ltd.,Knit,5.0,400.0,150,200000.0,"T-Shirts ,Polo Shirts ,Trousers","5/1, New Chasara, Haji Abdur Rahman Sarak, Narayanganj, Narayangonj",Narayanganj,Narayangonj,1995,"['T-Shirts', 'Polo Shirts', 'Trousers']",2400000.0,Very Large,30,2.6666666666666665,16000.0,3,0,0,0,0,0,0
Young Hi-Tech Technical Wear Ltd.,Woven,5.0,332.0,77,260000.0,"Shirts ,Pants","Kabilpur, Kurchap, Comilla, Deviddwar",Comilla,Deviddwar,2016,"['Shirts', 'Pants']",3120000.0,Very Large,9,4.311688311688312,40519.48051948052,2,0,0,1,0,0,0
Young International Garments (BD) Ltd.,Knit,5.0,3066.0,1539,1200000.0,"Shirts ,T-Shirts ,Polo Shirts","Plot # 30-36, Sector # 5, South Halishahar, Chittagong, Cepz",Chittagong,Cepz,1994,"['Shirts', 'T-Shirts', 'Polo Shirts']",14400000.0,Very Large,31,1.9922027290448343,9356.72514619883,3,0,0,0,0,0,0
Young Socks Ltd.,Woven,5.0,72.0,30,500000.0,Socks,"Sreepur, Ganokbari, Dhaka, Savar",Dhaka,Savar,2006,['Socks'],6000000.0,Very Large,19,2.4,200000.0,1,0,0,0,0,0,0
Young Star Sweater,Sweater,5.0,700.0,570,60000.0,"Sweaters ,Pullovers ,Cardigans","Plot # 6, Alibahar, Dhaka, Shampur",Dhaka,Shampur,1999,"['Sweaters', 'Pullovers', 'Cardigans']",720000.0,Large,26,1.2280701754385965,1263.157894736842,3,0,0,0,0,0,0
Youngone (CEPZ) Limited,Woven,5.0,14284.0,10070,700000.0,"Jackets ,Sportswear ,Vest ,Pants","Plot # 11-16, Sector # 2, Chittagong, Cepz",Chittagong,Cepz,1989,"['Jackets', 'Sportswear', 'Vest', 'Pants']",8400000.0,Very Large,36,1.4184707050645482,834.1608738828203,4,0,0,1,0,0,0
Youngone Hi-Tech Sportswear Inds.Ltd.,Woven,5.0,6185.0,4000,300000.0,"Sportswear ,Skiwears ,Climbingwears","Plot # 1-4, 9-12, Depz, Dhaka, Savar",Dhaka,Savar,1993,"['Sportswear', 'Skiwears', 'Climbingwears']",3600000.0,Very Large,32,1.54625,900.0,3,0,0,0,0,0,0
Youngones (Bangladesh) Ltd.,Woven,5.0,420.0,301,60000.0,"Ladies Shirts ,Trousers ,Overalls ,Jackets","Jahan Building # 2, 24, Arabad C/A, Chittagong, Agrabad",Chittagong,Agrabad,1980,"['Ladies Shirts', 'Trousers', 'Overalls', 'Jackets']",720000.0,Large,45,1.3953488372093024,2392.0265780730897,4,0,0,0,0,0,0
Youngones (BD) Ltd. Unit-2,Knit,5.0,660.0,405,525000.0,"T-Shirts ,Polo Shirts ,Golf Shirts ,Tank Tops","42, Chandana (3Rd & 4Th Floor), Gazipur, Joydevpur",Gazipur,Joydevpur,1996,"['T-Shirts', 'Polo Shirts', 'Golf Shirts', 'Tank Tops']",6300000.0,Very Large,29,1.6296296296296295,15555.555555555555,4,0,0,0,0,0,0
Your Fashion Sweater Ltd.,Sweater,5.0,909.0,300,80000.0,"Sweaters ,Pullovers ,Cardigans","Plot # 1230, 1289, 1276, Gilarchala, Masterbari, Gazipur, Gazipur",Gazipur,Gazipur,2007,"['Sweaters', 'Pullovers', 'Cardigans']",960000.0,Large,18,3.03,3200.0,3,0,0,0,0,0,0
Youth Fashion Limited,Woven,5.0,352.0,131,45000.0,"Overalls ,Shorts ,Barmuda","Youth Tower, 822/2, Rokeya Sarani, Dhaka, Mirpur",Dhaka,Mirpur,1996,"['Overalls', 'Shorts', 'Barmuda']",540000.0,Large,29,2.687022900763359,4122.137404580153,3,0,0,0,0,0,0
Youth Garments Ltd.,Woven,5.0,445.0,167,120000.0,"Long Sleeve ,Short Sleeve ,Sleeping Dress ,Trousers","Youth Tower, 822/2, Rokeya Sarani, Dhaka, Mirpur",Dhaka,Mirpur,1985,"['Long Sleeve', 'Short Sleeve', 'Sleeping Dress', 'Trousers']",1440000.0,Very Large,40,2.6646706586826348,8622.754491017964,4,0,0,0,0,0,0
YP Ashulia Ltd.,Woven,1.0,2005.0,97,524000.0,"Shirt ,Pant","Jamgora Bottola (Moyna Market), Jamgora Gorat Bagbari Road, Uttor Gazirchat, Ashulia, Dhaka, Dhaka",Dhaka,Dhaka,2021,"['Shirt', 'Pant']",6288000.0,Very Large,4,20.670103092783506,64824.742268041235,2,0,1,0,0,0,0
YP Gazipur Ltd.,Woven,1.0,2016.0,470,524000.0,"Hats ,Caps","Zirani, Domna, Kaltasuti, Bksp, Ashulia, Dhaka, Dhaka",Dhaka,Dhaka,2022,"['Hats', 'Caps']",6288000.0,Very Large,3,4.2893617021276595,13378.72340425532,2,0,0,0,0,0,0
Ytex Garments Ltd,Woven,1.0,0.0,78,41665.0,"Denim pant ,Shirt, T-shirt ,Polo Shirt ,Jacket","70-71, Masterbari, Solmaid, Vatara, Dhaka-1212, Dhaka, Dhaka",Dhaka,Dhaka,2021,"['Denim pant', 'Shirt', 'T-shirt', 'Polo Shirt', 'Jacket']",499980.0,Large,4,0.0,6410.0,5,0,1,0,1,1,0
Yusuf Apparel Ltd.,Woven,5.0,850.0,448,150000.0,"Shirts ,Swim Trunks ,Shorts ,Skirts","1363/A, Askarabad, Chittagong","1363/A, Askarabad,",Chittagong,2004,"['Shirts', 'Swim Trunks', 'Shorts', 'Skirts']",1800000.0,Very Large,21,1.8973214285714286,4017.8571428571427,4,0,0,0,0,0,0
Z-3 Composite Knitwear Ltd.,Knit,5.0,260.0,84,60000.0,"T-Shirts ,Shorts ,Lycra Rib","Kathgara, Ashulia, Dhaka, B. Baria",Dhaka,B. Baria,2001,"['T-Shirts', 'Shorts', 'Lycra Rib']",720000.0,Large,24,3.0952380952380953,8571.42857142857,3,0,0,0,0,0,0
Z-3 Dresses Ltd.,Woven,5.0,210.0,122,60000.0,"Shirts ,Shorts","M-2, Section # 7, Mirpur R/A, Dhaka, B. Baria",Dhaka,B. Baria,2001,"['Shirts', 'Shorts']",720000.0,Large,24,1.721311475409836,5901.639344262295,2,0,0,0,0,0,0
Z.I. Apparels Ltd.,Woven,5.0,207.0,150,60000.0,"Shirts ,Jackets ,Shorts","House # 84, New Airport Road, Dhaka, Banani",Dhaka,Banani,1985,"['Shirts', 'Jackets', 'Shorts']",720000.0,Large,40,1.38,4800.0,3,0,0,0,0,0,0
Z.M. Apparels Limited,Knit,5.0,475.0,250,80000.0,"Trousers ,Top & Bottom","212, Baizid Bostami Road, Nasirabad I/A, Chittagong","212, Baizid Bostami Road, Nasirabad I/A",Chittagong,1997,"['Trousers', 'Top  Bottom']",960000.0,Large,28,1.9,3840.0,2,0,0,0,0,0,0
Z.N. Composite Ltd.,Sweater,5.0,800.0,500,125000.0,Sweater,"Zn Tower, Nawpara, Narsingdi, Madhabdi",Narsingdi,Madhabdi,2015,['Sweater'],1500000.0,Very Large,10,1.6,3000.0,1,0,0,0,0,0,1
ZA Apparels Limited,Knit,5.0,900.0,680,425000.0,"Shirts ,Pants ,T-Shirts ,Polo Shirts","Plot # 39, Kuturia, Ashulia, Dhaka, Savar",Dhaka,Savar,2012,"['Shirts', 'Pants', 'T-Shirts', 'Polo Shirts']",5100000.0,Very Large,13,1.3235294117647058,7500.0,4,0,0,1,0,0,0
Zaara Composite Textiles Ltd.,Knit,5.0,547.0,315,192000.0,"T-Shirts ,Polo Shirts","Mouza - Surabari, Kashimpur, Gazipur, Gazipur Sadar",Gazipur,Gazipur Sadar,2007,"['T-Shirts', 'Polo Shirts']",2304000.0,Very Large,18,1.7365079365079366,7314.285714285715,2,0,0,0,0,0,0
Zaara Jeans & Knitwear Ltd.,Woven,5.0,0.0,0,0.0,Shirts,"36/2, Sataish Madda Para, Gazipur, Tongi",Gazipur,Tongi,2011,['Shirts'],0.0,,14,0.0,0.0,1,0,0,0,0,0,0
Zaara Sara Knit Ind. Ltd.,Knit,5.0,200.0,70,18000.0,"Shirts ,Pants","Kashimpur, (Beside Kashimpur High School), Gazipur, Kashimpur",Gazipur,Kashimpur,2014,"['Shirts', 'Pants']",216000.0,Large,11,2.857142857142857,3085.714285714286,2,0,0,1,0,0,0
Zaber & Zubair Fabrics Ltd.,Woven,5.0,9341.0,422,1320000.0,"Home Textile ,Trousers ,Pants","Pager, Gazipur, Tongi",Gazipur,Tongi,2009,"['Home Textile', 'Trousers', 'Pants']",15840000.0,Very Large,16,22.135071090047393,37535.54502369668,3,0,0,1,0,0,0
Zaf Sweater And Garments Ltd.,Woven,5.0,0.0,0,0.0,Unknown,"Plot # D 19/A, Block - D, Section # 10, Dhaka, Mirpur",Dhaka,Mirpur,1997,[],0.0,,28,0.0,0.0,0,0,0,0,0,0,0
Zafa Garments & Textiles Ltd.,Knit,5.0,374.0,90,250000.0,"Panties ,Bra","92, Batali Road, Enayet Bazar, Chittagong, Enayet Bazar",Chittagong,Enayet Bazar,1985,"['Panties', 'Bra']",3000000.0,Very Large,40,4.155555555555556,33333.333333333336,2,0,0,0,0,0,0
Zafar Enterprises (Pvt) Ltd.,Woven,5.0,200.0,145,36000.0,"Shirts ,Blouses ,Shorts","123/1/A South Jatrabari, Samad Super Market (3Rd Floorj, Dhaka, Jatrabari",Dhaka,Jatrabari,1985,"['Shirts', 'Blouses', 'Shorts']",432000.0,Large,40,1.3793103448275863,2979.310344827586,3,0,0,0,0,0,0
Zahan Garments (Pvt.) Ltd.,Knit,5.0,483.0,312,360000.0,"Jackets ,Trousers ,T-Shirts","31, Jonson Road, Raysaheb Bazar (3Rd Floor), Dhaka, Old Dhaka",Dhaka,Old Dhaka,1991,"['Jackets', 'Trousers', 'T-Shirts']",4320000.0,Very Large,34,1.5480769230769231,13846.153846153846,3,0,0,0,0,0,0
Zahintex Industries Ltd.,Sweater,5.0,11514.0,5695,825000.0,"Pullovers ,Cardigans ,Bolero ,Vest","Bokran, Gazipur, Gazipur",Gazipur,Gazipur,2002,"['Pullovers', 'Cardigans', 'Bolero', 'Vest']",9900000.0,Very Large,23,2.0217734855136085,1738.3669885864795,4,0,0,0,0,0,0
Zain Apparels Ltd.,Woven,5.0,200.0,150,150000.0,"Shirts ,Pants ,T-Shirts ,Polo Shirts","Holding # 338, Khilgaon, Pibail College Gate, Gazipur, Gazipur",Gazipur,Gazipur,2014,"['Shirts', 'Pants', 'T-Shirts', 'Polo Shirts']",1800000.0,Very Large,11,1.3333333333333333,12000.0,4,0,0,1,0,0,0
Zakaria Apparels Ltd.,Knit,5.0,300.0,150,390000.0,"T-Shirts ,Polo Shirts","Main Road, Tangail, Ghatail",Tangail,Ghatail,2014,"['T-Shirts', 'Polo Shirts']",4680000.0,Very Large,11,2.0,31200.0,2,0,0,0,0,0,0
Zakmars Fashion Ltd.,Woven,5.0,300.0,200,105000.0,"Ladies Items ,Jackets ,Trousers","524, D.T. Road, Jan Super Market, Chittagong, Kadamtali",Chittagong,Kadamtali,1993,"['Ladies Items', 'Jackets', 'Trousers']",1260000.0,Very Large,32,1.5,6300.0,3,0,0,0,0,0,0
Zalo Knitting Ltd.,Knit,5.0,488.0,261,416000.0,"T-Shirts ,Polo Shirts","Tea Garden Road, Mouchak, Gazipur, Kaliakoir",Gazipur,Kaliakoir,2014,"['T-Shirts', 'Polo Shirts']",4992000.0,Very Large,11,1.8697318007662835,19126.436781609194,2,0,0,0,0,0,0
Zaman Garments Ltd.,Woven,5.0,150.0,80,250000.0,"Blouses ,Jackets ,Dresses","75, Iqbal Road, Patharghata, Chittagong, Patharghata",Chittagong,Patharghata,1985,"['Blouses', 'Jackets', 'Dresses']",3000000.0,Very Large,40,1.875,37500.0,3,0,0,0,0,0,0
Zara Denim Ltd.,Woven,5.0,900.0,600,300000.0,"Shirts ,Pants","Mudafa Vadam, Nishatnagar, Gazipur, Tongi",Gazipur,Tongi,2015,"['Shirts', 'Pants']",3600000.0,Very Large,10,1.5,6000.0,2,0,0,1,0,0,0
Zara Socks Inds.,Knit,5.0,90.0,90,41700.0,Socks,"59, Malipara, Bhowal Rajabari, Gazipur, Sreepur",Gazipur,Sreepur,2011,['Socks'],500400.0,Large,14,1.0,5560.0,1,0,0,0,0,0,0
ZAS Apparels (Pvt) Ltd.,Woven,5.0,400.0,230,225000.0,"Shirts ,Pants","Shantidhara, Bhuigar, Narayanganj, Narayangonj",Narayanganj,Narayangonj,2013,"['Shirts', 'Pants']",2700000.0,Very Large,12,1.7391304347826086,11739.130434782608,2,0,0,1,0,0,0
Zemtex Linkage Inds. Ltd.,Sweater,5.0,350.0,220,20000.0,Sweaters,"Plot # 203 & 204, Bashugaon, Gazipur, Pubail",Gazipur,Pubail,2011,['Sweaters'],240000.0,Large,14,1.5909090909090908,1090.909090909091,1,0,0,0,0,0,0
Zenith Fashions Ltd.,Woven,5.0,296.0,151,50000.0,"Trousers ,Shorts ,Pants ,Skirts","122-123, Dar-Us-Salam, Mirpur Road, Dhaka, Mirpur",Dhaka,Mirpur,1991,"['Trousers', 'Shorts', 'Pants', 'Skirts']",600000.0,Large,34,1.9602649006622517,3973.5099337748343,4,0,0,1,0,0,0
Zest Knitwear Ltd.,Sweater,5.0,110.0,35,18000.0,Sweater,"85/6/A, Gobindapur (Chamurkhan), Uzampur, Uttarkhan, Dhaka, Uttara",Dhaka,Uttara,2015,['Sweater'],216000.0,Large,10,3.142857142857143,6171.428571428572,1,0,0,0,0,0,1
Zeysha Fashionwear Ltd.,Knit,5.0,370.0,281,15000.0,"T-Shirts ,Polo Shirts ,Sweat Shirts","Shampur, Hemayetpur, Dhaka, Dhaka",Dhaka,Dhaka,2010,"['T-Shirts', 'Polo Shirts', 'Sweat Shirts']",180000.0,Large,15,1.3167259786476868,640.5693950177936,3,0,0,0,0,0,0
Zhsan Apparels (BD) Ltd.,Knit,5.0,260.0,113,60000.0,"Jackets ,T-Shirts ,Pants","1370, D.T. Road, Dhaniala Para, Chittagong","1370, D.T. Road, Dhaniala Para",Chittagong,1996,"['Jackets', 'T-Shirts', 'Pants']",720000.0,Large,29,2.3008849557522124,6371.6814159292035,3,0,0,1,0,0,0
Zia Apparels King Ltd.,Knit,5.0,205.0,73,64992.0,"Shirts ,Shorts ,T-Shirts","96, Elephant Road (Wirless), Nayatola, Dhaka, Dhaka",Dhaka,Dhaka,1993,"['Shirts', 'Shorts', 'T-Shirts']",779904.0,Large,32,2.808219178082192,10683.616438356165,3,0,0,0,0,0,0
Zian Tex Limited,Knit,5.0,298.0,175,21666.0,"T-Shirts ,Polo Shirts ,Trousers ,Pyjamas","Plot # B-313-316, Bscic I/A, Shashongaon, Narayanganj, Narayangonj",Narayanganj,Narayangonj,2014,"['T-Shirts', 'Polo Shirts', 'Trousers', 'Pyjamas']",259992.0,Large,11,1.7028571428571428,1485.6685714285713,4,0,0,0,0,0,0
Zihad Tex Ltd.,Woven,1.0,348.0,199,100000.0,"T-Shirt ,Polo Shirt ,Shirt ,Pant","Shomobai Complex (1St & 2Nd Floor), Station Road, Arichpur, Tongi, Gazipur, Gazipur",Gazipur,Gazipur,2022,"['T-Shirt', 'Polo Shirt', 'Shirt', 'Pant']",1200000.0,Very Large,3,1.7487437185929648,6030.150753768844,4,1,1,0,0,1,0
Zihan Garments Industry Ltd.,Woven,1.0,875.0,350,561600.0,"Shirt ,Pant ,T-Shirt ,Polo Shirt","Holding # 30/1, Road # 3, Block # C, Kathgara Bazar, Zirabo, Ashulia, Dhaka, Dhaka",Dhaka,Dhaka,2022,"['Shirt', 'Pant', 'T-Shirt', 'Polo Shirt']",6739200.0,Very Large,3,2.5,19254.85714285714,4,1,1,0,0,1,0
Zisa`s Fashion Ltd.,Woven,5.0,280.0,175,25500.0,"Jackets ,Pants ,Swim Trunks ,Short Pants","66, Haji Para, Dit Road, Dhaka, Rampura",Dhaka,Rampura,2001,"['Jackets', 'Pants', 'Swim Trunks', 'Short Pants']",306000.0,Large,24,1.6,1748.5714285714287,4,0,0,1,0,0,0
Zon Ron Sweaters Ltd.,Sweater,5.0,3150.0,1124,520650.0,Sweaters,"Nischintpur Ashulia Depz Road, Zirabo, Dhaka, B. Baria",Dhaka,B. Baria,2002,['Sweaters'],6247800.0,Very Large,23,2.802491103202847,5558.540925266904,1,0,0,0,0,0,0
Zoom Sweaters Ltd.,Sweater,5.0,2000.0,1466,150000.0,"Sweaters ,Cardigans ,Pullovers","13, Dailla, Dhaka, Demra",Dhaka,Demra,2002,"['Sweaters', 'Cardigans', 'Pullovers']",1800000.0,Very Large,23,1.364256480218281,1227.830832196453,3,0,0,0,0,0,0
Zoomtex Limited,Knit,5.0,200.0,100,50000.0,"T-Shirts ,Polo Shirts","Tongabari, Bangabandhu Road, Ashulia, Dhaka, Savar",Dhaka,Savar,2012,"['T-Shirts', 'Polo Shirts']",600000.0,Large,13,2.0,6000.0,2,0,0,0,0,0,0
ZR Sweaters,Sweater,5.0,190.0,196,30000.0,Sweaters,"Hazi City Complex, Malekerbari, National University, Gazipur, National University",Gazipur,National University,2013,['Sweaters'],360000.0,Large,12,0.9693877551020408,1836.734693877551,1,0,0,0,0,0,0
ZS Knit Fabrics Ltd.,Knit,5.0,306.0,100,250000.0,"T-Shirts ,Polo Shirts","Mouchak Chabagan Road, Fatik Market, Gazipur, Kaliakoir",Gazipur,Kaliakoir,2010,"['T-Shirts', 'Polo Shirts']",3000000.0,Very Large,15,3.06,30000.0,2,0,0,0,0,0,0
ZSB Garments Ltd.,Knit,5.0,500.0,243,150000.0,"Fleece Jackets ,Pants ,Polo Shirts","Shirir Chala (3Rd & 4Th Fl), Bagher Bazar, Gazipur, Joydevpur",Gazipur,Joydevpur,2000,"['Fleece Jackets', 'Pants', 'Polo Shirts']",1800000.0,Very Large,25,2.05761316872428,7407.407407407408,3,0,0,1,0,0,0
Zuma Fashions Ltd.,Knit,5.0,850.0,300,300000.0,"Trousers ,Fleece Top ,Practice Jersey ,Shorts","M.M. Plaza, Bksp, South Panishail, Kashimpur, Gazipur, Joydevpur",Gazipur,Joydevpur,2009,"['Trousers', 'Fleece Top', 'Practice Jersey', 'Shorts']",3600000.0,Very Large,16,2.8333333333333335,12000.0,4,0,0,0,0,0,0
Zyta Apparels Ltd.,Woven,5.0,1149.0,600,250000.0,"Shirts ,Overalls ,Pants ,Skirts","Inds. Plot # 4, Milk Vita Road, Section # 7, Dhaka, Mirpur",Dhaka,Mirpur,2002,"['Shirts', 'Overalls', 'Pants', 'Skirts']",3000000.0,Very Large,23,1.915,5000.0,4,0,0,1,0,0,0
Zyta Garments Ltd.,Woven,5.0,525.0,250,60000.0,"Shirts ,Light Outer Wears ,Shorts","232-234 Tejgaon I/A, Dhaka, Tejgaon",Dhaka,Tejgaon,1986,"['Shirts', 'Light Outer Wears', 'Shorts']",720000.0,Large,39,2.1,2880.0,3,0,0,0,0,0,0
